ID,BlendProperty1,BlendProperty2,BlendProperty3,BlendProperty4,BlendProperty5,BlendProperty6,BlendProperty7,BlendProperty8,BlendProperty9,BlendProperty10
1,-0.17437008392277484,0.36415058624338204,0.5219206649076396,0.14468351862513568,0.33969960467453025,0.21281280989693446,0.5204910828838691,0.3737274987782015,-0.3522431897830309,0.39793309472821425
2,-0.281188445773521,-0.39534292222015716,-1.1991603908667434,-0.27224029730511,-0.7268408773452536,-0.0864644186875365,-1.1682800734608216,-1.4535300304878789,-0.10991611833742702,0.14990556160461824
3,1.2276525290223723,0.5714046614653158,0.7939121001585049,0.9895581941643111,2.457506690628261,1.0653215929765971,0.7198959774869116,1.3040098434902307,-0.20107273410178522,2.0702730106954026
4,-0.026550602142965663,0.3457341315830129,0.5054527504280764,0.34610843161109833,1.9772464989715093,0.07249076365958067,0.4615427701308962,0.875713043212833,0.7687102185244007,-0.8232640562425501
5,-0.34023797977941883,-0.5730414272536657,1.0523269341590429,-0.035666682593342006,2.402000682379164,-0.19465995018152193,1.0786208505879487,-0.2893672921220579,-0.8077651375227449,1.003521527537052
6,-1.2159194970842429,-1.461750298437776,0.16703653646727867,-1.2883606083938497,0.005231754442111416,-0.6953983978823295,0.046831906676073363,-0.25340832062763124,-0.9948276102091989,0.17168639621383222
7,0.9097122201820109,0.29559323791812253,-0.3395695393801429,0.5245724279898011,-0.1093804855733784,0.4690294170316829,-0.3189800214581344,0.32875207604543855,1.1188895723070302,0.5354648843374568
8,1.612334630046135,1.055354474577165,0.3121141775048618,1.1417241422961522,-1.5223833241000784,0.885163395781636,0.2864010086689401,0.6745207610441049,1.528409999721203,0.43530195774738517
9,1.2107422064935098,1.3823209137419121,0.8881986245319866,1.5124722128219081,-0.5519660025398,1.1882802898863278,0.8564625289059302,0.21523933073618326,0.8405830113755237,0.5383781742257685
10,-0.8360116543151895,-0.9766700773893588,-1.8306437707398977,-0.5209654239654282,-1.2005998113099718,-0.25170337882169,-1.8244662013944972,-0.1979910248895882,-0.525545469440142,-1.2375735299431256
11,-0.19493923955188566,0.0548001214777019,0.7239011787950773,0.2943466180272755,1.6829425979148305,-0.18940654830362091,0.7102493997812104,-0.3371277021469089,-0.9656375288572453,0.6922428362097962
12,0.4236624284633678,0.17358490187447917,0.7150032480429687,-0.3201208816993962,1.1522044116178125,0.009095370591330336,0.6924770512117878,0.5356958033313,-0.5534466180618531,0.6828820337756593
13,0.8439415040154344,0.23199021337227527,0.7104297162076317,0.6267176746976112,-1.376010775840802,1.4962141913662277,0.7178122025230301,0.8358597726200108,0.9874969017829449,1.563842447000988
14,-0.6003300734700756,0.01923824500430192,0.4015483240240601,-0.37804913418248326,2.5579707072929927,-0.48550476415667093,0.4251306263366155,0.2617338374464489,-1.1565256362140992,-0.3736233702953466
15,0.6465911805371547,1.6643766241923041,0.6342018999955699,1.458824194398311,-0.2187441264321948,0.8070002915215707,0.6161005140653154,0.9755364710600857,0.5209212624753955,-0.8598013374599535
16,-0.2621116932120356,-0.34095082932970117,0.2578123437497666,-0.38751643155135346,0.5508253747251111,-0.9931376388965467,0.2490024812920607,-0.09812222940909585,-0.9866862377045048,0.5717763718206051
17,-1.2113468504349925,-0.6896167739562397,-0.08555910110508941,-1.3604353971752485,-0.7924871363848149,0.1777679069168092,-0.13386500219720485,-0.7707369059294458,-0.29237213582727745,-0.99388977262181
18,-0.10929844705086479,-0.17474029777596456,0.49353322592968335,0.009203228691303472,-0.05224080738810058,0.09502266037847013,0.42721122964910596,1.175569683373147,-0.24873365884051318,-0.3256394481840747
19,-0.10117075552429455,0.03344676964241941,0.9355567352907022,-0.8346195249179975,1.6657944111133398,-1.059458996495004,0.8234155072374915,1.0117764291861895,-1.3999795590286574,1.0708300890019864
20,-0.17872203147729337,-1.2126684252375863,0.5551490536243484,-0.5816504373681862,-0.7777065677968912,-0.44410032045501374,0.4751269530385138,0.31061965747004694,-0.8558904382251626,-0.9708684492652572
21,-0.5214534099806011,-1.8911592807727795,0.3009649079932297,-0.8881949970016041,1.7779588199887726,-1.5215431950163305,0.31379614755863167,0.17245618911931493,-0.4468691184949563,0.5458940766361162
22,0.6189441452915552,0.6774142095837399,0.07997486673222842,1.064498563375368,1.3631884721649272,1.0120996467523702,0.06665314204407571,0.39626350472190275,0.5975445828442674,1.854867165007375
23,1.178477191811632,0.8992905712004774,0.8481019383813997,0.8746447916180249,1.5368748587762182,0.03423805803292611,0.8896253158501405,0.9012242878138197,0.014844079973954512,0.7789490069547054
24,0.3498403707273162,0.3977410096408043,0.05521928286989015,0.34607215844110245,-0.9996062707572109,0.5909137955302712,0.018802437508183664,0.45156811311286715,-0.09479495641726997,0.1914295800505027
25,-1.0242930344520642,-0.6578869263013044,-0.04170485056804904,-0.7374437024995943,-0.5565287811749827,-0.37199218991980876,-0.041506513691524624,-0.8832164399784734,-0.23363436504053042,0.01841237759562962
26,-0.41143789367642625,0.1167264643951457,0.38609294058050625,-0.39302995339069535,-0.31103043524125307,0.05138624062658252,0.41213478476202625,-0.5090198106031332,0.10652167154245155,-1.2711341888833405
27,0.7987697676799583,0.6010629960116104,0.2545873295470378,1.2839875150191746,-1.3611740582043368,-0.12138052467902037,0.24581972912120076,-0.22433644855336554,0.4394535103080282,-1.1106829584561728
28,0.06344810275297005,-0.608930527077125,-0.03694618326111634,-0.6923198790249792,-1.1625681890967632,-0.13963636137499716,-0.024114763289021447,-0.8017039742954896,0.628112355767168,0.6350770945025155
29,-0.8484423817050132,-0.8706091470919994,0.06604856514666607,-0.4982221463781423,-0.4410769791955622,-1.0126284114247963,0.0039924113379470345,-0.9330330282195005,-0.5625038788938256,0.1498023022749285
30,0.1334610134107378,0.8351683162148663,-0.5255141215550738,0.07442238834352063,-1.7244396859288367,0.6153791623374794,-0.5409575590108656,-0.37370864925832853,-0.08403712765178457,-1.2222925259401125
31,-1.0558255667330425,-0.4286088265927266,0.26072422758695807,-0.5354746919636966,1.0686599749140755,-1.0882216369467836,0.27079014052247874,-0.03981896680820571,-1.9176571361022792,0.5108203243181814
32,-1.103359379866202,-0.47160759738565927,0.014391197325346836,-1.0920864855472723,0.37472457902646655,-1.3200107587415701,0.01954777558506652,-0.12824633788010945,-0.8039999617728252,0.35660045024002135
33,0.7647761422506876,0.6326278798289127,-0.6435688406090521,0.6543215570643176,0.14249211425210365,-0.02575860979386746,-0.6223579919606697,0.11807064116946002,0.7531362578806453,-0.49064923381927683
34,1.1534594582135542,0.8957073403010667,0.37415513109726434,0.3555757289799687,-0.975704155545247,0.49995130111657704,0.418078459468745,1.661992666134597,0.04720117967107396,-0.35213854576457654
35,-0.8180467480039273,-0.8052510154867424,0.0620784378113431,-0.6044662612954634,0.11225317784741529,-0.11856214351579687,0.045119214924937874,-0.9270840143769691,-1.9701985107197892,0.17204436189008981
36,1.298704514877505,0.23106262982623893,0.5863409521535086,0.6037567580903511,0.7931579838266946,0.1431503068872368,0.46493485129356144,0.9486539531576351,-0.608901598102515,0.7002502530294668
37,0.5104353476719635,-0.05039272042817739,-0.6145162853072158,-0.01785655612546728,-1.2737620215616638,0.4715644448198941,-0.5946996060055253,0.005819408758669526,1.2714595876793977,-0.4232869775029044
38,0.4629695337193449,0.9630856028360297,0.523511458589496,1.1138300745694816,0.30363052539611374,0.4224003613672322,0.5203436010941875,0.32624075802482755,1.1533550160609036,-0.7824945192989315
39,-1.5339254191689844,-1.2062186096186465,-0.3012464967599025,-1.3522739339262222,0.23404982231220942,-0.0470298112827555,-0.2511590139388622,-1.1903816595064627,-0.5186685888254968,0.08447081277578689
40,-0.15411229296244983,0.8291430796534414,0.5866883668656377,-0.3744943635229074,-0.23863960596597514,0.4971768624553608,0.546679408419288,-0.1297010290878524,0.023848600045506912,-0.513995479866587
41,1.5629433656129839,1.4199678249499876,1.0132884915065883,1.3069847047964307,2.3388584035282065,1.347403665948025,1.0309255569702147,1.0104563774061248,0.9424357106248751,1.4271036890437634
42,1.381353343434794,0.22242771943996012,0.7429404192690202,0.6375270793563218,-1.2095943541337386,0.5799221089936993,0.7556452461404756,0.7486280582047733,1.0994938360729056,1.8054155836234462
43,-1.553085679496042,-0.4850535023153735,-0.9029733494145381,-1.0549064863017095,-0.5041109705957595,-0.789697491931195,-0.9311848595529277,-1.3976107638401214,-0.8093782329755629,-0.94601599379554
44,1.0381471636357893,0.2763438510939659,0.257775773780069,0.971856887206424,-0.3347360287833165,0.48785802151244334,0.30330273893153525,1.3882838809126623,0.3081740394648425,0.22571856146279565
45,-0.5998111323554345,-0.5552118111632383,0.25565471553759384,-1.2982269106326725,1.7846245141801051,-1.2197415454544773,0.3114174090153878,-0.24113857104441191,-1.2748437435942914,0.50371057527128
46,0.755150082816091,0.698548511077247,0.6211761339138167,0.44060003944982207,0.7526277289533166,0.6249737803619585,0.5559453879580704,0.3355455132550403,0.7156079909424347,-0.8230231178066072
47,-1.2031523526959622,-1.6869692060104924,-0.8049384031470269,-1.2905369985935904,-0.07239697893297371,-1.6039520541255112,-0.7961977905266232,-0.9357755748224293,-1.9373191488585193,-0.3522555730048915
48,-0.1825407223002123,0.23262032114553005,-0.5684792647038348,0.08138683698268939,-0.44047671912899367,-0.5987839885552877,-0.5631083723255518,-0.042652248677613205,0.6750876506204477,-0.7446424026168127
49,-0.3482129713917969,-0.5115180287920801,0.8677080133856595,-0.05434736514111264,-0.9154214675236606,-0.4556435611547105,0.8516923652138786,0.006409187990782833,-1.0999142185242485,0.24582797172209914
50,-1.5995565580702436,-1.1348703976796561,-2.09282988286553,-1.026286955175125,-0.5624685483815801,-1.179719017678014,-2.0716853265424366,-1.5733093630723423,-1.5317555648357903,-1.4341572650153127
51,1.1756617871436874,0.7125677329508673,1.5235675636855404,0.7958957395574222,2.4637793414797913,-0.37700011988994464,1.829675829103275,0.5121865884810105,-0.25583693881695796,1.8864865485494218
52,-0.007594339357524951,1.0478310418510057,1.3013752846707205,-0.3270127839985737,1.0238008957744438,0.8045258740809557,1.4646235114772097,1.0576050561182622,0.2719488552169861,-0.8848465436784241
53,-0.10293038344176017,0.26349019338460683,-0.6085965214623767,-0.28645937994341325,0.017472247024512687,-0.47141134308186383,-0.5979838510208972,0.4806121792183732,0.47354719601894685,0.4214610771957779
54,1.2299955183307811,0.5891098785962168,0.17299515590492198,0.8995644594050505,0.744931298656584,0.06889505478843616,0.14276801795079153,0.7899462643096189,-0.41776908234371907,2.0358036696539163
55,0.5569336645119951,0.6866332542147525,0.5196853255098586,0.05254966683613075,-0.10560914114623181,0.8098641304454917,0.5245032218934734,0.36781507173666944,0.6147689433811373,-0.2960824976536948
56,0.9280481395660406,0.06537673736268039,0.3538085142066229,0.1501244941244867,-0.10261586210603994,0.6248798343231838,0.35372089526843553,0.38205465468570593,-0.4967374370112253,-0.8955662388912776
57,-0.21759012447996345,-0.05970371211623191,0.4417638625761643,0.0030005166220437875,-0.20520819508697807,0.8553279521774048,0.3006226935061469,-0.04174050559670364,0.005995209463638414,0.8702853260429009
58,-1.297837036208714,-1.0513148617558066,0.663291025267103,-0.6157834903341128,1.2352368224741204,-0.18444256083549188,0.6560712507202893,-0.2105373706883638,-1.3462881785620098,0.21532929610494947
59,0.17413048821366195,0.5240140665360485,0.5124261865248354,0.7411957992039503,-1.378477323330375,-0.03577598499282994,0.45150925095549366,0.09272623238103098,0.8150809241728763,-1.4301618173518529
60,-0.8608373200524468,-1.3286028468660778,0.17611274582166384,-1.3037404324720148,1.6301143645283998,-0.27496259971173426,0.16498860759608042,-0.6675401750300322,-0.976410793942853,0.6262615013291406
61,-0.04915257537977885,0.020206393428444717,-2.0434284250499455,-0.6494087189201,0.04284493255546464,-0.6082407180389865,-2.01229139676903,-0.7236979876203065,0.02340351948197101,-1.196766819640819
62,0.21105523621460295,-0.40271491273471893,0.23229336176998608,-0.08147969629787476,-0.9619850713512094,0.42466870362601994,0.16459532282359748,-0.25077407095566145,0.9969773750582805,-1.0628394690332783
63,0.7140535254406585,0.3418399032847851,0.5719278128463433,1.1844176633810573,-0.23178407451528144,0.9410128005741601,0.5787495614593011,0.7710689384658751,0.9392532559595869,1.2569681102827637
64,-0.24169404452903923,-0.4062116052275025,0.4837987571207368,-0.5420401357329131,1.0170991057661893,-0.826831936644699,0.4041327083025548,0.23115751611508017,-0.7669193481181721,-0.16848700914272668
65,-0.38347830079396156,-0.32391898917536865,1.1952126626378616,-1.1079378608353807,0.19952350498662,0.9024388601052454,1.2178420742212268,0.5328961813188124,0.48638120984092914,-0.7500944952244286
66,0.28355906422265353,-0.3377759515365627,-0.15500547356130653,-0.09344984239644624,0.7890510819903982,0.31068488393659766,-0.1594840163079407,0.38986959537921606,0.5659335719530767,-0.2375702542872609
67,0.6547152931594864,1.0315050305757265,0.6190413619327042,0.6229452650180619,-0.14145362423047672,0.9771517203283979,0.5787892071016881,0.7957328327557114,0.9526468363860165,0.8849770634711521
68,-0.5661384153395846,-0.2199457979378928,-0.7701397913564173,-0.1358531781213859,-1.0501310562712654,-0.029057327961790645,-0.7995105804045143,0.31186507217607284,-0.5784766111407498,-0.8471596419238091
69,1.3042720969051742,0.9557298382727101,0.23549780536476012,0.9741783700861458,-0.4594537606544625,-0.045817604330831464,0.26545542288283097,0.9944781896735878,-0.04443010293705577,1.781458042344374
70,-0.2859042485923272,-0.35574619253776,0.4509429249703249,-0.4155918651280031,-0.28802937857019445,-0.5277244170334979,0.39767364024479934,-0.5249160439014311,0.08106332058015248,0.6557151925298306
71,-0.23401968087273117,-0.34703285672047524,0.12412167702685176,-0.6670374795379966,-0.8033813886842884,-0.914269939345675,0.047022205759532525,-0.4490145300197434,-0.8625383467579895,0.598037284547289
72,0.7579273125054877,0.5982369761701878,0.22027555547803018,0.8306091632432797,0.2786121136238277,1.042321481322527,0.21253324777274202,0.5940971185588693,0.08831324559776275,-0.8440425869582425
73,0.30934626223209966,0.422363890651474,1.4347322504201432,-0.5104462046666831,2.969666226268045,0.28722564889948543,1.5489910243032858,0.2782754619143788,-0.37976228948170615,1.0002241129422946
74,1.3060174092056838,0.6975992929295544,1.0976005566449818,0.8582493187799812,1.5608611975609967,0.4713598848967571,1.0421484454172385,1.008155799359271,0.32254653985905046,2.015473972824608
75,0.8346339670581014,0.6073018742643962,-0.006574823427051853,0.9110267811236834,-0.5513483630058257,0.24193305139953164,-0.004402949894008166,0.32502168581552177,0.803694065362393,0.18337122196151853
76,-0.12329912043349149,-0.08843716744169758,0.01727793930837082,0.28633024745823227,-0.2847994713968567,0.6100272686447336,-0.009046247530419622,-0.2545659270112578,0.3881406095002803,-0.8874335340849164
77,-0.4147984847567658,-0.17470784587347943,0.5928001230513908,-0.3923770363307735,-1.1271581926976746,-0.543420981802225,0.5529196325310642,-0.5717339779325329,-0.46149889089120877,-0.7373440331943449
78,0.2995126263516466,1.0303475793870867,0.7935921129236482,0.5151776769609223,1.0190950707536868,1.515641323029501,0.8448193966495995,1.5285166987279297,-0.12483146265594923,-0.5632763391587614
79,0.8069714232274672,0.6399836443922319,0.35791349330520683,1.0446934125577316,-0.6400959448745589,0.5171782771621075,0.3544868490793603,0.6769398803261971,0.6441018106942251,0.28627671634814816
80,0.7230079438464173,0.3482843102533106,-1.63600696389241,-0.36930730021352637,-0.7100830601193464,0.07625466624530536,-1.6385630267629074,-0.5219393417721049,1.3953090431035422,0.997488429101049
81,-0.2825448504800677,0.5121204442752113,0.95030357557136,0.0490674425165463,-0.4560273318112237,-0.6967257644946856,0.9098287352107577,0.6693869011278438,-0.12607537278583383,1.1628534268303834
82,1.4629797983478334,0.9572794166163797,0.889540285295277,0.27254644285987734,0.3311408854180285,0.872282181658753,0.8335663775143612,0.6846406702005889,-0.05309888304594026,-0.544490025110549
83,-0.37009200597234826,-0.31974351105560195,0.574080869812304,-0.8918223140011717,-0.7324317183216185,-0.2778279538943443,0.5793046004527245,0.1464810238816532,-0.6551526722700407,0.5955948572023622
84,0.6974247433785906,0.9126580506991866,1.0987433681980392,0.6852988442406207,-0.4780431063685608,0.9774911382749363,1.3143712843060609,1.5865140956724648,-0.18075596410034214,0.2764065012208755
85,-1.0929793646052761,-0.6032730787438664,-1.3791920660661525,-1.3893451136617987,0.06098374899910979,-1.627491597873188,-1.3895344744964069,-1.3230951579802983,-0.8227139272015327,-0.014614086412323922
86,-0.15584448261408287,-0.6013232602695454,0.7805114918873486,-0.3649182466440501,1.1637390304471003,0.1697567342232806,0.8161540113778163,0.19967530559096197,-1.9209026224080683,0.64747372122953
87,-0.4927160019102119,-0.7550208790900176,0.8572581445444988,-0.6466882311704247,0.014421482053669644,0.24911689284837227,0.7883846176239879,-0.5200646340888866,-0.48589985392510676,-0.9786473187685472
88,-0.16608492060969193,-0.14567691477523234,0.39990038976455067,-0.4965898537283367,-1.1187532148836121,-0.0028721425415403506,0.3624191492082305,0.007224341917053773,-0.5273849642547598,-0.16370541378256237
89,-0.32381200229088997,-0.21516725529694242,0.5598300097456729,0.0012231312922558835,-0.47613938624652685,-0.4253080821828101,0.5007903702687236,-0.6715193555067464,-0.6967779958408071,-0.5167779746039586
90,0.3345739582121937,-0.5646688364124756,0.8769396451112604,-0.23473383952958596,2.0131324254011074,-0.8369008306391191,0.7998089059343398,-0.07199779002335595,-0.8142393874541909,0.7794363909908409
91,0.47075722934321784,-0.190820215457397,0.07844121362802482,0.40599543527395177,-0.8903576017596966,0.5461697216760626,0.09438923345829935,0.11098450955186127,1.2080690527356779,-1.2983657393091084
92,-1.089022289485118,-0.24642925469104895,0.16637827701271765,-0.7111456542527322,-0.4883491305404401,-0.7337405037716878,0.1290189091708427,-1.3257133094598277,-0.9812050577009497,-0.5541124178465663
93,0.3601416500949861,-0.36407551417563594,1.1585672673775094,0.2872370767081239,0.5927446501088773,0.1433624431038236,1.1964048824695137,0.3249543661016822,-0.22794093563528833,0.9888173989892391
94,1.5061902951603852,0.7680685991762349,0.662561911496252,0.7596225695617513,-1.0229669487153668,0.7455823110436467,0.6745873515408992,0.7388798709464452,1.0368352399750023,1.7763501475023895
95,0.7257625071423,0.576829537830764,-0.2539135278553541,0.6332105721268368,-0.2641125576550396,0.8117294138927648,-0.3211954199547426,0.1366464917729662,1.3458150553502486,-0.8058972137798049
96,-1.0929960661583893,-0.9716887103578761,0.4831519257817062,-1.3053364519518247,0.762673061114103,-1.64008036706892,0.43056683682077496,0.14436337983979744,-1.4366845555603265,0.05837236139448078
97,-0.05729219658714631,0.14577632576984242,0.3603522531594319,-0.09533604723622129,-0.17296393552003456,-0.23672201615459823,0.32781008922972865,-0.5588495700925203,-0.28740807254783113,-0.7072762931797666
98,-0.8884521451598972,-0.441730212497589,0.2107536496179524,-0.6158197635041087,-0.9727790574925714,-0.9620475610970732,0.21071906317709468,-0.18918238668092943,-0.2323081278699911,0.22156340603608224
99,0.2790377152008274,0.38676685795038135,-1.5115456432719905,0.2936574277973577,-0.04535720141313506,-0.7117495544050957,-1.490978158411582,-0.5809684865048266,0.2116185707375837,-0.99259971939622
100,-0.7025364207249423,-0.299009449692746,-0.3302396258609794,0.3477407242609038,0.6555366658474978,-0.2876619827918285,-0.27112773109654625,-0.04393571365667831,-0.38126990341368633,-0.6481830439849454
101,-1.348536986625231,-1.741466767584025,-1.7767922047367082,-1.048740047402445,0.4969075824205217,-0.7491476541306435,-1.7610347594003573,-1.7303925979559764,-1.1117950395786573,-0.42010521335739903
102,-0.6097724158204073,-0.9112767895564093,-0.23605138328106057,-0.6289506510425412,-0.825569621033581,-0.33387585757524496,-0.2778294304857119,-0.5581749094820885,0.003798106566179507,0.11517876063444092
103,-1.6553492892187323,-1.5223271830768759,-1.0941268666483064,-1.1049271877257403,-0.8894217842839778,-1.1494608168992988,-1.05134287250065,-1.4932310999885428,-0.9074631837549755,-1.2564534657835906
104,-0.7981587771482892,-1.0018500493926914,0.7899099740996962,-0.49024204897909435,0.8563938444252269,-0.26569527756427486,0.8489076552925883,-0.32251786077175665,-0.2324200411908805,0.38635703547446765
105,0.5015035956597163,-0.0015363812366607243,0.9879706443601458,0.22785789742521,0.12830913196653237,-0.007914923461544652,0.9992391737485113,0.5288496811282589,-0.7777582175643003,1.0134784805012642
106,0.5308374877699232,0.5694899992186866,-2.064623008112957,0.38278060647672213,-1.5386037147185005,0.09827743604438643,-2.049491695933972,-0.9375112526618493,1.8632842421022133,-1.0629110621685294
107,-0.42572249346200697,-0.6341862201862567,0.14349004722807554,0.07344301275363746,0.33642959103794756,-0.3306301734614687,0.14761747292761818,-0.08282601964719148,0.05933284092747525,-0.8647027136425578
108,-0.8110380605360571,-0.0208209242885098,0.32036984816415137,-0.9260279133070892,-0.8054094388423816,-0.10720679489364779,0.2423546999765417,-0.31099594540096925,-1.116532703496304,0.15852978082030192
109,-0.006834418690796593,-0.3295223510044854,0.8515440867792102,-0.5073629852170515,0.6921592143186964,-0.6467025293648474,0.8021908161289754,0.06357240587252608,-1.2427735021794515,0.6932355025658795
110,0.2587596437831492,0.5707177628627114,-0.8046915558515663,0.8414911142419815,-0.43728825530100934,0.09000715411488393,-0.8143332931803136,-0.18041472568938988,1.49348275272366,-0.7498962373114243
111,0.061179077465499256,-0.30863684743003145,1.1243720600869136,0.1009018024403605,1.1872387441445067,-0.6779668619136604,1.1760745970532567,0.23097604558212242,-0.14871273624571696,0.954023135256997
112,0.6138024528683179,0.19053831659780568,0.6872009285801784,0.38292569915670494,-0.2688705210780153,0.6169504855989105,0.6128273698298119,1.0921298250135054,0.7121361052748459,1.5026330699430588
113,0.17373084390698254,-0.29672699921795154,-0.3400106646396234,0.38027775774702094,0.18874021390212417,-0.17142800394789667,-0.3454046350221821,0.26556813419120456,0.17465244312383935,-0.9557733120556849
114,-0.5664235347106181,-0.923002743654406,-0.8308207992006801,-0.8815932800623927,-0.8119147071807359,-0.5938927335042744,-0.8122780630789512,-1.2451433197705932,0.10666831658361703,-0.08259176833364698
115,0.7635664726179339,0.2204157014858758,-0.7604304644016373,0.6539588253643608,-0.35965283751538235,0.7134648878524178,-0.7654026413457884,-0.12722776134028144,0.5784086913322083,-0.7812292483124668
116,-0.4392817686551666,-0.4539186062060008,-0.9781886345905917,-0.4660478445919818,0.3741550672483864,-0.817488851562744,-0.9694571768880249,-0.5980252531308303,0.5387103350567526,-0.9583052308196762
117,-0.0959992388990654,-0.288789804735105,-1.606296149136014,-0.6910503180751306,-0.7973119439131989,-0.2292699739176447,-1.5772740352833818,-1.0998820120259432,-0.242605439751817,-0.8597916999225155
118,0.18945535616468473,0.05034880218681091,0.48746032533673433,-0.2242871665708326,2.5828139875091085,0.6680177339660931,0.511834060412157,0.35903277602473055,0.6061631949127527,-0.4159321596468729
119,0.07386867892860413,-0.3504267848553892,-2.042139333618097,0.20827038562754754,-1.7187418943838164,0.29854917708914724,-1.9946601866865061,-0.7972462384617015,1.019250698635271,-1.3688133843966088
120,1.0005734409995248,0.4252548142978668,0.2124427250933716,0.6185199382785901,0.2901306898678169,0.26725756988391586,0.14821532921482017,0.5561800214749457,-0.3173956971061222,0.3054099817441184
121,0.41856248992291734,0.047411905011897376,-0.07575834922606561,0.49696854562309534,-1.1202598810195183,0.7497553334756454,-0.040911829055713805,0.620498154160166,0.8947477723259327,0.21411771996992357
122,-0.5482582097619768,-0.9959032382622722,0.20924285274481,-0.8903351140313489,-0.1299671331570827,-1.0282855794675863,0.2102258713857957,-0.4510355849069599,-0.3523448122238389,0.5690585862631721
123,0.5777426067251131,-0.031243393636683478,0.19900097560630567,0.44912423439880483,-0.24316361502002196,0.714727098341108,0.1920586522181949,0.6921409644055023,0.5456322382717568,-0.9865762584976545
124,-0.5532806053772518,-0.7004557093863071,-1.2038664888422357,-1.0352827013340502,0.1097545451872462,-0.6001007483568161,-1.1606284644800533,-1.3374430378602926,-0.31071562957304005,-1.2580092396842484
125,-1.6670690076330916,-1.7119057887451867,-2.2592689574528686,-1.7126478778332166,-0.18098255440483593,-1.1721336326763487,-2.236588997314271,-1.535346898355178,-0.7500333002639903,-0.34154413853841314
126,0.3276559363183759,0.9668337975730733,-0.256343145217155,0.25995965287137923,0.3940465361358425,0.5828480735239062,-0.24819510571398012,0.027499283558980583,0.6215223334348017,0.3881358495272552
127,-0.5730588231695605,-1.5923124151114851,0.5219983760932473,-0.33684281306740055,2.184143710913951,-1.3156059017300152,0.5619524956926084,0.2711673782161802,-1.04801216483182,0.36430084265274765
128,0.3585144416343603,0.27782582130745787,-0.699338044398273,0.5864181828324211,-1.286003851026174,-0.5715638814498328,-0.7105013557677213,-0.45127413084947693,1.2299063002692026,-1.1942817117729532
129,-0.16805928278149196,-0.49389123709218524,0.05336107128461821,-0.7440454194388068,1.8946953656741425,0.06046264017911379,0.07642658580541711,-0.4556747912737067,-1.2493146428314295,0.2587945899490003
130,0.9976220379705026,1.1761945421313402,1.4982177178156113,1.9161925948737304,1.618462100073594,1.2893207698465816,1.5855855380525494,1.390120538322841,0.5472774927248295,0.1260567868194852
131,1.3864878780495542,1.1950058282719462,0.7692456555973046,1.111689957539736,2.7823997912019682,0.9137351136384882,0.7659721430695448,1.5086954334183988,0.44218959804977054,0.3969624570291309
132,1.346449483360758,1.245790351336127,0.606097878282772,1.9072693950547943,-0.8835662406501945,0.9009190556392701,0.6438556353878845,1.9303392898020337,1.8260273971261602,-0.06157092239094918
133,0.33397389526813676,0.8968161136359782,-0.7829324238813459,0.8887187815763454,-0.5392348742237004,0.31605496073362094,-0.8692789818778559,-0.20909292378490066,0.5247713379859893,-1.1895152611144775
134,-0.9066544521190057,-1.7020268887636407,0.08411870142361601,-0.824898315359158,1.6017243360793094,-0.789791437969968,0.05607409882942323,-0.272383699098053,-0.29393506323969754,0.46311038362835255
135,-0.22352871958039924,0.2525971714503972,-0.9900830172348171,0.44237742477961006,-1.2843153689235551,0.41217842624513173,-1.00274524406218,0.2547179524867696,0.21870384167388526,-0.6312609050353971
136,0.6572777885945491,0.07594253594683045,-0.006798814491451346,0.21987780002616242,0.8635234367080953,0.2867816781033437,0.009076568517707464,0.565101347030682,0.7573902504344487,0.12187409557152096
137,-0.5640244759024665,-0.564722922916618,0.5946103365514342,-1.0759449248991984,0.7583549319047148,-0.5207239218861358,0.5561007988762288,-0.37412281184564405,-1.7935954312764482,0.6404162902430045
138,1.19602933116734,0.24631502399429783,0.170896953893508,0.9636954239573976,0.18900491655954177,0.39887900072383553,0.1526937009789007,0.06021812795688457,0.7269022318321819,1.6433755363101197
139,0.23342696661204484,-0.434382560909891,0.5085680547217117,0.06081994959514369,1.742341606862916,-0.6805155270300806,0.4705169577417071,-0.07370273494993615,-1.0044084195653311,0.009189254267745639
140,-0.9279071784577485,-0.42440089657047486,0.8115159693218073,-0.6819457524062171,-0.09697823025588846,0.9975561938466594,0.8046012711861289,0.5772027973293032,0.33307796926273625,0.12733444892551224
141,0.5684446135124177,0.589512823052075,-0.6457698956602408,0.5241734231198488,-0.3429404742811537,-0.31016660485429987,-0.6469414618922465,-0.23112256840276735,0.16080477761380202,-0.91550079668564
142,-1.4020225175076997,-0.6189689822458904,-2.11128857507052,-1.0524761839119998,-0.9292114064694307,-0.7064052370057997,-2.087646662167603,-0.8870639079715886,-0.18235105051301762,0.07047986199836377
143,0.6057296378734098,0.9085609980104253,0.6982244888209742,0.5023732479524505,-0.936621743995015,0.18134543268367476,0.6785804606421574,0.6240675624656844,0.5176526216894215,1.4540543740927743
144,-0.08410654011315932,-0.33278917585466544,-0.13472513974074266,-0.13150039772190542,0.4794692922015568,-0.3217219676235155,-0.2248041767054159,0.7817493574136725,-0.6969709498423409,-0.344300474245597
145,1.0280653903947723,0.763917459983333,0.35165317161755616,0.7733338278201148,0.039905128799599385,0.6129986909356384,0.3509948608978778,0.08093942857100636,1.2436150388981368,1.894269548425902
146,0.1397288677011532,1.033151964626852,0.20956283997966596,0.23623699969421022,-0.5985563440095111,1.4215255752821139,0.18463540213757862,0.4945356522067737,0.6687574730101454,-0.0346987144325018
147,0.7338866197646324,0.7450331570621346,0.05905227281884615,-0.178437879696304,-0.3768852478896887,0.14530652000297187,0.07628227566712728,0.01946921247559279,0.005160361817004942,-0.3387313543976658
148,1.0232112032787277,0.9361315934968366,-0.10013909089900105,1.1572490590542994,-0.10375889630852501,0.9390823610032207,-0.0991909233651878,0.9349119507021928,0.793138195118513,0.08963102567814663
149,-1.5028987053537697,-1.1325609039527913,-1.5738425866522774,-1.1676072254782601,0.036227366120024536,-1.236715473298796,-1.5499645309812475,-1.6515568226341233,-0.20103928874151988,-0.26677612309669557
150,0.5676524827075379,0.958839812260878,-0.21382826982029826,0.39750751349496455,-0.488857145741545,0.5924123863745875,-0.20252015403230825,0.2587146946279632,0.6867459313930879,-0.9149239212304401
151,-1.2767883074115896,-0.4665748481752409,0.11369237879364599,-1.3090725884613779,0.5761124998011398,-1.248257198739803,0.11400748313727872,-1.162078110253188,-0.6278213811328578,0.230669502123651
152,-0.597159164314399,-0.2168926147790739,0.05530385092481656,-0.35294810054547876,-0.21742061314510697,0.1882838022247505,0.05877317416315713,-0.533761268911089,-1.5449240322604303,-0.8359140125250691
153,-0.6961957953816686,0.09948639119986627,-1.1287106298669416,-0.6415374410310392,-0.45863157815793804,-0.5604282453377198,-1.133651983573974,-0.6978486809780833,-1.0558936926144484,1.0168020541262097
154,1.1064362354184807,0.4706387999234636,0.5971290932143741,0.7402526967840628,-0.3141413599069638,0.9440524095061094,0.6247464357571589,1.1725944447158612,1.8884325803020499,-0.019654518492243825
155,0.6104931594154026,0.39142911460742674,0.5436500837774806,0.2659447259206649,-0.8238169685897699,0.39983664421585535,0.5919341162916537,0.7542038866771094,0.1975869557460836,0.43985087541798207
156,0.8863920801612569,0.4492232486084175,-0.6169641876538662,0.5256968962596672,-1.3271851674862303,0.2374327330905133,-0.6504857823216799,0.1723478921883558,1.1500169118343775,0.465309118955212
157,-0.08807673788219256,-0.1521781125731073,-0.6053715072596471,-0.43724694761541877,0.473969359208547,-0.4376438031773284,-0.5888780398773601,-0.0987134721132488,-0.07074516966616312,1.1546160859032708
158,-0.5607748308535337,-0.3139373248359528,-0.38606368460474705,-0.0987457252158144,-0.004590318406610319,0.13626194088292765,-0.440909401707726,-0.3730295982317761,0.3387984122281923,-0.1580963669938179
159,0.17144034519407858,0.11722406023325252,-0.056584256988861714,0.05566915945575837,0.821423682239725,0.48021657193925127,-0.07113608098616976,0.675889107401489,0.44776854141410233,-0.6757229956087194
160,0.3166567706241181,0.11248878679561577,0.4747796883440047,-0.24314921496858177,-1.364468135718866,0.20950500017687215,0.38353124669236693,-0.10116478778022076,-0.6492367025830302,-0.7081519322955353
161,0.38914270411097385,0.4572469814978908,-1.6558553149459185,0.15037840631445604,-0.41383800624160466,-0.020953724488178463,-1.6217532743906506,-0.9340237987905692,1.449193377571724,-1.1605324324571722
162,0.9455525601985622,1.0587754459641503,0.3394022317687763,0.8549121871403795,-0.4533762945907226,0.965173600384697,0.36476617123756455,0.8709977363000071,1.093447944024863,1.5618915340653836
163,-0.657219142283752,-0.44995406545238836,0.5236463103527568,-0.02558274133454526,1.9276187613520372,-1.0160589570987413,0.48734415419661375,0.5427365673156596,-1.6521176982722228,0.497808271986217
164,0.31269611659972163,-0.19169371249929143,-1.272268331538958,0.45851898542768404,-0.2470285411947404,-0.6308256488120217,-1.2780858162683473,-0.10183798491861289,0.3146277076361251,-0.7639188542832858
165,-0.6330162058840645,-0.44039427584528007,-0.5877767805887694,-0.33560952528754767,-0.3934264902140713,-0.2281820181782932,-0.6423948996232596,-0.4784376353836052,-0.5690913285061717,-0.8014061213338347
166,-0.929188426175279,-1.0573644372440942,-0.22308047215385418,-0.8177162277000153,0.08968126033307905,-0.2475152038027927,-0.23560047804035184,0.17448748831081154,-0.5148326632750156,-0.7541835646801409
167,-0.4979924997264489,-0.48128908162708683,1.3873375696917294,-0.28156250199399757,2.4604545156767736,-0.891536513221029,1.8524070546225126,-0.022043635410569747,-1.4035196217767885,0.1357590334371293
168,-0.20564254916239308,-0.35699288645823424,0.6045025133547031,-0.5750487204289741,-0.10098352905196492,0.3604823455216389,0.5768481564504018,-0.15020719931209725,-0.27320665803498306,0.24572195881028427
169,-0.03336602878193528,-0.08870759996240782,-2.488807229130742,0.10246154875017455,-0.6959990071097792,-0.35835183119328257,-2.431758151484645,-0.48271829110055575,0.459959375230974,-1.286780042517924
170,0.3029054275701358,1.5457027211290182,0.7085920752303149,1.064825021905329,-0.48223556865978046,0.4970177602929202,0.723944590487513,0.9276882527128356,0.5146772709857786,-0.5482651862040043
171,0.39404103104596844,0.020977126112468804,0.011547882181338889,0.40127992317451444,-0.6857183836979549,0.7029702061661353,0.02062930870939467,0.28936857997745075,0.21977795228242067,-1.0015984257809116
172,0.2860297011155828,-0.07246812709375647,-0.7295516962380155,0.8368481484825349,-0.16616722688209987,0.445806562350197,-0.7568042944248096,-0.39386212272093696,-0.3292713727204901,-1.231742819793313
173,-0.8305562112870065,-0.8007104534640171,0.24996579962647192,-0.3314018375680501,1.43461808320443,-0.79888147485071,0.2801417546488182,0.2288013261307074,-0.27463580400633986,-0.6746367074603841
174,-0.6826639584543408,0.4175204442055528,1.472762733282801,0.18661530314013178,2.447629805613103,-0.3009992897803739,1.5251433774944194,-0.37786490985188054,-0.9096873002126488,0.6698190401743807
175,-0.392674891719888,-0.6635146270572848,0.6642898425644755,-0.2069485913129017,-0.6528885697676344,0.13376630982065435,0.6591731257806792,0.03281461400819945,0.38959033723180037,0.7249085809593667
176,0.9591333088171565,0.9944206190107276,1.3985942634893491,0.95411930707854,2.5545790373845656,0.7127678688550607,1.2765810579823949,1.150554555793714,0.7977703775153219,2.043988692520654
177,-0.0013849405030121665,0.09797737773430289,0.06877302788915576,0.24780814092282907,-0.39348932367315526,-0.8785158952986727,0.07358002868200218,0.2530759368579083,-0.5705487743977524,0.8195946327026963
178,0.7816327812159659,0.07768682570541167,0.3815674068303973,0.9463205755294716,-0.5361145913832328,0.6425553269409275,0.33813381450740676,0.9931142337323235,1.0943934186323767,0.9862042495525586
179,-0.8597218948979859,-1.0128485400099776,0.7566541579057139,-0.9945116582589165,0.5198284261650891,-1.078195170195681,0.8388170463921473,-0.09701438107482828,-0.49555269944181196,-0.017442015254759084
180,0.36071069586897364,0.3836812228890774,0.28085142465941254,0.670245478692417,-0.17442381078215582,-0.42478683319348304,0.25780698555345416,-0.03832183491130315,-0.5020938400937891,1.4505215282263244
181,0.07479919403072054,0.13843949148297272,1.428554211164313,0.7628146085213701,1.5906014769393386,0.19888455201932698,1.5774343939777,0.7449196200554559,0.37486666055480167,0.1251219456880278
182,0.15427592046425465,0.18962695900301177,-0.3643205519962694,0.07790461266310486,-0.1227265796592362,-0.0890812704450022,-0.36723986902346506,0.45147737784638764,0.32170268769234467,0.24571920522815927
183,1.1095797063083255,0.7125569156500389,0.7137758684349848,0.8101873685357167,-0.3885081009381153,0.8433998357704722,0.6783695458246568,1.219715317459239,0.27752908494132844,1.5542861402359716
184,-0.715792682025875,-0.34126993970413916,1.473055293040385,0.1326045530165773,2.608483460868074,-0.7932568345937814,1.511879531377291,1.042219574561919,-0.0481335334064846,0.3579937627953008
185,1.1140461787984892,0.8918266336288744,-0.019141179264475602,0.6805470589711876,-1.0071061793840421,0.2763354846951377,-0.05732195335270543,0.07541628509211011,-0.34994832352479543,1.6603472397379186
186,-0.5805506627096845,-0.3321239118537181,0.46912962802568714,-0.7039635665935896,0.09884959783090619,0.2758384798448482,0.41550466436495515,0.11528272693329177,0.16856024211542914,0.04202847469119519
187,0.8803819069760432,0.37055713265900814,1.2720941670582726,1.119162230558845,0.001287952223010924,0.4508705568918596,1.2742816107239257,0.8378457041782675,-0.21314522279771658,1.2049020026710926
188,-0.1541385382602024,0.4321968171044993,-1.0485583987816787,-0.3395633008170759,-0.40015635474659694,-0.5036939294702925,-1.0354005667838302,-0.5063182412173243,0.6959678463063678,-1.337112770181871
189,-1.02157664613473,-1.0601715268090672,-0.16713984663167442,-1.2605390870071707,-0.4654470031453861,-1.158609948868946,-0.10323319306300625,-1.2811257068176596,-1.02284324487182,-0.546337678716463
190,-1.626360164883541,-1.3503185782791116,-1.8378389122779506,-1.028717257564835,0.21269981504474042,-1.0553056724259737,-1.8274491395277261,-1.6033017590597582,-0.7579907232872225,-1.0513171046309706
191,0.558341366845968,0.4823052588669043,1.090430556961097,0.7475073307831971,-1.479659245687194,1.5191582384487705,1.0530509970737725,0.6486041346880428,1.2673779673669643,-0.6083318266800338
192,1.7179874620830753,0.8723987613410484,1.1521515233186428,0.9302515612213886,2.9891151871776973,0.4466248020427446,1.178427962385373,1.7106575018801566,0.8657030496551343,2.02298023769752
193,0.6802591256806862,0.7628871120794267,1.0172860463191844,0.5860554511324643,2.282614436355401,0.6504331568697441,0.9526507864662331,1.27791760048937,1.3648943470218589,-0.10395543525091452
194,0.9220844921359334,0.29405988552569556,-0.08803214530590647,0.2902477498177647,-0.14576640591143197,0.4709704634134515,-0.04400736081332196,-0.0025940919991937527,0.9706417265690084,0.7922419246634261
195,-0.324805744701228,-1.0465065715375779,0.10957368595642578,-1.0979990122565662,1.5226049791536147,-0.06913288979240241,0.0925036867063546,-0.008825555945441863,-0.9442196346870523,0.3742302597957092
196,0.7060558674347677,0.4873407124025291,1.2910465538541838,0.8318787241931286,-0.7001887956367828,1.238773255210037,1.5665651446607718,1.5985643244496859,0.264933047721236,-0.04149730869927169
197,-0.7024624567040054,0.06127427602350568,-2.1485808016699015,-0.9120264696887603,0.16700785835171816,-0.6343516557834317,-2.1345046398181156,-0.6874580294942032,-0.5492517980685198,-1.206470443049526
198,0.56498023420915,0.8949068600397644,0.7792498279327731,0.9720019798864071,-0.444280148726736,0.6359215243965223,0.7897849017131102,1.20396689483698,0.3697610976742315,1.4476013543826998
199,-1.7565678589036606,-0.9627428025727802,-1.161406468399926,-1.1430502893911907,-0.3784119672572185,-1.6236701154572475,-1.2003026517299704,-1.117701247584779,-0.3265018396184826,-0.2408896975390191
200,-0.5729944028932619,-0.7378646399761581,0.0021105443761875358,-0.7092957225829529,-0.5765632964480126,-0.7660791547316432,-0.01994721336125834,-0.282306039529139,-0.5260625861642514,0.5182536192647773
201,-1.64110644331594,-0.889893690143849,-1.67200095656752,-1.4784682923411625,-0.4389620317004377,-1.5607005100808597,-1.645076012894308,-1.45082114374187,-0.4101371084030739,-1.4200479102065122
202,1.346723866019075,0.5075501346752079,0.7191310833726139,0.8935068400157736,-1.1729584368414576,1.3302403307674695,0.6639512186012082,0.8244695697328214,1.269743583425762,1.8166639666043105
203,0.9948030543983178,1.0678349354079435,-0.05033079217052947,0.8588659626699079,-0.23071857947507002,0.2113869514697342,-0.0864789445900923,0.31620865719074276,0.7640098590470502,1.6662853395906072
204,1.6666576245205105,1.8349519366303049,1.298611966335427,0.6626643861633217,1.2618394395445873,0.7630305148579047,1.2657054653626831,0.6965708942705316,0.01882536420559122,-0.14184610208278436
205,-0.7244249990501317,-1.6517643004644302,0.2519908616984903,-1.2848783840742655,0.8868119230324107,0.09639700001021369,0.24069592629905334,-0.9971404209309642,-0.06672786735424084,0.501192424417914
206,1.1489345302874892,0.6868252613044568,0.8982279387216217,1.2173899749071224,-0.4916391974086457,0.738078750011237,0.8787449657533428,1.1243159655888564,0.3795027020316414,1.5864259507996565
207,1.2267589959307228,0.39337622875654055,0.04334089958740716,0.6446003475054777,-0.10285516400340228,0.007639206990331337,0.0399557664604028,1.0253120820839938,-0.30208929934449325,1.6646703636742604
208,0.7329739991837098,1.1407273170401884,0.11526945873686595,1.0690327096248273,-0.39340376321823234,1.1925018005964032,0.0684134085660764,1.2217071029056559,0.6268247093969361,-0.8513299420522098
209,-1.2136898397434006,-0.8600568701338847,-0.12266619223287671,-1.2898478083636724,0.04080618734050579,-0.8209527329278679,-0.11921990189930051,-0.37414476392624374,-0.9540384206450764,0.23076863108015325
210,-0.5947970875167169,-0.49757723234946605,0.8891265875130694,0.1547674598839324,1.6477090699540213,-0.1501704397872176,0.8051864408677664,0.768998125529299,-0.7196108860222445,0.4576458999011739
211,0.08945003501674914,0.38679119687724567,-0.6602081768215736,0.18146451300074648,-0.4006897707077565,0.050633157057699406,-0.6633246271524149,0.2903900834613596,1.01304658430597,0.5074637077077351
212,0.1375946478066824,-0.22674447150854893,0.20319966525224029,0.39355373796543647,-0.7796396993253046,-0.5662089572397082,0.23646652916916586,0.6016398534529421,0.2970560298964956,-0.14308796762118564
213,-0.07595498922499652,-0.2451744477949536,1.118845423416326,-0.6582230992290486,2.2950581350182446,-0.3619914825664352,1.163083512955754,0.5982314270718215,-0.20666968650626052,-0.5364660867981279
214,-0.12278495119116797,-0.012234691755958949,0.8195247926856366,-0.04455360924228152,1.256751266240894,-0.3224477765359812,0.8279018081300498,-0.3644565790215551,0.008899810366719189,-0.14375708807757495
215,-0.5746096816730898,-0.19126372479136186,-0.5177178611401134,-0.485961814919605,-0.06872055313550743,-0.625255557867931,-0.5231836246157479,-0.7953949463311225,0.6547953214591989,0.9625096753664282
216,0.5517573760144471,1.5911299759579296,1.4890386554214516,1.0753442412040741,2.112474797977084,1.166571178636057,1.555475465572169,1.2878165253678173,1.2508649639157468,-0.5468704968576621
217,0.9220463171573854,1.5387661269728,1.3285970558645581,0.7562854379221494,2.448188622334317,0.5923896574942386,1.4169076021254343,0.895613336012524,1.0702690230006768,0.3767525410222632
218,0.31885779673104975,0.36116771553994775,1.0049345390537356,0.2270236145153098,1.2659984797831028,0.44971896028753183,1.047020101953802,1.657883236646324,0.6144820850988576,-0.8814830431126652
219,-1.564353263008221,-1.8202383522165122,-0.5830181132818365,-1.399247689070617,-0.46935872019389036,-1.9723265942283472,-0.5825870693433282,-1.3977278416033203,-1.017962794993038,0.017774923333678517
220,1.0961289912104126,1.265147911168568,0.5576312403175901,0.47306452659594844,-0.8415052557629626,1.2911087751006696,0.5191732617309119,-0.14052779523964842,1.5958165506168343,-1.1134103815510432
221,-0.1665811953308212,0.13294700698734732,-1.1278123799862387,0.27733450129930565,-0.2705723720017151,0.26161777704008937,-1.0883623875363064,-0.40544111350128403,1.256584120521193,-0.8034795686740037
222,-0.6912843457978016,-0.9917223514920918,1.0093526485178577,-0.4205975625874053,1.1260202386472025,0.18607303979617879,0.9764968474494046,0.534580637636833,0.017303600313498396,0.4187914793255334
223,-0.22285230667924416,-0.6975188122113939,0.6631241747803565,-0.023986721854735764,1.5908474632472422,0.05928831469443737,0.7197580106514042,-0.10982122489672123,0.054411227528366905,0.8058102005846526
224,0.5128344064801146,0.12316816703846417,0.9665772120869031,0.4280495226313197,2.3324814758722368,0.6581109726514931,1.0069240850688848,0.2874280160524335,1.0422791155382605,0.3856218290470768
225,-0.3628840928351792,-0.061821198753393244,0.48318163888208576,-0.6249243291730223,-0.39482219513500033,0.04349022759348707,0.42438370243403695,0.2843005763029893,-0.39288573430598883,-0.27861101907019764
226,0.127766976766628,-0.2062673210403675,0.9394994351487521,0.14729518686482407,-0.39318317767038446,-0.8304534049135718,0.9255521969815997,-0.643236294862031,-0.9555087301367591,-0.9089830677956257
227,1.4688706747250841,0.7328339460528945,0.4986255942101089,1.0741109534242215,1.7509939078669894,1.1410133103134272,0.48633081157719216,0.9663136702641119,0.6670800595568174,-0.7251360268428974
228,0.012672995347437009,0.22361762253108527,0.5858655425474364,-0.2291114981802569,-0.8604074318903717,-0.14021215967716086,0.548279506546043,0.08142237434420097,-0.48905529503018086,-0.461699448147473
229,-0.6698574461194314,-0.3705496687214399,0.39436232497843254,-1.0814221735685452,-0.8953080762062491,0.1287871697656261,0.34165276172571224,-1.0087311194876305,-0.7370912322011481,0.09167969077919036
230,0.12771925804344203,0.7606452264827387,1.0155215452812636,0.3637371922289946,-1.1261328041207086,0.15596939540383412,1.0955764989241898,1.7510859169846935,-0.25592312493764274,-0.8776459264213959
231,0.24900712973211175,0.4115709287499271,-1.9548331022106924,-0.7155709809922044,-1.3730188336827174,-0.19935876737891767,-1.9361828641650964,-0.7861692185910683,-0.2613296960606052,-1.2852738330955165
232,0.4357901419609619,-0.3105623269774887,-1.6721952345315396,0.0980724951806982,-0.9911157324882257,-0.43153882591570025,-1.6442656559639102,-0.3787620182123907,-0.11070337066368323,-1.1914345078556425
233,0.9012337960400276,1.3020944021480045,0.5380731633985585,1.2299404917256247,-0.6439127432933828,0.6135396382879342,0.5161268905698642,0.7252315307015617,0.9238452357571496,1.097648602108995
234,-0.9926984678309446,-0.669921173472911,-1.9776893332718481,-1.0591867203611987,0.44743626000770453,-0.369326849884266,-1.9632782819983385,-1.4388836023117273,0.046929757708916255,-1.3967044177413275
235,-1.2668544622124482,-1.8441445870472999,-0.8567534789626682,-0.9238152499373534,0.8365558508220975,-1.7622662820467982,-0.8409180751396067,-1.0391318241742014,-1.4649227305047157,-0.07621447213201113
236,0.7269459314773011,0.7445599001508917,-0.11631444562098134,1.0855732751428535,0.30434040979555227,1.2283225160257611,-0.2638329328972654,0.8385686593660197,1.2948842034655366,-0.3866987550161876
237,-0.12386935917555823,-0.45245827059416505,0.8811383347571945,0.18273407395059493,0.7223339803821935,-0.04029903218219667,0.8291990135489654,0.08872070940759681,-0.045437322825059925,-0.4480306664786817
238,1.2750419930178936,0.9822268166519023,0.8783521601908404,1.498652135053558,0.7253673658856292,0.734781547102003,0.8696201247014598,1.1260633512045957,1.21312830665588,1.9295539497764034
239,-0.4211677413339517,-0.31246617192328896,-1.2359703509907356,-0.043175228782445736,-0.421483635018227,-0.8830813697313579,-1.2238775365192103,-1.006449566577297,-0.7061709966354472,-1.0520798468796118
240,0.7473277911179079,1.5645680937737665,0.7269273437875742,1.4024556882250376,-0.6250760743892733,0.8113475687029086,0.7320529172685838,1.0163658775035764,1.219731192588349,0.2685794440303962
241,-0.49943599110280973,0.22251425784658746,-1.4361589363629792,0.07830361753305733,-0.9851331850541669,-0.4830182246465373,-1.4327006499278054,-0.07155143105116125,-0.05835109096767634,0.23065298063090084
242,-0.5559623976202753,0.07699451845239336,0.04325861715558723,0.43795209804013796,-0.33488442269732316,0.243105861625518,0.043160720190999965,0.1552311232087127,0.34144316840920796,-0.6876253543442856
243,0.246818033305977,1.4436820526910707,0.46559834032673836,0.3623588117691594,0.2616069732079105,0.476360238573443,0.39336812348152767,0.6573747226236616,0.3792981707900161,-1.1195894198396745
244,0.9853344667502357,0.7591118740903107,0.15316737545936904,0.506834847861918,-0.21103967484281327,0.4573422267564443,0.1700822797300128,0.5193049164834889,0.5080550896531569,-0.5030541212926662
245,1.046271276258121,0.6300966314350649,0.10705950053969855,0.9303966539013712,-1.3482196705761722,0.6245404163766455,0.11331764895973773,0.40737564792149533,1.090450725201047,1.4424989667049652
246,-1.046434522010137,-0.17532713634590585,-1.1567826528562533,-0.45618154235315905,-0.9939793339639253,-0.4981132317153715,-1.1509723718201792,-1.2907319372881099,-0.2829546941924434,-1.3084245748119472
247,-0.18595976881645332,-0.555198289537202,0.6785292745155754,0.011887443270983278,0.19114927546104568,-0.14036065502877193,0.6216715197335921,0.4432497380376027,-0.7203479703081017,1.1329660464449975
248,-0.858705486094134,-0.8628315077963725,0.08315645409594148,-0.9615393467328512,0.15909217938924589,-0.06766005834581379,0.14086344129050152,-0.3397736595951987,-0.9261128311831709,0.49098764906244663
249,0.7957121904918477,1.3460856602919433,0.3092434348835806,1.0650063877553078,-0.3855402226579778,0.2091580059368838,0.2347807964548536,0.05014944032180046,0.8888626752791676,1.7264414714857015
250,0.7385737913495285,1.2165376655708977,0.6548616472517486,1.5264011101002462,-0.4950081403212334,0.3811080468086272,0.6862384129257068,1.1273102293826616,-0.15454509253206236,1.9134055674039974
251,-1.2036581711617296,-1.9509167548741255,-0.5127100609146131,-1.0122855115567955,-0.24998973506433553,-1.0897384108953778,-0.5086067148227496,-1.2077735612296239,-0.06001435446089361,-0.15764615631637086
252,-0.774829093382898,0.2910256326433262,0.07728925958254254,-0.03813325815304758,0.30649680063602963,-0.4014154831603864,0.11559965213555651,-0.2024224182266569,-0.33055901909072183,-0.8015603219328377
253,1.3003424600508477,1.7110100080635828,0.48359305104118655,1.203388531288794,2.104187465788541,1.773073167633553,0.46179650224217517,2.1173944320645233,0.8926908826695877,0.16646973487790856
254,0.31743458581204154,-0.10812735927461203,0.2683764937462331,0.13572404563620494,1.7899412943242956,0.15120390682408222,0.2130169246098682,-0.7242175201945003,-0.4361035715694104,0.4257153615789933
255,-1.4234780484199805,-1.8856667962771527,-0.9268741102351892,-1.1045281828557878,-1.1438946198098505,-0.9026085084681652,-0.9054104345240329,-1.5843527230860548,-1.3068625306087234,0.3248943288610333
256,0.3425990544839161,0.5112280169568673,0.7884128909651906,0.21748377080644804,0.4548933884070746,0.8178237843435627,0.8124114627364459,0.6362553576146649,0.5654035916288654,-0.7225517900185295
257,0.7448738557780932,0.9009726614792953,0.6209384291107805,1.4602751211981373,-0.04571949646444909,0.678091173736582,0.5513100194501355,0.9860237116986054,1.160040229034026,2.0187796481657414
258,0.9310794714563991,1.161399178923281,0.1605362243534858,1.3486988502914528,-0.40834743142335234,0.7729100015160859,0.19790717738318356,1.009543170853175,0.5631447434509163,0.38765397265537016
259,0.6845001272037966,0.5418680215533406,0.49144873765690605,0.9059122641542934,0.12972221635486764,0.24258612789488126,0.4300482718183482,0.4591928024411793,0.45987576183030987,-0.3332241901475485
260,-0.8218988419330777,-0.0703641620826305,-1.534890997677856,-0.3999218556898731,-0.5086777598772673,-0.42268213887320505,-1.4981889078490025,-0.7897752136975871,0.31730205009737594,-1.2821595317120746
261,0.09422310030337964,1.6349914264919274,1.415853003563628,0.29721219845693336,1.5909557506980037,1.7447878336690932,1.489874614026591,1.3480662057818842,1.4324269611984932,-0.891320215254437
262,0.2866273781234826,-0.3438363443256799,-0.5622577986089883,0.2667427356605696,0.5743438047720315,0.27949176854621066,-0.4927310137851402,0.11579640561932564,0.5641699723790624,-1.0823155554038184
263,0.3466742334439585,0.709584862247433,0.6483841913690166,1.2964654854976863,-0.9286646216871892,0.3567169276772246,0.555044638963029,1.9986307490758082,0.024653861411906234,0.15216349894716644
264,-0.7586452884145356,0.14491094170356955,0.03523836567622746,-0.5659078815900648,-0.6554380039479133,-0.5022241285410842,0.018881728792958085,-0.756100722057574,-0.02591295058991316,-1.2040954784666618
265,-0.1949440114242044,0.5654659633105181,1.1438295695892768,-0.6025437832856927,1.7459217771485942,-0.5736261485267942,1.1244353549308237,0.39808991782780195,-0.540077478475618,0.13567229560018995
266,1.0846800765501312,1.1427501522951011,1.0575472973334115,1.2296503063656599,2.377371303300358,1.3724024038140803,0.9902300979723995,1.377768834305383,1.1960094276398476,-0.5048866301968928
267,0.7064495469010484,0.993257759171673,0.42626276667048885,1.1231885524283642,0.5857246821588794,1.4761627731227127,0.4301418355343825,0.22738907561212332,1.1054676919603765,-0.5226844082622093
268,-1.3713095542974307,-0.8543453352964842,0.015264305351883051,-1.3736751042236688,-0.3933917312792588,-1.29525597752459,0.07210045330810476,-0.640915228206618,-0.9109890965429931,0.0029813033668009054
269,-0.39044404141096434,-0.40137627175720303,0.8428404339911216,-0.29763151630208,1.3539051628057976,0.6414491880972968,0.8707635050279123,0.4829815404511061,-0.4752629430005826,0.6202999960283885
270,-0.7155302290483556,-0.4140866002305856,0.88111776414924,-1.2030461125640313,2.1093718946040223,0.12204426859554861,0.8082248829003368,0.11609641738752238,-0.08850594232729563,0.4621466298845817
271,-0.11519648123659357,-0.39135945119009463,0.18685288879730116,-0.07589362811854138,0.5631273638844885,0.08544925597564887,0.1493491945870996,0.7144559860711662,-0.6382717698558995,-0.1834596119477332
272,1.181211474650163,0.6529617010611176,0.6692587871971706,0.9657629946471513,-1.6424540537632257,0.2644013072534451,0.7087698244073123,0.6626329776633214,0.6635129832484717,0.20769361287216168
273,1.235662116709059,0.41981371198117634,0.9275799106503584,1.1707426782926895,0.49043038860643984,0.6503270887614514,0.9578475372703721,0.8016686753498835,-0.3678042868266838,1.9948413819615438
274,1.051594299829464,1.0400344722789285,1.0621551135153402,1.5135241347517834,-0.7140001246962839,0.02174323487596798,1.0408528258240188,0.7797722066876552,0.16846376511466218,0.9140342388458335
275,-0.06019945979722314,0.31988078260311154,0.7540005494795136,0.37683180659743215,1.5082388440192234,0.7222215678213795,0.7033098265377206,0.5217620860386208,-0.033557788130661355,-0.5560826058570459
276,1.1057765240704416,0.7865715922432313,1.468500046189894,1.1740435367622957,0.16056141282612416,0.7343572746688294,1.6190464602275128,1.4054826043265447,-0.5370403824914846,0.9773005417511805
277,0.18271866541897241,0.48549095396087105,-1.1969639070617664,0.1787077520810754,-0.8250709640072338,-0.8907258498219286,-1.21117507269829,-0.3832900007040987,0.08006381885221009,0.3218640117324062
278,-1.846479477129783,-1.5434668932207976,-1.6041110934465672,-1.1363397529419916,-1.1313185698182986,-0.4098418367349494,-1.5833731209082587,-1.5385884889237418,-0.24800300635470784,-1.2870237345359916
279,0.7798695743942611,0.562515544509569,0.35848032783552325,1.0130269351515109,-0.43982565754231495,0.7800226258065002,0.3518813374616606,1.3821987641704123,1.4608220720641294,0.32000947417117936
280,1.2970665697041626,0.37988435029830536,0.05951168306317529,1.3060778755465394,0.4473908060160268,0.8214952561492035,0.05264554367576104,-0.05738355823208388,1.6853111892479868,0.30508918942654867
281,0.023335744043236975,0.05996267829806081,-2.440978280012168,-0.6027614223056665,-0.14856984769226356,0.014294223156395409,-2.410297172347499,-1.18103153664301,1.4775949202374106,-1.2385152550298955
282,-0.2133861049673204,0.3275854051181468,-1.5328956487062169,-0.5153430826160987,-0.5551437713109191,-0.2672029599607299,-1.5022549649322543,-0.9524869620469968,0.6858133203856768,-1.3418420474816597
283,-0.4815736800463978,-0.24953111570359574,0.07882291268674617,-0.23433483465963342,0.10932406914841561,0.29460041294325423,0.09675369957028333,-0.5436558033734156,-1.0791472225192282,0.22283693776892188
284,-1.2366174932659542,-1.2961725789825018,-0.6204817616141779,-1.3160007639305515,0.041139070985439924,-1.4206330273034091,-0.6282620210250003,-1.2185432519718589,-0.9046807870528655,-0.19341243453875773
285,0.4365715360531246,0.45545130956037483,-0.38758362397031426,1.2469526084535945,0.3003658592879636,0.7492083250885899,-0.40135415138497244,-0.14809540915840178,0.8898055771666609,-1.272005697625922
286,-1.264195336362936,-1.5791829162310023,-1.4979758988909821,-1.3512945583363396,-1.6835391147114926,-1.346333832702602,-1.4837896105338992,-1.1041246174698554,-1.598232077444031,-0.2682947236386652
287,0.4346830675830582,0.3033465382868855,-1.8885180334098524,0.49337750179352413,-1.3751698769947631,0.10978431053552598,-1.8996755708290858,-0.7402483929204763,1.5618309191467754,-1.3774431107765426
288,1.4480700832885236,1.7692016778700173,0.32113553190470023,1.5529893437070728,2.1429516993970283,0.8058183897434449,0.3804817038799285,1.0053795928994227,1.3175215669254197,0.5012172066570394
289,-0.840889700792828,-0.22666604607754295,-1.6663166119026105,-0.5878168762674502,0.2235205388282654,-0.014588122731886673,-1.6674948307515343,-0.38209434404743214,0.7876081334345693,-1.1390462311353393
290,-0.817317844507269,-1.0888481913051842,-0.0728258947809193,-0.8998386845702149,-0.3029503197794758,-0.5174009595791744,-0.08311065081285907,-0.5468520263087389,-0.2252627340940064,0.44430617129632677
291,-0.5305187744177665,0.022296836813535066,0.4829370772097316,0.24595820925305,-0.8420413454883388,-0.8163690753909043,0.4377236681845481,-0.7327144388586427,-1.6942395568069346,0.8278182057191837
292,0.8954538656941843,0.09446445929027655,0.05387762210660035,0.014317745660693191,0.7112498908233582,-0.22125274018935673,0.09260042207377962,0.5264525139267665,-0.06380268469099687,1.2593251765818139
293,-0.5748339596720622,-0.2849767061930904,-0.09733234572469103,-0.7380240732195251,0.04677803971769985,-0.8978111994559257,-0.126406863951288,-0.08848526602580634,-0.6236793018999431,0.5087633984707626
294,0.5214822320894056,0.7569700485262859,-0.4067988574234282,0.5477509836170352,-0.05232102031459092,0.5309156124447877,-0.4153680930560696,-0.03030200813219524,1.0496435265967812,-0.7976116851655034
295,-0.7990284508783456,-0.4961141924124236,-1.8231309275900967,-0.5465742819823722,-0.9991129612592965,-1.0966919330233527,-1.8048130635502166,-1.3455667711542392,-0.4122017162194792,-1.3827988280097814
296,-1.3143703808244103,-1.0903626134211621,-0.9956302245133593,-1.6489884644908142,-0.47743883565566764,-0.3227993165520385,-0.9734772450261072,-1.5954224255964882,-0.5359649855229396,-0.024699080945351216
297,-1.0033981985372136,0.1956521955644368,-1.2128101320564664,-0.44305065481472594,0.12183060127034263,-0.5800447843372318,-1.2252825780854213,-1.0962350397023046,-0.371620916977012,0.24540667365696486
298,0.1345776315332778,0.4713906023310381,-0.7758584203679182,0.3799150260470646,-0.36708055450837274,0.11146927819869992,-0.7461824339163785,-0.009677296672712166,0.92517790472774,-1.249871027713637
299,0.15911937086758302,-0.2309551058560074,1.2705445145923269,0.018851891910151974,2.3507726968762124,-0.024032730146065804,1.3059775088998016,0.7521096581878932,-0.8056310662657872,0.3476857281101439
300,-0.5730958051800311,-1.1425020034141007,-0.8523719394682449,-1.1240431483134588,-0.9625933527104265,-1.160078234539464,-0.8265013337418542,-0.2791566476990953,-0.827648404200743,-0.7956194684980236
301,0.17440487087197834,0.5942643224409543,-1.686706655632267,0.28099809146886845,-0.729667046121924,0.39024505670875564,-1.666075516754065,-0.5299650224393725,0.33343043190553767,-1.2664076651656775
302,0.5166459394945554,0.6759484653214904,1.2935264549243195,-0.05895405773056273,1.8855751559322094,-0.22643037913276245,1.2967448317006247,0.21365585398892134,0.14689536682327323,0.6399578188191826
303,-0.39000622212573843,-0.6762844506852238,0.9389623137188141,-0.664280718618325,2.0449087762301903,0.03418199346139958,0.9049285338116756,0.2554101747616815,-0.3321129419830698,0.516414226405238
304,0.9025544117041856,0.9162169426717331,0.10120373414183041,0.6445640743354817,0.12953638974183193,0.600491745709161,0.138077145543515,0.8731314785343026,0.1855028898100608,0.596631580872447
305,0.8677376382999646,0.41012411476412736,0.7575821208867967,1.0160738814311474,2.2016421608277814,0.7541283700547116,0.7447426944839411,0.6334191488011769,0.9350481450861714,-1.0729327243126807
306,0.21087151913033836,-0.34395263030958523,0.5225377831462905,0.36123434349929373,-1.4416075702423619,-0.3349471454690081,0.47415801353856585,0.017628164649294013,-0.820754800905964,1.1100906629410725
307,-0.5609311096719666,-1.2773342495898259,1.0267050991394875,-0.9009268796700849,1.368177716192617,0.11177081467799134,1.16997868307977,0.21037914009139913,0.21756026762479772,0.6469945979397697
308,0.7328558953438256,1.0857646115310342,0.9790567142462945,0.6102859286895723,-0.14479181885457637,0.8629421270941775,0.9938061349157422,1.6267171360828416,0.9233306917530615,-0.6290552857532254
309,0.04015897990228547,0.5454972259812719,1.2282422021443389,-0.25508308789715733,-0.9618620781972571,-0.672498293301793,1.4604956071918336,-0.049643254612612854,-0.8568281946726137,1.1007684106566868
310,0.7383232680528051,0.7649667381636882,-0.5270934871213996,0.31400667616492944,-0.10993796541248518,0.5377403375841204,-0.5473103767470221,0.6064019914710473,-0.21016344029402226,-0.7503505783620592
311,0.9220081421788363,-0.06880647076333939,0.6014077796690224,0.9409884195401077,-0.08728048744322692,0.9561047771256151,0.5948599646998433,0.30905959627542484,0.471849200805454,-0.3907065937992104
312,-0.06292777779535416,-0.3058730270683726,-1.4718832255115657,-0.24206101986871137,-0.5905871897627114,-0.11060400487641438,-1.441134070976452,-0.7561987746842527,-0.37387333335491035,0.359897864834779
313,0.32474748014022015,0.27009685986555865,-1.007595461473875,0.5911699681018535,-1.0593181101186069,-0.051305871305667654,-1.0159282130688363,-0.21845182748059294,-0.10565569398357207,-1.1578600810048025
314,0.6933471784823886,0.137522725237765,-0.5333035251007157,1.0127004766215497,0.3486513672708342,-0.26631350310975527,-0.5519203720438288,-0.021445075346216882,0.7244684386928423,0.9338861891764441
315,0.4655153276012913,0.4451965083750419,-1.4125027372146821,0.2615919455211843,-0.3601662002449194,0.7922780380904529,-1.262781012481116,0.7380413014675349,1.6108708218164611,-0.8077145779823431
316,-0.9715053898961821,-0.7716227315364201,-0.1915183026815038,-0.3927760412007258,-0.9231366141699074,-0.3243282125701528,-0.1889454860788634,-0.9732360686298783,-0.1335619880453244,-0.880431174740893
317,-0.7444334596818142,-0.5611775525701063,-1.6004449539843577,-0.9136224891685697,-0.05546269326878947,-0.5877119933081522,-1.5801174207554058,-0.8362828916562123,-0.8749632980967216,-0.9261282468973036
318,-0.4087942764119502,-0.5517800224754245,-1.6977690714658669,-0.8876871726216649,-0.8799914178929492,-0.6620430083414479,-1.6789064324563217,-0.48632867662319457,0.900106748128517,0.10561832349623723
319,0.20789148486740433,0.1896404806290475,0.06881188348195973,0.39874080127481726,-0.6132607103172687,-0.014150212970504193,0.0250268033630046,0.6761013108472865,-0.25697279470598333,-0.21517261728203368
320,-0.4896954067325698,-0.9609011571067428,-0.11574761109066473,-0.9689028002419728,0.3528906204358402,-0.6631142962352103,-0.20493853821793928,-0.2653926931630537,-0.945668076058563,0.3386443412025137
321,0.3438409342548185,0.38285099505049686,0.9630299250262118,-0.06522931613981396,0.996013801156138,-0.26020398007205753,0.9859610552001236,0.27314013852607766,-0.6791137001804415,0.3276603021056548
322,0.5350248057294518,1.7802867068939312,0.6037711139607462,1.0744736851241783,0.11068234137031605,0.9180717840089963,0.5941606155681303,0.6920780351077831,0.5820002084807467,-0.8410852397559296
323,0.9560435214908953,1.1420984099201896,0.4711318338666443,0.8916206351759988,-0.3089007820429385,-0.011624276734431926,0.39382642710752624,0.3276442277111715,0.8362441190610451,1.686524168209789
324,0.9410753509956831,0.38912232520576806,0.8232092171326952,0.9599592874478436,-1.272557490782203,0.25805540386012216,0.8028933369120795,0.8781014295820857,0.20899696903675175,1.8282400258580567
325,-0.8924545530670808,-1.6511855748701103,0.0795863108041888,-1.2366713411500185,-0.3185878297987362,-1.3440594294090544,0.03057402164584925,-1.2740366482559815,-0.972105346988641,0.15648111571925824
326,-0.928794746709,-0.058154133772562046,0.7570975687883,-1.0475430327925885,-1.1209483753052265,-1.2036191929938878,0.8010854956192146,-0.5863818695807246,-1.0385664232767615,0.6462153341983781
327,-0.4657501514380861,-0.09353482045708603,1.0466403038710272,-0.11227561762419964,-0.47537602656276173,-0.7662064364615958,1.2100556700563418,0.6951835227766274,-0.6303169195526881,0.021259581512940304
328,-0.2888699672383066,-0.6043358785502577,0.10905484951133758,-0.34380726170656956,-0.08977912010339574,0.002646429607093931,0.07990588738133511,0.243850209117854,0.4579616581350989,-0.26682706436600917
329,0.20228811379734657,1.3085739653442223,0.6329790916337976,0.4984194724229221,2.1907465716461996,1.4186284006670147,0.6828193727262181,0.6005349320627554,0.07983870585042116,0.043394251425224316
330,-0.34731228049166996,-0.15481212532482513,0.0058201106774131706,-0.4806659321002373,-0.7914216413446034,-0.024749447506390253,-0.025648256736566392,-0.22804781364676263,-0.43378555083099113,0.172707975182229
331,-0.5285754294160373,-0.3486554518447366,-0.32742145257113875,-1.0878062514877833,-0.30101184072262954,-0.7340284029227704,-0.3389804551297289,-0.5231276810685717,-0.5079159055000527,-1.025131915412725
332,-0.8636050059972058,-0.6151856312811534,-0.9879002471684771,-0.7609487166567895,0.3133951123141847,-0.9958848029013444,-0.9336571618122058,-0.9570193349548246,-0.8889228769276484,-0.04842394453485662
333,-0.5526972439863078,0.08640557017311068,0.7638424425744474,-1.0246183893553238,2.392812291649714,-0.9899101378870485,0.8203834085077036,1.0739213058920347,-0.561585417846527,0.09817263743007862
334,1.1926985642889916,1.299030401688357,0.8453866181313345,1.7956205778081198,-0.09047964632807654,0.6418992199281983,0.787044594911294,0.6449805779170447,0.4622336597290461,0.15583402391986959
335,-0.24069075837406448,0.41929448154141236,0.9948709405175086,-0.5087413656768871,2.2731506479116668,-0.493117423814755,0.8697580915369683,0.054934993892545345,-1.041575219340669,-0.8187894852893294
336,-0.2332084625785768,0.4205682187139574,-1.0581260171038789,-0.5293807994044238,-1.171050706073099,-0.5321141214581525,-1.0291238686810573,-0.5328583066624198,1.1530514350984913,-1.2425051955291055
337,1.2846346493462601,0.5441126114752358,1.3626162701759825,1.2242818772062998,2.1315387368395817,1.108886795570059,1.278537966890636,1.2132043303533546,0.38904877966749757,1.7790720634330106
338,-1.013274781268532,-0.8276157849494813,0.5592083202608097,-0.8861636994818468,-0.7609059703435231,-0.8581690016106274,0.5103766865979962,-0.5264878128723731,-0.2478332068333584,0.3200714297689931
339,-0.7209284096087153,-0.04622805960923925,-1.0197092639362875,-0.38708115351140515,0.46718869315591055,0.06656155640598231,-1.0232325262222906,-0.4539874080116061,0.8263365742623171,-0.8402440204167244
340,0.7719005476222833,0.02173433717045759,0.8051207958708956,0.5403875301079137,1.2700158105181532,0.5262122494713221,0.7574023410110852,0.5636159229100994,-0.03797000296572209,0.11431413584717237
341,-0.39238022860421684,-0.9135294924539261,0.7447666321308064,-0.5644932279602336,1.9588362954599052,0.10396268664891048,0.7651744727447105,-0.48230851892936066,-0.3842298177972062,0.28966912952622037
342,-1.3250641466902826,-1.2420860748404485,-2.187470678820458,-0.9137313086785569,-1.2163723464221594,-0.9946013787909952,-2.1656835588172596,-1.3911217288148359,-0.5481133694594745,-1.5303811923754884
343,1.1910176722647834,0.009481039657075519,0.8161306423730542,0.41256087904316824,-0.7155629398807338,0.8064260084780969,0.7846658563680501,0.4282945172610146,-0.4173034200200192,0.7092145396375955
344,0.23841118724877222,-0.49996244718213056,-0.7303539499482625,-0.19788029881398383,-1.0236648011758314,0.46393663257491174,-0.7182608008957824,-0.06419455710616566,-0.47090475528595105,-0.9658087421104615
345,-0.26378304149160764,-0.21375018888842073,-0.14802518059522948,-0.559850262200788,0.055204407645493045,0.34808146840345555,-0.17042145612977577,-0.12121581820003019,-0.5161614731655744,0.1639846270100431
346,-1.2952948212310071,-1.5113530313864536,-1.9163706365809776,-1.5647984369308607,0.25976742342706877,-1.7708593140772513,-1.900974362073697,-1.5304969520146756,-1.6532895722415344,-1.1220428615131026
347,0.7476797167014015,0.8274312417973456,0.8266033674452765,1.1316764742073517,0.17860531064009,0.44354125060878785,0.7730972579194076,0.8846372957126506,0.3135883287478657,-0.024996467814857547
348,0.9529561201007931,0.558759236796904,-0.1157636104524075,0.30468447147604194,1.0607750442400914,0.5557870685808906,-0.08594927880779699,0.8923234508666417,-0.059971904580555686,-0.7158041370210734
349,0.051906136582476885,0.28097636017373256,-1.7632521734560804,-0.3950612509104529,-0.6224237002866639,-0.5650028113225442,-1.7523904235342096,-0.6264312454269042,1.702989634868465,-1.3237234770987731
350,0.10137255800464683,0.1287553029163384,0.7190922277798097,-0.059026604070554226,-1.2730882329791462,0.6730165723840897,0.6933920726380893,0.48901543567195693,-0.3540621028374844,1.3298609362973164
351,0.7200768212747487,0.604973450261081,-0.3538135425774556,0.42496630318168793,-1.7197338609080788,0.3547986101758044,-0.3727521991410088,0.97777265633718,1.5065277295873196,-0.659182227783492
352,0.37431530384915956,0.3999964168635278,0.755822191095088,0.5047310040021691,0.4944036022319196,0.5887863723296439,0.7229106321340498,-0.5325714661425829,0.6194615846984263,0.7456774741376219
353,0.37024012488911834,0.6827714778190103,-0.14456703283567657,0.32935022707309836,0.5778999111797628,0.20652751685120857,-0.11859825822666617,-0.12319735934216774,-0.35027634532740165,1.7572430411366076
354,0.09029942828945155,1.4250465476889262,1.1656275571523005,0.9511811803088912,1.1079977309469673,-0.04680403773795949,1.2506845243749465,1.733767188863532,0.10874450164011554,-0.8875161415486688
355,0.10178532496020179,-0.7272231202862091,0.353849655422533,-0.05837368701063213,-0.597644590411739,-0.059120060369508634,0.3319332360380179,0.41632185250191234,-0.6552002675904178,1.2033957932486847
356,0.45863667365410055,0.10572256512744488,-1.92700792651684,0.2117526099471319,-1.5386130728932577,0.3494467164830604,-1.8930388902934354,-0.6210822551207659,1.221476783122219,0.8879440482109031
357,0.6358532748523382,0.39481222544151195,0.32711015070408633,0.4288475323712246,-0.5264462599769497,0.39914417099456834,0.21211934726621787,0.6216660048480724,0.6345891784186349,-0.008200993643062301
358,-0.4064310066461872,-0.33042289129845054,0.733071098696813,-1.195501293204931,0.2626189929637942,-0.17680868755574952,0.7230374981896895,0.07007900256229113,-0.09940784341392617,0.13198524913473647
359,0.10536184326295443,0.07486891883961072,0.12360055495865757,-0.08858923761702629,-0.20107188184430097,-0.31786563425770736,0.0991276806364408,0.2946765930664706,0.007498964315587667,-0.29214349842379833
360,0.8953214462373446,0.9669338576057366,0.4826079474824506,1.1466210202455673,1.6241237958016912,0.7926447306934093,0.4338542534875382,0.6893969543305342,0.29936633247485384,1.8271399697990967
361,0.7763395818466143,0.4070736359305155,0.486331227522313,0.5595397638656285,-0.20649828632136139,0.32958773609316333,0.4213008572819929,0.5621114736529969,-0.5179572317398435,1.2540906169620776
362,-0.9429147168995887,-1.567654377873124,0.6668383123277947,-1.2007246296843084,-0.5574940100570815,-0.2894242286481887,0.6422095483159596,-0.184227070353546,-0.9125661739155246,0.4360041211892753
363,1.203462715271562,0.3960859626140572,0.5222109390421165,1.102186387000871,-0.44470394035502586,0.9894328920100784,0.5261207641028789,0.4002192696459773,0.05828188479912454,-1.1487429705887329
364,-0.6588964554037213,0.8305574417367564,1.1342230956742727,-0.35432648100531433,2.506157167426661,0.10247621787411385,1.1132172239608864,0.43381034337971164,0.27320305622695223,0.2340949582872241
365,0.6288839553310949,0.5652631389199854,0.2543724809750631,0.5043319991322168,-0.16924205573089018,0.7241247327359003,0.20964704500693934,-0.19313229771684387,1.0203749772842041,1.2029001484661739
366,-0.762769379065843,-0.28887634314173255,0.24083244969443376,-0.6867700840156417,-0.6325786567803207,-0.4894277689048351,0.23038488762693915,-0.27749414346167434,-0.24130621614149322,0.14638235327560564
367,-0.8973862831083024,-1.6040924557136256,-1.4560895698483074,-0.7186179272718409,-0.3230931225032678,-0.5922926203277351,-1.4336727610791442,-1.237969379830596,-0.6645508185047209,-0.7884202280320577
368,0.43745194649589597,0.5691113936896925,-0.3749304144548579,0.8319512705331198,-0.5771996523315014,0.7494750106180129,-0.41204578822400556,0.02707341319534553,0.9509449820924927,0.07957769733955743
369,0.5893418353634278,0.5667640394099276,0.3227766092948912,0.8247691828739767,0.05672043195615704,0.7856775712372267,0.3259784605514308,1.1340304929902643,1.2307926023162463,1.7370441394582397
370,-0.36155035452214335,-1.3732052825068215,0.01034793005062829,-0.36542607102398944,0.47881154620433747,-0.23955706516341077,0.030946690684290852,0.23975541434998127,-0.758605603372108,0.14236763053727008
371,-0.9548849586106727,-0.6189419389938191,0.2699307174583917,-0.6901797619952349,-0.05549344155727724,-1.0982511342152668,0.16909113867032788,-0.3265233837451912,-0.20899671176475149,-0.20266997764320505
372,-0.39017681656112607,-0.8919895421793536,0.19830614618204653,-0.2913925310628244,0.8335893094240694,-0.5766293912501859,0.1318718095970398,-0.9627210220225997,-0.4548046733980152,-0.8667389876240383
373,0.4559954423257835,0.10791306854519808,-0.99912494224261,0.43446987372055346,-0.09054649043348496,0.07388177113691334,-0.9890294376218358,-0.09223760833632345,0.9244755521621582,1.622106867976166
374,0.36059617093332774,0.12904737003870526,0.6185385248493592,0.6291479770873215,-0.3482345274295058,0.7431775955027675,0.6522081793260611,0.6157374796141003,-0.12457804973393553,1.4388835133747633
375,-0.5780537805190049,-1.2589799944092197,-0.14608240095503125,-0.6561192553692995,-0.6409167904889749,-1.1511109336126062,-0.215650790791014,-0.9345623565012829,-0.2961321661371557,-1.34703530336952
376,0.7500286708502074,0.29766475102676315,1.0856444621768904,0.324090617423726,2.4156970395773625,-0.561738944104488,1.2281769002787737,0.5746373308432129,-0.6254364696739064,0.5982906141027946
377,-0.5985644807122128,0.10871625313170757,0.1654046015695123,-0.7528235265777586,-0.7793415746151828,-0.5806827082456816,0.13286612230811584,-0.2844602703719941,-0.08891500481054658,-0.8010302573737639
378,0.6778171200216676,0.19538987601934799,0.3220886367399504,0.8529534359606135,-0.5353004301793572,0.9033283169562195,0.28884318024000416,0.07640412871909866,1.1326896424966904,-0.9014313688176522
379,0.5130109657559001,0.5285708545100166,-0.703068181307454,0.9287280880815707,-0.7873682147926334,0.2920926598114615,-0.7501469981551184,-0.16227352628175862,1.7735297587489984,-0.8850200193523028
380,-1.3712856949358394,-1.667487247218526,-1.7725569451210765,-1.3541964119359935,-0.21188324745306805,-1.4220482789197817,-1.7526346406913162,-1.3531343850729924,-1.3456257031567462,-1.1815766838479334
381,-1.0745885686895842,-1.459970852451503,-0.9342909572145345,-1.1138503875446748,-0.8953842784864148,-1.4357310648896244,-0.9326485766698711,-0.798096515716931,-1.4438650171373857,-0.5447034277252408
382,-0.5873147917212301,0.0014518981171877242,-1.1021928305897888,0.013338370070810044,-0.8708685343867997,0.3131623318945913,-1.1039843564626364,-0.6791191658103789,-0.85541062594135,0.3457582206226029
383,1.0098583115633446,0.6145981436731593,0.6319117056432412,0.7770699643296688,-1.7201015034878253,0.24756223743252975,0.5192509671899912,0.5697215282609089,-0.07355072084845675,1.792490269128421
384,1.034171001026358,1.191363102217979,0.38939795159194934,0.19245528350943497,2.18241913299441,1.2255495926232338,0.3748456793581362,0.7689308058154599,0.6773310624782747,-0.775797807570789
385,0.6535962891007866,0.7946521159620541,0.9234292190896524,0.9551712290084147,-0.31593946634245174,0.8710457305677906,0.932345874261104,1.1209690050334142,0.9226900844679703,0.8330004472785448
386,0.5921524681590548,0.5719833870596355,-0.8341029539810623,0.9176284980628947,-0.5551571401320008,0.24158908767692364,-0.8086909253557397,0.2718083789696932,0.6875113155991696,-1.1173356128703142
387,-0.5778581337539443,-1.3031930072201408,-0.3063388650403281,-0.6103062416647662,-0.5527106458740504,-1.3980374897195447,-0.3171515644312276,-0.7107404061782954,0.43314134173786956,0.2729218430416136
388,-0.33668174193401923,-0.3641728698830918,1.070705629555319,-0.8032432328717419,1.935189524730603,-0.5239105109110066,1.0085558997095487,0.14045005560488236,-0.740624863149228,0.16051098315928158
389,-0.22544820522053555,-0.34025852207668295,-0.7051343845953827,0.10554476819980653,-0.2018980749871497,0.742301775980001,-0.697557846441084,-0.07579989038323234,0.18477995548431608,-0.9060973137285646
390,1.5400574659732156,1.591700588576628,0.8797006778234489,0.9960873647635314,-0.3934358483888285,1.0801877959832558,0.8826540260927405,1.358344169918686,1.1205991447606152,-0.7823981439245548
391,1.3693544704897997,1.0899076377483157,0.5989575916992667,0.25778326267163904,-0.9502793316120762,1.4642422330092288,0.5961508268159773,1.5365628680037589,0.8416712719441716,-0.014263004691378985
392,1.1791178156703983,0.22753348543097002,0.3983918785145147,0.9084876592239864,-0.7751317328565561,0.5974718351401803,0.3950554420215356,0.3268524893375403,0.5932558585701876,1.655346734598812
393,1.1549602120577382,0.8911045787985775,0.0621584346200573,1.0597830512759312,-0.47015015440192665,0.7313555472041274,0.006431411257619876,0.931270832266714,1.1151526964773362,-1.0427906375807259
394,-1.1586427136446849,-1.2406311478790277,0.6480779178727974,-1.035536613524021,-0.9562846060419736,0.2697365331006008,0.5265632094719226,-0.19936229819105225,-0.3446575248027527,0.34172422280939174
395,0.5679244794296965,0.896183301537516,0.7194784980847433,0.706663741368071,0.5795723506970819,1.0876898417569751,0.7890015038195363,0.6890837713139772,1.144723540392315,0.10007949305168182
396,-0.4713260842423113,-0.5531727499570824,-0.32493926587789707,-0.8428172613370193,-0.5191081140852069,0.03486992090661606,-0.3259893710322263,-0.37107147264227863,-0.270258320891555,0.3614040742571859
397,-0.7497016067214922,-0.5836396777403009,-0.8929623202097523,-0.5467556478323505,-1.1302744648918182,-0.4319358236924549,-0.937076202011694,-0.14973010742706253,-0.9680314448362687,-0.9825202320274424
398,-0.5987362681156806,0.12106961067775238,-2.608391030042712,-0.7000097910640615,-0.3282561612050185,-0.7167150571319142,-2.5653354214676534,-1.4666954249595678,-0.14803225180030885,-1.0600459599674066
399,-0.055431166382910194,-0.3184373219805717,-0.4574916922939667,-0.15569460210901817,0.2180313008921214,-0.05736690606528799,-0.5046627663180514,0.09627807902207,0.44885165654270837,-1.5224605133927565
400,-1.826974449027708,-1.3046884990596683,-2.203970592023508,-1.3687056799342616,-0.06216448327704364,-1.8341304559329281,-2.1666746998769435,-1.5281217368937816,-0.7900146557416943,-0.18477720099457381
401,-0.7896648444212712,-1.7213763356204597,0.2237062757603094,-0.6725510013773384,1.8110573472228346,-1.201144775553272,0.16090986390726464,-0.02057723642650676,-2.094581805548176,0.3760242185501849
402,0.37991151711073995,1.064549180281314,0.7769779185652943,0.4909471994038139,1.1678833649824267,-0.18901561156162483,0.7890110187737085,1.3783044650720166,-0.015656802228414722,0.07797098216958574
403,1.21153433729839,0.9232481882101997,0.6343344661357243,1.0231108764103076,1.380640131204973,1.2592231864889962,0.6615851666635286,0.815066761875929,0.8190917946847478,2.1636992986165167
404,0.40914400693417724,0.8480409042006751,0.6736220417067459,0.5562389053960224,-0.3183217902592103,-0.15317368251060945,0.6927101675890257,0.7922848926295116,-0.2785643474775566,-0.281441701494758
405,0.1632983380505525,0.6224515040745853,0.43981422606664794,0.14232576257541693,-1.4698759424196093,0.45763921745966607,0.5230934228501777,0.3580259072612222,-0.5928233843347529,-1.0534538843600163
406,0.3719210169133281,0.31380145953754474,0.2746436723032023,0.8288317779134914,-1.1153160909835074,-0.13082664735188865,0.23939079175166017,0.2100835187393226,0.059666008170123026,-1.116249324721979
407,0.6153389957548897,-0.0010171507968970367,0.12724155256669945,0.6824332638109624,-0.5903091182842123,0.19371297411068059,0.19135295978369915,0.25199296754832073,0.2693838533566039,-1.099376750250682
408,-0.4099765077788712,-0.7391762377016033,0.4216023811571188,-0.5834278226979742,1.6649414803283267,-0.9690965445225124,0.4215054287967117,0.5270452201029597,-0.49281403898004883,0.2677574997660661
409,0.0030815319871509493,0.700676815015237,-1.0344263911165663,0.19408757615923988,-0.6039225887917046,0.49055063620440514,-0.9571035947201119,-0.1536595298544175,0.2789312173524703,-0.7241970553382518
410,0.5995429054124096,0.11158013352602923,-0.08605508131911656,0.4499585173087051,-0.056295570822179127,-0.025952562906175106,-0.07793768739415187,-0.26450729257886346,0.17971426976406213,0.6142145795320091
411,-1.6429591227436169,-1.0374254474921267,-0.7556352271250071,-0.7284479563406677,-0.6444849288356795,-1.0527994345528706,-0.7627780998197433,-0.866058693781711,-0.8172803425183558,0.06366336944778099
412,1.4494455754843452,1.187495917171822,0.8070612898879876,1.3666540694393101,-0.9154909853932852,0.518410182477,0.7406766374006897,0.7756437520628632,1.412408626719421,-0.4240538501247333
413,-0.9489773806803073,-0.7619682905470646,-0.5448390649172812,-0.9358579423759162,-0.3169755499762836,0.11817278264284024,-0.5189922873025524,-0.7123853487512369,-1.7161629904611468,-1.2028081788231975
414,-0.5013447400302301,-0.349004309796453,0.9035100137198553,0.08668271980205741,-0.46082540169744424,-0.633230364352902,0.889528580482715,-0.8461364489014198,-0.2717093349830846,0.7593503861796006
415,1.6769565179520216,1.588774508702544,1.3267776998720893,1.8455687328921586,-0.33405555579025825,0.84469841246772,1.370482554889792,0.6243075718802418,1.3342764060585595,0.564480755980262
416,-0.7729024499342837,-0.5923151530046866,0.06925529436454612,-0.7509010485679883,1.4864583607129236,-1.11270821737565,0.048987043796252114,-0.7771147170796919,-0.7315084297567863,0.462866691610285
417,0.7921201636040598,0.5478716235131083,-0.005045741569060359,-0.03457848749347171,1.9769831331962007,0.472131151569918,-0.014101859847660358,0.5746870888925723,0.3432466451435402,-0.7030812108122398
418,0.8293037856782819,0.584791071240474,-0.0013887445992753322,0.4181106740525057,-0.5285973032889948,0.4238792538485792,0.031641282338918,0.36434517952986967,0.37579412612217206,1.4454576906983414
419,0.5749916223334688,0.49781726825484507,0.05911169901960494,0.24523274585313667,-0.681525921406735,0.15925296098485808,0.08002482430849761,0.7336464949314654,0.6355050667459129,-0.5350948028998488
420,1.321540309857928,0.8629011712137045,0.7404833744299464,0.3967820500950516,2.3537098268678616,-0.1637486729074574,0.8468508393655302,1.075163793653981,-0.37067930144952954,0.010912996678032328
421,-1.2148267383232956,-1.1713111798453653,-1.1638086582844533,-0.9309973375964965,0.2146075458130987,-0.9805064424574976,-1.135260010829206,-0.7745258350409627,-0.14423105797010405,-0.1779359262048656
422,-0.7670139594931921,-1.0232439661060804,0.00938339709984732,-0.7096947274529058,1.2662417923267903,0.09783801102431401,0.006115831944216006,-0.03656420499128322,-0.8446785243760696,0.4533558189503323
423,-0.5329464644598284,-0.006339262804475012,1.1192431218367902,-0.08046404753799591,1.2767523594612193,-0.3308514012301944,1.118926196464671,1.4015458645389895,-1.6405224491400836,1.1665253285941501
424,0.24262832941028922,0.3725637419626783,0.36383325715004616,-0.01818301465542838,-1.0498168889758457,-1.0614742905525778,0.3149522144906479,0.10303492943067263,-0.2743630956841723,1.226565810039991
425,-0.6582033409494524,-0.5640360243140138,0.08448211549748857,-0.37841186588244,-0.09870013441121095,-0.5980839390405523,0.08769863484900173,-1.028132368321688,-1.0206821600546467,0.10690975351288984
426,-0.05448037082344067,0.5870870433413037,1.231588354371692,-0.06700670146960182,1.8786501066118924,-0.12158053882608783,1.1361498493434525,0.1509153441628025,0.6885339718072957,1.2101654749031412
427,0.6089613884011476,0.8976652717510085,0.49832389196010196,0.21585147815664296,-0.8494703993634368,0.45966511832806917,0.4789392780104857,0.6261617909549009,-0.16414133820831683,-1.1693342577199213
428,0.3528299487348878,-0.31411040164920734,-1.746164855114759,0.29333096926739666,-0.37718604636402725,0.17457374159848935,-1.7444406793226883,-0.7063616978346655,1.840457783720828,-1.0374679633329875
429,0.5402166028120342,0.07032565249167824,-2.057089594355198,-0.4832050539999341,-0.5759149086255505,-0.0003568131162978273,-2.034889412929845,-0.7188319430873631,1.7790521022728802,-1.2004139391654585
430,0.7998171936538806,0.9364263649444111,0.9810017795095984,1.2907705978083654,0.5690163295709755,0.5893318654580095,0.9126007585264848,0.818012731092416,1.2279986283740445,2.1464233243638997
431,-0.7456526730592029,-0.5215591882860522,-0.22179366634511127,-0.6979784935443043,-0.09024034443071428,-0.15626784075539607,-0.2309413221469854,-1.2180090846772655,-0.706237887355979,0.03320049039825711
432,0.5545226760230481,-0.20412549547634215,0.8104851533009487,0.020919462599905216,1.4102774706609857,0.4922795463695867,0.7779847727129261,0.3431511774468328,-0.5169808844920858,0.2770673609308895
433,0.5456112044681543,0.3536848476918946,0.19991751047185813,0.8654676796091202,0.17557058825454497,0.16009089904037627,0.14949509055108523,0.15861320709311386,0.7309658431044729,0.4323514945003849
434,-0.6405700797643306,-0.887489545034734,0.15021206478316157,-0.46608411776197733,0.059805955861812865,0.40371570646201144,0.11198555537552123,-0.4463129606339342,-1.3768237924846554,0.5744074195410982
435,-0.3718051081347085,0.5098947846297656,0.8205944642992986,-0.5012328194877829,2.4625921901677366,0.13011150586060302,0.8423692959500589,0.09100226231793103,-1.8999876950018728,0.38354287454265756
436,0.8327848665346648,1.3530709323018888,-0.13231380736379075,1.242599828054114,0.06516284246924725,0.5706820615026575,-0.1089088632271862,0.5323664044403383,1.1128951346593967,-1.1443207176958883
437,-0.7039763331970643,-0.7552399294317931,0.0609996237052566,-0.6592387479889272,0.05869233306570629,0.3047026426288512,0.04588834038725302,-0.08133766858252846,-0.708014350530095,-0.17998459130590905
438,-1.2215658150051674,-0.9971986100364748,-1.4041259285307683,-1.4876816775200623,-1.1433598669665828,-0.4910551567377945,-1.381354785559038,-1.939050051000659,-1.224266640712391,-0.907637942927535
439,-0.41672154930114125,-0.17070814889217473,-1.083286156256,-0.38269209994192915,-0.44439913123436303,-0.4230170110436741,-1.0599903800181902,-0.7659923295758201,0.06527453781469003,0.12860109670303949
440,-0.06822694200510415,-0.12786352463604725,0.2275621219403266,-0.14949189003975843,-0.9276031372933027,-0.25253980161851775,0.1787266155961611,-0.3791995963523453,0.07540462289518647,-0.2775095862201742
441,-1.1170045487610978,-1.117303101134318,-1.8510932406703144,-1.0159491017263582,-0.2598585987868438,-0.53168833376629,-1.822195298998548,-1.1160343529312373,0.006033800263945226,-1.534676780490579
442,0.14810111768404977,0.9353581564876062,1.0521303705719172,0.5895739486220444,2.0275841209904204,-0.2814282085415581,1.1363782082436034,0.4751768440618758,-0.2626366378309899,1.4973957567411966
443,0.44492350557866706,0.5693764175599884,-0.040658035185448034,0.37490932858766146,-0.4003020748963874,0.2963853876799623,-0.02765591206706377,0.665559921743288,0.33024283180020775,1.6846902825144991
444,-0.14927122849528085,0.13093228470805593,0.4473659248092535,-0.10839438843466294,-0.6691383717924352,-0.21725245724800746,0.4315500487519825,0.4329176254353216,-0.1390122954086347,-0.5779529318853245
445,0.1100955406029574,1.197926499495617,0.9195413741861497,0.36391855807897305,-0.21700083216314173,0.2013059354057955,0.8910684172330415,0.9142096752245904,0.39752717849486907,-0.8791672805454911
446,-0.061611934003512205,-0.35027534264379123,0.6824994018508984,-0.8112958766107807,0.08705696075474177,-0.7895626339077925,0.724158676956405,0.39494491641387774,-1.5578661003232719,0.6126051107799121
447,0.07404404523631035,0.07601825705262934,1.3917145379399407,-0.6174157829839183,0.27589022165159394,0.4931765795140101,1.4618546598128734,0.30360084556628764,-0.08735979555818821,-0.2628013272991733
448,0.7496003953096181,0.2733014852359753,0.37010957819943946,0.9386669366603845,1.8361947415027484,-0.1836637178688805,0.3943164472474347,0.9762769879123173,0.33796485094156914,0.5521667367169997
449,0.6185039400701678,0.49268716333697155,0.9446260877757693,0.8334747436729382,0.7557306323263784,-0.23203532102672178,0.8604239214932788,1.342904539896864,0.11873308711948778,0.7393648871159253
450,0.14981541281448896,0.6407543770762563,-0.03702618006983018,0.1585761427334777,-1.0496818638829206,-0.08393999771015452,-0.010383098591722624,0.2139953795021974,-0.4526114295805869,1.1397605103385797
451,-1.0070379441481874,-0.8176882071142073,-0.20705139731066546,-0.8661771828142314,-0.49295067875676063,-0.9495815278552235,-0.23645048061313786,-0.9462598885168687,-0.7403637320671536,-0.7750033991277095
452,0.23332556432527624,0.546700650698433,-1.129282035643471,0.5568192761159532,-0.7791129677746856,0.30597849044575204,-1.1409515392503413,0.17739248031017787,-0.09601957114700112,-1.0877593872650588
453,1.347637679568078,0.9318668726452359,0.860677436711248,1.2047669117486293,-1.7226362319649153,0.8091852945524144,0.804314236735244,1.1138565309190962,0.7502175070174517,0.596587523558446
454,1.1975945052878243,0.1478829951061754,0.4245279787329464,0.8919470937059599,0.250095081374461,1.3743783011457156,0.4288842757578542,1.0905229327136043,0.5339173576586662,-0.6111556251492813
455,-1.7086785412827703,-0.834171069251499,-1.092120089561137,-1.7175447557826324,-0.16023013343971843,-1.0237761696064283,-1.0685094356543936,-1.497012711739859,-0.5648051769521121,-1.201145015219662
456,1.2680822172412898,0.9188049818949301,1.0544502780246243,0.892237279065925,-0.5899027061233284,-0.176785958675401,1.0498761740313896,0.5057985330264841,0.6668240739147829,1.8941828105889635
457,-0.4463679990482134,-0.24951218542714615,0.3498543862330431,-0.19860576221389736,1.2657618516499576,-0.09353916151070372,0.33422158251661804,-0.5824787896500895,-1.0079870731137683,0.42595216964174853
458,-0.38022865574502956,0.1126348203567993,0.6198116169194657,-0.08906078882696988,0.44936137024346884,-0.10000477034052879,0.620662934591257,0.349612406503359,-0.352695988506629,0.6761646701815783
459,-0.4623048596240916,0.19286403627591386,-0.3606475556647415,0.0991244171105726,-0.21432974171101918,-0.09675150993330231,-0.36695442039827575,-0.21344821657589041,0.7314456553882849,0.0887250971590024
460,-0.4124256712463659,0.22844754735097067,1.0956257782812975,-0.5884335201573764,1.472477247625687,-0.24686667308351357,1.1348938753926199,0.15711607519621104,-0.21621061870207517,0.9484664065286293
461,1.07322877595369,0.36843964602184714,0.3152660517681952,0.5498185543067884,-1.2155728909214734,0.3589079917428278,0.2960285564662958,0.6850709309803436,0.29745480149966375,1.604475681629416
462,-0.45721207889211946,-0.38030687406866603,-1.6215321127613793,-0.07444270131871444,0.30872939375667285,0.22356357030181237,-1.6132960659565714,-0.4191099423547267,0.3755394268401473,-1.057307522544035
463,-1.0626839402228794,-1.461417666437303,0.31203189507304185,-0.8605548414649031,0.27294105972097193,-0.4932219766643581,0.27590442839045315,0.013660691948899871,0.011261567345486405,0.6044682756003639
464,-0.2206345790191973,-0.16854198440128562,-0.40305500677561085,0.04021678903760243,-0.3631394260534885,0.28684986474438984,-0.42252333859414715,-0.4304781931613164,0.3219303734141541,-1.3749153223857384
465,0.7994998641446975,0.6560662663988711,0.11770364734487902,0.6135867871591788,-0.14253649873809413,0.2988992018465149,0.14171502968898253,0.9082723691583788,0.36233365497521086,1.660662524891238
466,-0.1338556949702044,-0.07612978342417344,0.6028294372410262,0.3583687630696353,1.4745962057671351,-0.4709613112509618,0.6523667618956105,0.7087484451152316,0.07502000125213047,0.9571002632817506
467,-0.16233422896731167,-0.6389809887784496,1.0084155430443493,-0.550999608721844,-0.6727827124193051,-0.22550455607323103,0.9849080669383149,0.9625437662891149,-0.6314219028014684,0.0564434771158772
468,-1.3967340900106675,-1.2569814980811702,-1.2697655742377605,-1.1681513230281952,-0.6619339141115094,-1.3907854616296578,-1.2423460625689562,-1.2410221825060015,-1.92717877289794,-0.1124763951369086
469,1.2024999900312943,0.6328307042194452,0.196934772318377,0.9072906446141288,0.15533554066528887,0.529301861940039,0.1245278508011982,0.4968259859493468,-0.24850468675869336,-0.84296318276522
470,0.2037196754929119,-0.3056783156534613,-1.1546135965285504,0.45833761957770563,-1.285229796285543,0.2394631797349865,-1.1398176738780617,-0.38074355935452764,0.23256694350404555,-1.1052721695804315
471,0.2556030502444272,0.4758121740446512,-0.31856923428115286,0.5509067494066587,-1.0798713356496064,-0.32476915284891517,-0.29691325690530923,0.03312779702475611,1.035331485123053,-0.7930311013004686
472,0.816128646206764,0.39079900683417185,0.00176770091027006,0.679640229721296,-0.7693096112754777,-0.21408253606872613,-0.05715544165467797,-0.2412819913043306,-0.028180803287933962,1.6981787045540995
473,0.22839979912445296,0.3472566666746115,-1.996625720706017,0.34168310487162634,-0.19785801725626068,-0.5499472009796464,-1.9466096681129827,-1.0479872934881396,-0.14856223212452116,-1.2102125611574803
474,0.03224363669388929,0.48593446329483614,1.0155078315426265,0.16768070840239144,-0.43275622495431415,-0.17965737389277103,1.0376224988822924,0.7246095550845691,-0.08761320848020224,-0.32174725985030406
475,-0.05383497509235651,0.5415597284797308,-0.02933962956396338,-0.1064356372548967,-1.714660393307575,0.502025690263056,-0.03097980272482302,-0.5613755228335314,-0.617369706049805,-0.372227304157942
476,-0.17270708641976015,-0.10891972656029304,-2.226687400075191,-0.6834329523760396,-0.39356017842488816,-0.720438047733011,-2.1984879491542877,-1.568027692480044,1.2105916047157235,-1.234661616845876
477,-0.790418800247601,-0.6992333543926967,0.6683262529698761,-0.8959937285506736,0.40466405383892523,-0.2901394307498239,0.6374695153121226,-1.0073905790990068,-0.2831978162343753,-0.3568678230643648
478,0.44254711316402934,0.03631335436194801,-0.13113671146414121,0.02476441861944638,-0.6530917758480763,-0.36564022549172603,-0.07868143964533905,-0.17903759849976608,0.48959453714646356,1.2388674381836902
479,-0.7415261964717359,-0.5072722382169292,-0.49256457885731025,-0.5083423608069344,-1.4985052727660613,-0.10564910896042516,-0.45773501233693686,-0.8758171253443181,0.39448622343070505,-1.31936180301268
480,-1.0930235044242227,-1.0810813693103851,-1.4788132347693084,-1.7165291070227542,-0.8047383240240806,-1.0958782391068735,-1.4575822550901336,-1.7340176181990157,-1.3569816893269846,-0.009858650082347603
481,0.53160695218129,1.1005816093407506,1.2203270893278608,0.7002071171088414,1.5462383810618374,1.0758071831107408,1.4113223240258979,0.8550780874490707,0.8002118888147226,0.3445714267267026
482,-0.5388671650390694,-1.1627736251665421,0.1689153186605056,-0.2637161023561273,1.9570221464391204,-1.7862573728840676,0.1837584405279696,0.3214698391744822,-1.1229040446269325,0.3573508013690996
483,0.2954899379871091,0.831425530128236,-0.2815558537007164,0.29659555456700715,-0.7102929506103289,0.22961248299191295,-0.26970048797060014,0.054810598769146804,1.3632297971686322,0.21117001030504817
484,1.2027326188068244,0.5301637020570003,0.2897264991804594,0.8178772805747992,-1.074808563105968,0.6816414248470295,0.2724520858513584,1.0282200010274407,-0.09468175673637022,0.006313137738121834
485,-0.6965584576778784,-0.38031769136949445,-0.6868859697161551,-0.7433199560388932,-0.7209519116587667,0.0942407868944788,-0.6967871351530727,0.06485001696343136,-0.10523762698025126,-1.3153594713939074
486,0.6502834167436322,1.4239702262564997,0.7503001256707128,1.296538031837678,-1.242100642593883,1.1730110280681532,0.7624864981908448,0.2967386251708065,0.7488578244866475,0.23637492428677287
487,0.5482524357964739,0.14740973819493233,0.9767962329943465,0.18088414228081573,-0.7400519463381854,0.4983496726813464,0.9971427121790652,1.231772863596661,-0.15545712177930968,-0.2505864369924132
488,-0.6891978446265153,-1.0799807089510947,-0.7049721053548482,-1.0517869936820814,0.17732725134467991,0.008922631100680615,-0.6907134227393236,-0.7591447439007394,-1.0389510449198176,-0.8468360960241149
489,-0.7714148187389749,-0.6958367219325755,-0.23403546370146658,-0.06961836970929029,-0.7807680278246,0.006231531667409529,-0.25779093699742595,-0.1655780461480404,-0.9487694900432067,-1.160400260515169
490,0.1187409802760906,-0.27773722761367664,0.6018351911898658,0.4306249177010125,0.10921578169765388,0.16561401696507988,0.5902801000912516,-0.40376543801550285,-0.29449591620415366,-0.020132264990941496
491,1.2692298525339005,0.6018310243704278,0.02063094840504228,1.0808577630434155,-1.7245974380176008,0.6668373474466575,0.019068856225026666,0.5539057859248117,-0.010942292790951819,1.1930450780405892
492,-0.6283159116502925,-0.47241619062258267,0.44682651775621063,-1.1312615091425975,1.604450238697867,0.16412906344897304,0.4217575750822954,-0.5725710839394034,-0.4442693849142985,0.50135350897223
493,0.12185104805970573,-0.14520636218919658,0.4260227762443462,-0.27630289234462524,-1.2859116061607103,-0.22623945653783373,0.41856213630587136,0.607499595501035,0.5709336533128088,-0.45766269675213667
494,1.0447132599461142,0.8301761318825548,-0.21029926774445593,1.0911956164921828,-0.4453737182912186,1.1298973725642842,-0.2236132216080989,0.18596988993651942,0.11819796135523537,-0.08007086389815583
495,-0.07841369643712849,-0.5795750769540257,0.6071035524494626,-0.9706439124017653,1.6360086777433196,-0.19860416855134552,0.5942446643299911,0.20976740877868616,-0.6757125643134151,1.1865011901203875
496,-0.25262878994699745,-0.8669258561599257,0.8944406612347876,-0.1411127877707584,-0.27802014222632787,-0.5104110712426418,0.8796821887393811,-0.22701899280265425,-1.213498521066823,-0.13881853853628234
497,-1.6536254503436567,-0.8869973578470414,-1.0946891299324109,-1.6072017726558,-0.6271910218843975,-1.5733998931609536,-1.0638629663665906,-1.5474234696291196,-0.7413014885146051,-1.371030018007281
498,1.2187720746375512,1.0316240208848384,0.09115156372113396,0.7929576127877731,0.0031141331827706288,0.3493679230311845,0.08397511611597741,0.603057957859686,0.5151519378295513,-0.1648550343197744
499,0.3005588593574889,0.5330843732806708,1.2502230395558527,-0.5187890337656876,-0.9152289565000835,-0.29925219651091295,1.4287679925020467,-0.11138274956338336,-0.032334459760941035,0.7238002641540306
500,-1.2471490154729947,-1.3771373713579484,-2.0386789002354377,-1.4633786536229645,-0.022352134095751562,-1.1942791384293128,-2.0152505475168248,-1.8183984890803648,-1.8719862102993643,-0.19902285811856468
