ID,Gap
ID_NGS9Bx_N,-4074.8
ID_NGS9Bx_P,5.129439999999974
ID_NGS9Bx_K,-362.86400000000003
ID_NGS9Bx_Ca,-14637.6
ID_NGS9Bx_Mg,-4029.376
ID_NGS9Bx_S,-12.921119999999998
ID_NGS9Bx_Fe,-309.26559999999995
ID_NGS9Bx_Mn,-356.8160000000001
ID_NGS9Bx_Zn,-4.540159999999998
ID_NGS9Bx_Cu,-10.809040000000008
ID_NGS9Bx_B,-0.4278400000000003
ID_YdVKXw_N,-3337.032
ID_YdVKXw_P,17.841448
ID_YdVKXw_K,-385.596
ID_YdVKXw_Ca,-15945.634399999999
ID_YdVKXw_Mg,-5765.092800000001
ID_YdVKXw_S,-12.766520000000003
ID_YdVKXw_Fe,-295.29959999999994
ID_YdVKXw_Mn,-327.8776000000001
ID_YdVKXw_Zn,-3.4343280000000025
ID_YdVKXw_Cu,-10.957768000000002
ID_YdVKXw_B,-0.43906400000000007
ID_MZAlfE_N,-4616.066
ID_MZAlfE_P,30.094318
ID_MZAlfE_K,-398.35220000000004
ID_MZAlfE_Ca,-13376.131800000001
ID_MZAlfE_Mg,-4237.394200000001
ID_MZAlfE_S,-9.830777999999999
ID_MZAlfE_Fe,-325.10571999999996
ID_MZAlfE_Mn,-396.9884
ID_MZAlfE_Zn,-3.7724059999999997
ID_MZAlfE_Cu,-10.716004
ID_MZAlfE_B,-0.49957599999999996
ID_GwCCMN_N,-4381.06
ID_GwCCMN_P,35.931056
ID_GwCCMN_K,-358.6032
ID_GwCCMN_Ca,-14072.412
ID_GwCCMN_Mg,-4642.908399999999
ID_GwCCMN_S,-11.210988000000004
ID_GwCCMN_Fe,-331.16688000000005
ID_GwCCMN_Mn,-401.3216
ID_GwCCMN_Zn,-4.527580000000002
ID_GwCCMN_Cu,-9.737632000000005
ID_GwCCMN_B,-0.5077960000000002
ID_K8sowf_N,-3929.7260000000006
ID_K8sowf_P,21.9313
ID_K8sowf_K,-480.34399999999994
ID_K8sowf_Ca,-14589.1824
ID_K8sowf_Mg,-3285.2512000000006
ID_K8sowf_S,-8.590446000000004
ID_K8sowf_Fe,-299.99404
ID_K8sowf_Mn,-315.43202
ID_K8sowf_Zn,-4.296877999999999
ID_K8sowf_Cu,-11.254497999999998
ID_K8sowf_B,-0.42061
ID_ZgrspC_N,-3809.3140000000003
ID_ZgrspC_P,-0.1495259999999945
ID_ZgrspC_K,-589.4008000000001
ID_ZgrspC_Ca,-14404.8368
ID_ZgrspC_Mg,-4420.363
ID_ZgrspC_S,-16.61386200000001
ID_ZgrspC_Fe,-320.99260000000004
ID_ZgrspC_Mn,-370.77020000000005
ID_ZgrspC_Zn,-4.91876
ID_ZgrspC_Cu,-10.013593999999998
ID_ZgrspC_B,-0.8275420000000012
ID_it6Sl6_N,-3077.2180000000003
ID_it6Sl6_P,21.302354000000005
ID_it6Sl6_K,-374.5976
ID_it6Sl6_Ca,-13770.8196
ID_it6Sl6_Mg,-3300.5514000000003
ID_it6Sl6_S,-9.076021999999998
ID_it6Sl6_Fe,-292.3636399999999
ID_it6Sl6_Mn,-299.0508
ID_it6Sl6_Zn,-2.7827839999999986
ID_it6Sl6_Cu,-8.837005999999997
ID_it6Sl6_B,-0.33865999999999985
ID_G1RRv0_N,-3673.216
ID_G1RRv0_P,26.913059999999998
ID_G1RRv0_K,-362.6048
ID_G1RRv0_Ca,-14100.0084
ID_G1RRv0_Mg,-3920.6928000000003
ID_G1RRv0_S,-11.737051999999991
ID_G1RRv0_Fe,-319.27920000000006
ID_G1RRv0_Mn,-362.45240000000007
ID_G1RRv0_Zn,-3.851944000000001
ID_G1RRv0_Cu,-10.525996000000003
ID_G1RRv0_B,-0.3704239999999999
ID_ZAeKis_N,-3668.8559999999998
ID_ZAeKis_P,24.03871999999999
ID_ZAeKis_K,-397.20239999999995
ID_ZAeKis_Ca,-17827.632
ID_ZAeKis_Mg,-4561.2264
ID_ZAeKis_S,-14.774328000000011
ID_ZAeKis_Fe,-288.02328
ID_ZAeKis_Mn,-391.31600000000003
ID_ZAeKis_Zn,-3.731680000000002
ID_ZAeKis_Cu,-9.711072000000003
ID_ZAeKis_B,-1.211336000000001
ID_C8u420_N,-4230.0
ID_C8u420_P,1.0397499999999695
ID_C8u420_K,-347.225
ID_C8u420_Ca,-14594.375
ID_C8u420_Mg,-4097.05
ID_C8u420_S,-13.74025
ID_C8u420_Fe,-320.31750000000005
ID_C8u420_Mn,-354.55000000000007
ID_C8u420_Zn,-4.912249999999998
ID_C8u420_Cu,-10.94125
ID_C8u420_B,-0.36650000000000016
ID_j1MRRc_N,-3943.392
ID_j1MRRc_P,25.629391999999996
ID_j1MRRc_K,-324.836
ID_j1MRRc_Ca,-15546.751199999999
ID_j1MRRc_Mg,-4159.1936000000005
ID_j1MRRc_S,-11.30952
ID_j1MRRc_Fe,-299.73632
ID_j1MRRc_Mn,-341.19520000000006
ID_j1MRRc_Zn,-3.6848080000000007
ID_j1MRRc_Cu,-10.866503999999999
ID_j1MRRc_B,-0.3666480000000001
ID_khevjd_N,-3839.36
ID_khevjd_P,29.718639999999994
ID_khevjd_K,-525.248
ID_khevjd_Ca,-14171.855999999998
ID_khevjd_Mg,-3954.352
ID_khevjd_S,-12.122400000000006
ID_khevjd_Fe,-370.4272
ID_khevjd_Mn,-385.30400000000003
ID_khevjd_Zn,-3.9250400000000005
ID_khevjd_Cu,-10.496080000000003
ID_khevjd_B,-0.4355200000000003
ID_AcInd1_N,-2865.3
ID_AcInd1_P,25.019059999999996
ID_AcInd1_K,-446.1080000000001
ID_AcInd1_Ca,-18039.566000000003
ID_AcInd1_Mg,-6314.108
ID_AcInd1_S,-11.126740000000002
ID_AcInd1_Fe,-325.6716
ID_AcInd1_Mn,-374.026
ID_AcInd1_Zn,-2.80736
ID_AcInd1_Cu,-11.187480000000003
ID_AcInd1_B,-0.4223200000000004
ID_K29bjC_N,-2583.666
ID_K29bjC_P,25.246779999999998
ID_K29bjC_K,-499.77200000000005
ID_K29bjC_Ca,-20897.224400000003
ID_K29bjC_Mg,-6023.737800000001
ID_K29bjC_S,-11.584715999999997
ID_K29bjC_Fe,-295.76303999999993
ID_K29bjC_Mn,-383.0108000000001
ID_K29bjC_Zn,-2.7838240000000014
ID_K29bjC_Cu,-11.892086000000003
ID_K29bjC_B,-0.9048580000000006
ID_je4KzB_N,-3900.698
ID_je4KzB_P,29.426674
ID_je4KzB_K,-496.3094
ID_je4KzB_Ca,-15534.831
ID_je4KzB_Mg,-4890.179800000001
ID_je4KzB_S,-11.913167999999999
ID_je4KzB_Fe,-381.20602
ID_je4KzB_Mn,-344.86100000000005
ID_je4KzB_Zn,-4.297370000000002
ID_je4KzB_Cu,-11.862610000000002
ID_je4KzB_B,-0.5551720000000003
ID_tdpw3z_N,-4251.604
ID_tdpw3z_P,19.486879999999996
ID_tdpw3z_K,-422.33639999999997
ID_tdpw3z_Ca,-14618.82
ID_tdpw3z_Mg,-4506.821599999999
ID_tdpw3z_S,-11.852992
ID_tdpw3z_Fe,-328.0188
ID_tdpw3z_Mn,-332.95000000000005
ID_tdpw3z_Zn,-5.445248000000006
ID_tdpw3z_Cu,-10.590392000000003
ID_tdpw3z_B,-0.4965480000000004
ID_uownQV_N,-4239.082
ID_uownQV_P,20.788963999999993
ID_uownQV_K,-365.957
ID_uownQV_Ca,-13514.897
ID_uownQV_Mg,-4311.6256
ID_uownQV_S,-12.014937999999994
ID_uownQV_Fe,-329.51937999999996
ID_uownQV_Mn,-311.1056000000001
ID_uownQV_Zn,-3.6241220000000003
ID_uownQV_Cu,-10.594746000000004
ID_uownQV_B,-0.4457799999999998
ID_6uWnDt_N,-4607.8640000000005
ID_6uWnDt_P,26.429547999999993
ID_6uWnDt_K,-371.05760000000004
ID_6uWnDt_Ca,-13336.515599999999
ID_6uWnDt_Mg,-4285.5508
ID_6uWnDt_S,-11.641632000000001
ID_6uWnDt_Fe,-327.3014799999999
ID_6uWnDt_Mn,-357.5912
ID_6uWnDt_Zn,-4.098704000000001
ID_6uWnDt_Cu,-10.015827999999996
ID_6uWnDt_B,-0.44567200000000023
ID_vdSnQT_N,-4881.26
ID_vdSnQT_P,31.124011999999997
ID_vdSnQT_K,-423.58040000000005
ID_vdSnQT_Ca,-13735.3992
ID_vdSnQT_Mg,-3590.6584
ID_vdSnQT_S,-10.083464000000006
ID_vdSnQT_Fe,-301.74048000000005
ID_vdSnQT_Mn,-328.60960000000006
ID_vdSnQT_Zn,-4.188419999999996
ID_vdSnQT_Cu,-10.189764000000006
ID_vdSnQT_B,-0.463632
ID_aTNXy4_N,-4564.652
ID_aTNXy4_P,28.07761
ID_aTNXy4_K,-382.33759999999995
ID_aTNXy4_Ca,-12131.5932
ID_aTNXy4_Mg,-4418.7946
ID_aTNXy4_S,-10.526466000000013
ID_aTNXy4_Fe,-332.10934
ID_aTNXy4_Mn,-373.39700000000005
ID_aTNXy4_Zn,-4.167481999999998
ID_aTNXy4_Cu,-10.14774400000001
ID_aTNXy4_B,-0.5118760000000002
ID_VmzjON_N,-3728.2400000000002
ID_VmzjON_P,7.358819999999987
ID_VmzjON_K,-669.9940000000001
ID_VmzjON_Ca,-11978.810000000001
ID_VmzjON_Mg,-4511.1900000000005
ID_VmzjON_S,-15.243320000000011
ID_VmzjON_Fe,-438.57660000000004
ID_VmzjON_Mn,-397.34800000000007
ID_VmzjON_Zn,-4.25504
ID_VmzjON_Cu,-8.737240000000009
ID_VmzjON_B,-0.72314
ID_J0piCL_N,-4932.2480000000005
ID_J0piCL_P,17.126538000000004
ID_J0piCL_K,-450.84380000000004
ID_J0piCL_Ca,-12780.760800000002
ID_J0piCL_Mg,-3984.8800000000006
ID_J0piCL_S,-13.650189999999998
ID_J0piCL_Fe,-319.18919999999997
ID_J0piCL_Mn,-320.65600000000006
ID_J0piCL_Zn,-3.759504000000001
ID_J0piCL_Cu,-10.646308000000005
ID_J0piCL_B,-0.44273199999999985
ID_ezLEE5_N,-4124.512000000001
ID_ezLEE5_P,22.975999999999992
ID_ezLEE5_K,-318.81600000000003
ID_ezLEE5_Ca,-14355.513600000004
ID_ezLEE5_Mg,-4163.2128
ID_ezLEE5_S,-14.762495999999995
ID_ezLEE5_Fe,-332.0256
ID_ezLEE5_Mn,-340.9248000000001
ID_ezLEE5_Zn,-4.295296
ID_ezLEE5_Cu,-10.093760000000007
ID_ezLEE5_B,-0.6508800000000002
ID_FqovAq_N,-3060.5760000000005
ID_FqovAq_P,1.118719999999989
ID_FqovAq_K,-620.1792
ID_FqovAq_Ca,-16391.7376
ID_FqovAq_Mg,-6497.779200000001
ID_FqovAq_S,-12.38016
ID_FqovAq_Fe,-294.54464
ID_FqovAq_Mn,-321.6224000000001
ID_FqovAq_Zn,-2.9282559999999997
ID_FqovAq_Cu,-11.993024000000007
ID_FqovAq_B,-0.5121280000000009
ID_Te8tkl_N,-3196.0
ID_Te8tkl_P,13.713664000000005
ID_Te8tkl_K,-435.424
ID_Te8tkl_Ca,-17518.5472
ID_Te8tkl_Mg,-4954.764800000001
ID_Te8tkl_S,-11.406335999999996
ID_Te8tkl_Fe,-314.30271999999985
ID_Te8tkl_Mn,-340.56640000000004
ID_Te8tkl_Zn,-3.1988480000000012
ID_Te8tkl_Cu,-11.212736000000003
ID_Te8tkl_B,-0.6964480000000012
ID_IN6dMk_N,-3835.0
ID_IN6dMk_P,15.903999999999996
ID_IN6dMk_K,-424.225
ID_IN6dMk_Ca,-15088.125
ID_IN6dMk_Mg,-4204.075
ID_IN6dMk_S,-13.217500000000001
ID_IN6dMk_Fe,-288.57249999999993
ID_IN6dMk_Mn,-343.15
ID_IN6dMk_Zn,-3.6957500000000016
ID_IN6dMk_Cu,-9.795750000000002
ID_IN6dMk_B,-0.5055000000000005
ID_QOTnwa_N,-3275.8060000000005
ID_QOTnwa_P,25.870345999999998
ID_QOTnwa_K,-373.97240000000005
ID_QOTnwa_Ca,-18232.647400000005
ID_QOTnwa_Mg,-5163.838000000001
ID_QOTnwa_S,-12.375974000000006
ID_QOTnwa_Fe,-340.7865600000001
ID_QOTnwa_Mn,-372.29526000000004
ID_QOTnwa_Zn,-2.982456000000001
ID_QOTnwa_Cu,-12.334718
ID_QOTnwa_B,-0.37512599999999985
ID_Xozuap_N,-3367.8320000000003
ID_Xozuap_P,23.644387999999992
ID_Xozuap_K,-416.06300000000005
ID_Xozuap_Ca,-17387.9964
ID_Xozuap_Mg,-5197.8352
ID_Xozuap_S,-12.359711999999991
ID_Xozuap_Fe,-338.70484000000005
ID_Xozuap_Mn,-368.26020000000005
ID_Xozuap_Zn,-2.925042000000001
ID_Xozuap_Cu,-12.09828
ID_Xozuap_B,-0.4277560000000003
ID_7JB8aj_N,-3947.438
ID_7JB8aj_P,18.123711999999998
ID_7JB8aj_K,-419.213
ID_7JB8aj_Ca,-15508.828800000001
ID_7JB8aj_Mg,-4329.275199999999
ID_7JB8aj_S,-11.709972000000004
ID_7JB8aj_Fe,-313.62982
ID_7JB8aj_Mn,-369.1412000000001
ID_7JB8aj_Zn,-4.104751999999999
ID_7JB8aj_Cu,-10.089687999999999
ID_7JB8aj_B,-0.38986000000000015
ID_jnRm5W_N,-3897.0
ID_jnRm5W_P,20.497249999999994
ID_jnRm5W_K,-389.90000000000003
ID_jnRm5W_Ca,-13976.0
ID_jnRm5W_Mg,-4162.25
ID_jnRm5W_S,-11.830500000000004
ID_jnRm5W_Fe,-327.4475
ID_jnRm5W_Mn,-370.575
ID_jnRm5W_Zn,-4.33475
ID_jnRm5W_Cu,-11.103500000000004
ID_jnRm5W_B,-0.4252500000000002
ID_yq8kto_N,-3890.34
ID_yq8kto_P,29.202205999999997
ID_yq8kto_K,-308.55300000000005
ID_yq8kto_Ca,-14941.132400000002
ID_yq8kto_Mg,-4098.1386
ID_yq8kto_S,-11.533607999999987
ID_yq8kto_Fe,-320.53285999999997
ID_yq8kto_Mn,-349.1294000000001
ID_yq8kto_Zn,-3.5898320000000017
ID_yq8kto_Cu,-10.427360000000004
ID_yq8kto_B,-0.3926940000000001
ID_wZOPxg_N,-3561.866
ID_wZOPxg_P,17.36096799999999
ID_wZOPxg_K,-383.2166
ID_wZOPxg_Ca,-16430.056800000002
ID_wZOPxg_Mg,-3624.5692000000004
ID_wZOPxg_S,-10.795577999999992
ID_wZOPxg_Fe,-281.9305
ID_wZOPxg_Mn,-307.19300000000004
ID_wZOPxg_Zn,-3.4200499999999994
ID_wZOPxg_Cu,-9.709666
ID_wZOPxg_B,-0.8375140000000009
ID_KElQdM_N,-4318.7
ID_KElQdM_P,-3.543759999999992
ID_KElQdM_K,-567.0600000000001
ID_KElQdM_Ca,-7837.322
ID_KElQdM_Mg,-3186.178
ID_KElQdM_S,-12.991199999999985
ID_KElQdM_Fe,-394.8602000000001
ID_KElQdM_Mn,-391.8620000000001
ID_KElQdM_Zn,-4.316399999999999
ID_KElQdM_Cu,-8.933540000000002
ID_KElQdM_B,-0.8008800000000003
ID_VaU78k_N,-5561.5
ID_VaU78k_P,-8.040607999999999
ID_VaU78k_K,-763.7651999999999
ID_VaU78k_Ca,-10521.338000000002
ID_VaU78k_Mg,-3068.9348
ID_VaU78k_S,-19.192252000000003
ID_VaU78k_Fe,-379.19184000000007
ID_VaU78k_Mn,-402.61840000000007
ID_VaU78k_Zn,-5.861820000000002
ID_VaU78k_Cu,-8.966672000000004
ID_VaU78k_B,-1.3744360000000002
ID_Rk0huW_N,-4076.38
ID_Rk0huW_P,-29.036240000000006
ID_Rk0huW_K,-679.12
ID_Rk0huW_Ca,-7874.892
ID_Rk0huW_Mg,-3078.382
ID_Rk0huW_S,-13.359359999999995
ID_Rk0huW_Fe,-427.82300000000004
ID_Rk0huW_Mn,-408.398
ID_Rk0huW_Zn,-5.826739999999999
ID_Rk0huW_Cu,-9.013880000000002
ID_Rk0huW_B,-0.78632
ID_ZHf5fU_N,-4277.75
ID_ZHf5fU_P,-1.9697500000000048
ID_ZHf5fU_K,-555.575
ID_ZHf5fU_Ca,-10200.85
ID_ZHf5fU_Mg,-3414.9
ID_ZHf5fU_S,-10.21449999999999
ID_ZHf5fU_Fe,-405.49999999999994
ID_ZHf5fU_Mn,-387.55000000000007
ID_ZHf5fU_Zn,-5.49575
ID_ZHf5fU_Cu,-7.913750000000001
ID_ZHf5fU_B,-0.6867500000000003
ID_XS45LF_N,-2916.4240000000004
ID_XS45LF_P,15.551416
ID_XS45LF_K,-464.70799999999997
ID_XS45LF_Ca,-19353.9976
ID_XS45LF_Mg,-5666.934400000001
ID_XS45LF_S,-11.930512
ID_XS45LF_Fe,-275.40504
ID_XS45LF_Mn,-328.8944
ID_XS45LF_Zn,-2.763984000000001
ID_XS45LF_Cu,-10.696376000000006
ID_XS45LF_B,-0.97152
ID_7P1YYW_N,-4297.866
ID_7P1YYW_P,-30.410383999999993
ID_7P1YYW_K,-552.1287999999998
ID_7P1YYW_Ca,-13727.525799999998
ID_7P1YYW_Mg,-3255.9992
ID_7P1YYW_S,-10.82302
ID_7P1YYW_Fe,-299.4977999999999
ID_7P1YYW_Mn,-342.32040000000006
ID_7P1YYW_Zn,-4.063448000000001
ID_7P1YYW_Cu,-9.088928
ID_7P1YYW_B,-0.6295440000000002
ID_W57bOP_N,-3913.0860000000002
ID_W57bOP_P,10.523189999999992
ID_W57bOP_K,-1031.9664
ID_W57bOP_Ca,-7569.376
ID_W57bOP_Mg,-2935.6638000000003
ID_W57bOP_S,-12.396019999999993
ID_W57bOP_Fe,-364.7168
ID_W57bOP_Mn,-323.3960000000001
ID_W57bOP_Zn,-4.5827800000000005
ID_W57bOP_Cu,-7.8866720000000035
ID_W57bOP_B,-0.591792
ID_9t3jew_N,-3997.7040000000006
ID_9t3jew_P,0.15681599999999207
ID_9t3jew_K,-752.3136
ID_9t3jew_Ca,-8967.807200000001
ID_9t3jew_Mg,-3110.1535999999996
ID_9t3jew_S,-14.568983999999997
ID_9t3jew_Fe,-407.24432
ID_9t3jew_Mn,-387.64560000000006
ID_9t3jew_Zn,-5.192895999999996
ID_9t3jew_Cu,-7.5698400000000055
ID_9t3jew_B,-0.7574960000000003
ID_IUUneF_N,-5078.076
ID_IUUneF_P,31.396384000000005
ID_IUUneF_K,-679.5056
ID_IUUneF_Ca,-6188.852800000001
ID_IUUneF_Mg,-1661.3696
ID_IUUneF_S,-19.972099999999998
ID_IUUneF_Fe,-306.81419999999997
ID_IUUneF_Mn,-302.5768
ID_IUUneF_Zn,-4.285071999999999
ID_IUUneF_Cu,-11.088116000000003
ID_IUUneF_B,-0.38020000000000004
ID_MAHKax_N,-5239.248
ID_MAHKax_P,30.891216
ID_MAHKax_K,-544.008
ID_MAHKax_Ca,-4977.2991999999995
ID_MAHKax_Mg,-1307.556
ID_MAHKax_S,-22.434367999999985
ID_MAHKax_Fe,-295.2435999999999
ID_MAHKax_Mn,-342.1944
ID_MAHKax_Zn,-3.639352
ID_MAHKax_Cu,-11.309288000000006
ID_MAHKax_B,-0.38191199999999986
ID_IO1UOY_N,-5431.112
ID_IO1UOY_P,30.773592
ID_IO1UOY_K,-775.5208000000001
ID_IO1UOY_Ca,-6242.975200000001
ID_IO1UOY_Mg,-1538.3495999999998
ID_IO1UOY_S,-18.537231999999996
ID_IO1UOY_Fe,-323.75872
ID_IO1UOY_Mn,-318.4376000000001
ID_IO1UOY_Zn,-5.336663999999999
ID_IO1UOY_Cu,-11.693712000000001
ID_IO1UOY_B,-0.39374399999999987
ID_ge1J8l_N,-4812.335999999999
ID_ge1J8l_P,9.079809999999995
ID_ge1J8l_K,-822.5974000000001
ID_ge1J8l_Ca,-9934.5312
ID_ge1J8l_Mg,-2866.4488
ID_ge1J8l_S,-9.778942000000004
ID_ge1J8l_Fe,-348.90561999999994
ID_ge1J8l_Mn,-198.52519999999998
ID_ge1J8l_Zn,-3.2092200000000006
ID_ge1J8l_Cu,-6.535025999999998
ID_ge1J8l_B,-0.3451060000000001
ID_DaWPof_N,-5263.7
ID_DaWPof_P,2.636728000000005
ID_DaWPof_K,-830.5195999999999
ID_DaWPof_Ca,-9174.0744
ID_DaWPof_Mg,-2698.0864
ID_DaWPof_S,-9.192600000000006
ID_DaWPof_Fe,-354.96436
ID_DaWPof_Mn,-219.11839999999998
ID_DaWPof_Zn,-3.3590360000000006
ID_DaWPof_Cu,-6.345879999999998
ID_DaWPof_B,-0.3349600000000002
ID_6FRlzL_N,-4521.976000000001
ID_6FRlzL_P,0.927104000000007
ID_6FRlzL_K,-1088.9736
ID_6FRlzL_Ca,-7466.0928
ID_6FRlzL_Mg,-1841.46
ID_6FRlzL_S,-22.014936
ID_6FRlzL_Fe,-400.08456000000007
ID_6FRlzL_Mn,-358.32952000000006
ID_6FRlzL_Zn,-4.107399999999999
ID_6FRlzL_Cu,-6.924791999999999
ID_6FRlzL_B,-0.5060240000000001
ID_OYieT8_N,-5669.0380000000005
ID_OYieT8_P,-6.672845999999993
ID_OYieT8_K,-903.6338000000001
ID_OYieT8_Ca,-9446.908800000001
ID_OYieT8_Mg,-2180.7932
ID_OYieT8_S,-27.09727799999999
ID_OYieT8_Fe,-374.33388
ID_OYieT8_Mn,-347.6129400000001
ID_OYieT8_Zn,-4.088374000000001
ID_OYieT8_Cu,-5.700444
ID_OYieT8_B,-0.5596060000000002
ID_mqPrZn_N,-6290.0960000000005
ID_mqPrZn_P,-2.566609999999997
ID_mqPrZn_K,-883.3658
ID_mqPrZn_Ca,-9345.151199999998
ID_mqPrZn_Mg,-2169.8134
ID_mqPrZn_S,-28.226411999999982
ID_mqPrZn_Fe,-362.47804
ID_mqPrZn_Mn,-335.33342000000005
ID_mqPrZn_Zn,-4.355671999999999
ID_mqPrZn_Cu,-5.534014000000001
ID_mqPrZn_B,-0.49293400000000037
ID_nAi2Ct_N,-5775.4400000000005
ID_nAi2Ct_P,9.057760000000002
ID_nAi2Ct_K,-956.648
ID_nAi2Ct_Ca,-9104.184
ID_nAi2Ct_Mg,-2087.896
ID_nAi2Ct_S,-26.545199999999994
ID_nAi2Ct_Fe,-348.43120000000005
ID_nAi2Ct_Mn,-392.312
ID_nAi2Ct_Zn,-4.358240000000001
ID_nAi2Ct_Cu,-5.912800000000002
ID_nAi2Ct_B,-0.5034400000000004
ID_JHNDeE_N,-6008.48
ID_JHNDeE_P,17.51343999999999
ID_JHNDeE_K,-1109.7920000000001
ID_JHNDeE_Ca,-10987.92
ID_JHNDeE_Mg,-2795.3439999999996
ID_JHNDeE_S,-13.178400000000007
ID_JHNDeE_Fe,-354.5656
ID_JHNDeE_Mn,-386.8640000000001
ID_JHNDeE_Zn,-4.141759999999998
ID_JHNDeE_Cu,-7.258479999999999
ID_JHNDeE_B,-0.6541600000000002
ID_1pLCee_N,-4110.22
ID_1pLCee_P,-16.20344799999998
ID_1pLCee_K,-946.8627999999999
ID_1pLCee_Ca,-11951.0516
ID_1pLCee_Mg,-2816.6172000000006
ID_1pLCee_S,-15.164519999999996
ID_1pLCee_Fe,-403.60560000000004
ID_1pLCee_Mn,-367.33240000000006
ID_1pLCee_Zn,-4.813792000000002
ID_1pLCee_Cu,-8.325847999999997
ID_1pLCee_B,-0.4721720000000002
ID_fWc5IY_N,-5027.432000000001
ID_fWc5IY_P,13.890719999999991
ID_fWc5IY_K,-1012.5087999999998
ID_fWc5IY_Ca,-6986.6048
ID_fWc5IY_Mg,-1852.292
ID_fWc5IY_S,-14.654247999999992
ID_fWc5IY_Fe,-421.62327999999997
ID_fWc5IY_Mn,-323.72720000000004
ID_fWc5IY_Zn,-4.711192000000002
ID_fWc5IY_Cu,-6.45492
ID_fWc5IY_B,-0.4468719999999999
ID_pYVffa_N,-5831.900000000001
ID_pYVffa_P,7.7416959999999975
ID_pYVffa_K,-909.0613999999998
ID_pYVffa_Ca,-9287.5344
ID_pYVffa_Mg,-2484.0298000000003
ID_pYVffa_S,-20.99751
ID_pYVffa_Fe,-291.00969999999995
ID_pYVffa_Mn,-270.03146000000004
ID_pYVffa_Zn,-3.8896880000000027
ID_pYVffa_Cu,-6.797770000000002
ID_pYVffa_B,-0.4439260000000002
ID_qB97hV_N,-5654.84
ID_qB97hV_P,-0.24960800000002337
ID_qB97hV_K,-823.8638
ID_qB97hV_Ca,-10045.808600000002
ID_qB97hV_Mg,-2705.676
ID_qB97hV_S,-10.088066000000008
ID_qB97hV_Fe,-345.54474
ID_qB97hV_Mn,-247.5008
ID_qB97hV_Zn,-3.6236280000000014
ID_qB97hV_Cu,-5.806881999999998
ID_qB97hV_B,-0.4733500000000003
ID_5Yqlwb_N,-4847.74
ID_5Yqlwb_P,-12.959816000000004
ID_5Yqlwb_K,-1071.8084
ID_5Yqlwb_Ca,-9583.311599999999
ID_5Yqlwb_Mg,-1969.5856
ID_5Yqlwb_S,-26.59827199999998
ID_5Yqlwb_Fe,-386.38868
ID_5Yqlwb_Mn,-362.0794800000001
ID_5Yqlwb_Zn,-4.431156000000001
ID_5Yqlwb_Cu,-6.214951999999999
ID_5Yqlwb_B,-0.48120800000000025
ID_cdQweP_N,-4090.888
ID_cdQweP_P,17.44996399999999
ID_cdQweP_K,-923.3879999999999
ID_cdQweP_Ca,-6428.3928
ID_cdQweP_Mg,-1666.1604
ID_cdQweP_S,-12.281567999999993
ID_cdQweP_Fe,-386.43587999999994
ID_cdQweP_Mn,-361.10480000000007
ID_cdQweP_Zn,-3.5723520000000004
ID_cdQweP_Cu,-4.610388000000002
ID_cdQweP_B,-0.38987600000000017
ID_zFtEVY_N,-4710.46
ID_zFtEVY_P,17.282135999999984
ID_zFtEVY_K,-908.2132
ID_zFtEVY_Ca,-6882.952000000001
ID_zFtEVY_Mg,-1507.6791999999998
ID_zFtEVY_S,-12.95924800000001
ID_zFtEVY_Fe,-362.62336
ID_zFtEVY_Mn,-330.8056
ID_zFtEVY_Zn,-4.115464
ID_zFtEVY_Cu,-8.557648
ID_zFtEVY_B,-0.5163360000000004
ID_TNQilY_N,-4960.016
ID_TNQilY_P,15.571335999999995
ID_TNQilY_K,-1055.5454
ID_TNQilY_Ca,-7434.909600000001
ID_TNQilY_Mg,-1799.0649999999998
ID_TNQilY_S,-27.911039999999993
ID_TNQilY_Fe,-362.58561999999995
ID_TNQilY_Mn,-334.4937800000001
ID_TNQilY_Zn,-4.232966
ID_TNQilY_Cu,-4.929513999999998
ID_TNQilY_B,-0.5464180000000004
ID_FHBNUg_N,-4706.9839999999995
ID_FHBNUg_P,-6.375503999999992
ID_FHBNUg_K,-936.7264000000001
ID_FHBNUg_Ca,-8532.4184
ID_FHBNUg_Mg,-2252.0240000000003
ID_FHBNUg_S,-13.843583999999993
ID_FHBNUg_Fe,-399.43232000000006
ID_FHBNUg_Mn,-338.69040000000007
ID_FHBNUg_Zn,-4.213792000000001
ID_FHBNUg_Cu,-6.247007999999996
ID_FHBNUg_B,-0.47031200000000023
ID_uRydgP_N,-6405.576
ID_uRydgP_P,-46.54285200000001
ID_uRydgP_K,-1704.6896000000002
ID_uRydgP_Ca,-12271.493199999999
ID_uRydgP_Mg,-2327.9044
ID_uRydgP_S,-27.49129599999999
ID_uRydgP_Fe,-428.16068000000007
ID_uRydgP_Mn,-330.00000000000006
ID_uRydgP_Zn,-5.662367999999999
ID_uRydgP_Cu,-7.203556000000001
ID_uRydgP_B,-0.9744480000000003
ID_1kW1LK_N,-4981.264
ID_1kW1LK_P,10.945016000000003
ID_1kW1LK_K,-1095.7967999999998
ID_1kW1LK_Ca,-8111.990399999999
ID_1kW1LK_Mg,-2014.344
ID_1kW1LK_S,-27.092696000000004
ID_1kW1LK_Fe,-365.32384
ID_1kW1LK_Mn,-294.82
ID_1kW1LK_Zn,-3.8613759999999995
ID_1kW1LK_Cu,-5.600231999999996
ID_1kW1LK_B,-0.4983760000000003
ID_rbMh0o_N,-4838.494
ID_rbMh0o_P,15.281151999999999
ID_rbMh0o_K,-1257.0505999999998
ID_rbMh0o_Ca,-7802.4220000000005
ID_rbMh0o_Mg,-1918.1989999999998
ID_rbMh0o_S,-27.525617999999987
ID_rbMh0o_Fe,-377.03218
ID_rbMh0o_Mn,-338.70734000000004
ID_rbMh0o_Zn,-4.715154000000002
ID_rbMh0o_Cu,-5.905659999999998
ID_rbMh0o_B,-0.5303240000000004
ID_h5Ncoa_N,-4556.456
ID_h5Ncoa_P,7.324419999999989
ID_h5Ncoa_K,-971.4476000000001
ID_h5Ncoa_Ca,-11270.418000000001
ID_h5Ncoa_Mg,-3348.3376000000007
ID_h5Ncoa_S,-25.760184000000002
ID_h5Ncoa_Fe,-368.89660000000003
ID_h5Ncoa_Mn,-359.0780000000001
ID_h5Ncoa_Zn,-4.2723320000000005
ID_h5Ncoa_Cu,-5.813727999999998
ID_h5Ncoa_B,-0.49682800000000055
ID_p4zl0l_N,-5221.0
ID_p4zl0l_P,-20.625750000000018
ID_p4zl0l_K,-1124.0
ID_p4zl0l_Ca,-11507.5
ID_p4zl0l_Mg,-2689.55
ID_p4zl0l_S,-11.606250000000003
ID_p4zl0l_Fe,-387.42
ID_p4zl0l_Mn,-321.92500000000007
ID_p4zl0l_Zn,-3.9842500000000007
ID_p4zl0l_Cu,-4.44125
ID_p4zl0l_B,-0.3867500000000003
ID_NH1a7g_N,-4918.528
ID_NH1a7g_P,20.429327999999998
ID_NH1a7g_K,-925.4176
ID_NH1a7g_Ca,-6761.2272
ID_NH1a7g_Mg,-1544.4552
ID_NH1a7g_S,-14.667192000000014
ID_NH1a7g_Fe,-351.57328
ID_NH1a7g_Mn,-378.5192
ID_NH1a7g_Zn,-4.232888000000001
ID_NH1a7g_Cu,-6.076383999999997
ID_NH1a7g_B,-0.4876720000000004
ID_cnF2aa_N,-5881.656
ID_cnF2aa_P,-15.410204000000014
ID_cnF2aa_K,-1082.1216000000002
ID_cnF2aa_Ca,-10196.699200000001
ID_cnF2aa_Mg,-2091.1256000000003
ID_cnF2aa_S,-19.169464000000012
ID_cnF2aa_Fe,-409.29955999999993
ID_cnF2aa_Mn,-346.27456
ID_cnF2aa_Zn,-4.033967999999999
ID_cnF2aa_Cu,-6.580044
ID_cnF2aa_B,-0.42881600000000014
ID_VYbZfC_N,-5803.828
ID_VYbZfC_P,-22.911729999999977
ID_VYbZfC_K,-1221.181
ID_VYbZfC_Ca,-10399.429
ID_VYbZfC_Mg,-2276.2763999999997
ID_VYbZfC_S,-23.72713200000001
ID_VYbZfC_Fe,-354.99809999999997
ID_VYbZfC_Mn,-304.14480000000003
ID_VYbZfC_Zn,-3.9706320000000006
ID_VYbZfC_Cu,-5.56674
ID_VYbZfC_B,-0.5559360000000005
ID_KMLCxf_N,-4483.28
ID_KMLCxf_P,-8.03264
ID_KMLCxf_K,-1059.68
ID_KMLCxf_Ca,-10649.688
ID_KMLCxf_Mg,-2273.752
ID_KMLCxf_S,-14.902079999999991
ID_KMLCxf_Fe,-414.1911999999999
ID_KMLCxf_Mn,-342.40880000000004
ID_KMLCxf_Zn,-4.425680000000002
ID_KMLCxf_Cu,-7.004799999999998
ID_KMLCxf_B,-0.51112
ID_sQWukH_N,-4817.6
ID_sQWukH_P,12.82767999999998
ID_sQWukH_K,-1009.0159999999998
ID_sQWukH_Ca,-7226.256
ID_sQWukH_Mg,-1614.232
ID_sQWukH_S,-26.83463999999998
ID_sQWukH_Fe,-355.47040000000004
ID_sQWukH_Mn,-363.5768000000001
ID_sQWukH_Zn,-4.774639999999998
ID_sQWukH_Cu,-5.28712
ID_sQWukH_B,-0.4549600000000003
ID_jwTmUf_N,-4464.0
ID_jwTmUf_P,0.21425000000001404
ID_jwTmUf_K,-960.725
ID_jwTmUf_Ca,-12421.650000000001
ID_jwTmUf_Mg,-3161.5249999999996
ID_jwTmUf_S,-14.09449999999999
ID_jwTmUf_Fe,-304.06000000000006
ID_jwTmUf_Mn,-341.00000000000006
ID_jwTmUf_Zn,-3.7740000000000014
ID_jwTmUf_Cu,-9.12425
ID_jwTmUf_B,-0.4545000000000003
ID_FjatrJ_N,-4647.996
ID_FjatrJ_P,1.4904559999999947
ID_FjatrJ_K,-1123.6408
ID_FjatrJ_Ca,-10766.846400000002
ID_FjatrJ_Mg,-2795.194
ID_FjatrJ_S,-11.443031999999995
ID_FjatrJ_Fe,-355.42291999999986
ID_FjatrJ_Mn,-309.9192000000001
ID_FjatrJ_Zn,-5.251528
ID_FjatrJ_Cu,-8.801892000000004
ID_FjatrJ_B,-0.49510800000000027
ID_bPVCYl_N,-4848.044
ID_bPVCYl_P,-6.993536000000006
ID_bPVCYl_K,-826.5072
ID_bPVCYl_Ca,-10914.421999999999
ID_bPVCYl_Mg,-2915.3552
ID_bPVCYl_S,-12.787906
ID_bPVCYl_Fe,-306.07409999999993
ID_bPVCYl_Mn,-266.2122
ID_bPVCYl_Zn,-4.153673999999997
ID_bPVCYl_Cu,-7.7782519999999975
ID_bPVCYl_B,-0.44228600000000023
ID_A5MVlJ_N,-5774.57
ID_A5MVlJ_P,0.7174839999999847
ID_A5MVlJ_K,-989.4638
ID_A5MVlJ_Ca,-9291.372000000001
ID_A5MVlJ_Mg,-2537.6157999999996
ID_A5MVlJ_S,-10.975524000000007
ID_A5MVlJ_Fe,-321.34312
ID_A5MVlJ_Mn,-233.249
ID_A5MVlJ_Zn,-4.135388000000003
ID_A5MVlJ_Cu,-5.523172
ID_A5MVlJ_B,-0.5082760000000003
ID_uy6Tol_N,-5807.88
ID_uy6Tol_P,-5.832760000000015
ID_uy6Tol_K,-997.104
ID_uy6Tol_Ca,-9352.3784
ID_uy6Tol_Mg,-2556.7368
ID_uy6Tol_S,-22.14947199999998
ID_uy6Tol_Fe,-368.40016
ID_uy6Tol_Mn,-264.75048000000004
ID_uy6Tol_Zn,-3.579496000000003
ID_uy6Tol_Cu,-5.258264
ID_uy6Tol_B,-0.4904880000000001
ID_YjA7HF_N,-5426.648
ID_YjA7HF_P,34.246084
ID_YjA7HF_K,-754.9548
ID_YjA7HF_Ca,-7375.0124
ID_YjA7HF_Mg,-1902.3256000000001
ID_YjA7HF_S,-13.426640000000003
ID_YjA7HF_Fe,-360.25168
ID_YjA7HF_Mn,-233.32259999999997
ID_YjA7HF_Zn,-3.057400000000001
ID_YjA7HF_Cu,-4.994124
ID_YjA7HF_B,-0.4026200000000002
ID_rWornD_N,-4915.176
ID_rWornD_P,33.77678
ID_rWornD_K,-803.5615999999999
ID_rWornD_Ca,-7545.168
ID_rWornD_Mg,-1802.8948
ID_rWornD_S,-12.751604000000004
ID_rWornD_Fe,-316.94656
ID_rWornD_Mn,-236.18239999999997
ID_rWornD_Zn,-3.4854560000000014
ID_rWornD_Cu,-5.047708
ID_rWornD_B,-0.41727200000000036
ID_VZMI43_N,-4759.504
ID_VZMI43_P,10.667295999999993
ID_VZMI43_K,-961.4784000000002
ID_VZMI43_Ca,-8231.9792
ID_VZMI43_Mg,-2228.6259999999997
ID_VZMI43_S,-10.514124000000002
ID_VZMI43_Fe,-338.76016
ID_VZMI43_Mn,-247.06480000000002
ID_VZMI43_Zn,-4.081791999999999
ID_VZMI43_Cu,-5.059908
ID_VZMI43_B,-0.38994400000000046
ID_A9pbjJ_N,-5115.5
ID_A9pbjJ_P,9.38776
ID_A9pbjJ_K,-875.566
ID_A9pbjJ_Ca,-8070.012
ID_A9pbjJ_Mg,-2272.302
ID_A9pbjJ_S,-12.552744000000004
ID_A9pbjJ_Fe,-365.871
ID_A9pbjJ_Mn,-271.172
ID_A9pbjJ_Zn,-5.277148000000002
ID_A9pbjJ_Cu,-5.284388000000005
ID_A9pbjJ_B,-0.4912040000000006
ID_L4MUiF_N,-5538.8
ID_L4MUiF_P,17.07207999999999
ID_L4MUiF_K,-857.1199999999999
ID_L4MUiF_Ca,-8845.152
ID_L4MUiF_Mg,-2376.3280000000004
ID_L4MUiF_S,-15.61104000000001
ID_L4MUiF_Fe,-348.5128
ID_L4MUiF_Mn,-278.576
ID_L4MUiF_Zn,-3.5362400000000003
ID_L4MUiF_Cu,-6.4729600000000005
ID_L4MUiF_B,-0.5024800000000006
ID_Un41IF_N,-5053.416
ID_Un41IF_P,24.891232
ID_Un41IF_K,-1097.5136
ID_Un41IF_Ca,-7404.135200000001
ID_Un41IF_Mg,-1758.6336000000001
ID_Un41IF_S,-11.821063999999993
ID_Un41IF_Fe,-321.41319999999996
ID_Un41IF_Mn,-292.47679999999997
ID_Un41IF_Zn,-4.6726800000000015
ID_Un41IF_Cu,-6.45608
ID_Un41IF_B,-0.5324800000000005
ID_Obc9P3_N,-4863.200000000001
ID_Obc9P3_P,35.99608
ID_Obc9P3_K,-820.904
ID_Obc9P3_Ca,-7500.696000000001
ID_Obc9P3_Mg,-1657.144
ID_Obc9P3_S,-12.03576
ID_Obc9P3_Fe,-324.3904
ID_Obc9P3_Mn,-262.42400000000004
ID_Obc9P3_Zn,-3.6689600000000007
ID_Obc9P3_Cu,-5.185839999999999
ID_Obc9P3_B,-0.4345600000000002
ID_JHJKsp_N,-4727.92
ID_JHJKsp_P,34.621312
ID_JHJKsp_K,-908.2944
ID_JHJKsp_Ca,-5456.6344
ID_JHJKsp_Mg,-1224.6624000000002
ID_JHJKsp_S,-19.294015999999985
ID_JHJKsp_Fe,-314.22351999999995
ID_JHJKsp_Mn,-295.2608000000001
ID_JHJKsp_Zn,-3.4486479999999995
ID_JHJKsp_Cu,-4.663416000000002
ID_JHJKsp_B,-0.4308640000000003
ID_Uxa2o4_N,-5328.304
ID_Uxa2o4_P,2.6256700000000066
ID_Uxa2o4_K,-1155.1836
ID_Uxa2o4_Ca,-8878.466199999999
ID_Uxa2o4_Mg,-2360.7188
ID_Uxa2o4_S,-38.67805400000003
ID_Uxa2o4_Fe,-333.79229999999984
ID_Uxa2o4_Mn,-258.59159999999997
ID_Uxa2o4_Zn,-9.774976000000002
ID_Uxa2o4_Cu,-10.749427999999998
ID_Uxa2o4_B,-0.623052
ID_NCn4Mn_N,-4858.5960000000005
ID_NCn4Mn_P,27.910428000000003
ID_NCn4Mn_K,-902.3132
ID_NCn4Mn_Ca,-7383.0836
ID_NCn4Mn_Mg,-1873.6752000000001
ID_NCn4Mn_S,-28.416416000000005
ID_NCn4Mn_Fe,-267.67124
ID_NCn4Mn_Mn,-241.75959999999995
ID_NCn4Mn_Zn,-5.746384000000001
ID_NCn4Mn_Cu,-11.075843999999998
ID_NCn4Mn_B,-0.40379999999999994
ID_rxqp9x_N,-4366.464
ID_rxqp9x_P,20.505504
ID_rxqp9x_K,-790.6704
ID_rxqp9x_Ca,-7626.437599999999
ID_rxqp9x_Mg,-2295.9456000000005
ID_rxqp9x_S,-10.103567999999996
ID_rxqp9x_Fe,-273.2639199999999
ID_rxqp9x_Mn,-253.82559999999998
ID_rxqp9x_Zn,-4.345328000000002
ID_rxqp9x_Cu,-10.464807999999996
ID_rxqp9x_B,-0.4027920000000001
ID_dnwtOs_N,-4426.32
ID_dnwtOs_P,6.218016000000013
ID_dnwtOs_K,-911.7048
ID_dnwtOs_Ca,-8737.184
ID_dnwtOs_Mg,-2066.5208000000002
ID_dnwtOs_S,-31.359871999999996
ID_dnwtOs_Fe,-290.9678399999999
ID_dnwtOs_Mn,-298.55520000000007
ID_dnwtOs_Zn,-4.226312
ID_dnwtOs_Cu,-9.890608000000006
ID_dnwtOs_B,-0.45290400000000025
ID_UkIjYK_N,-4670.558
ID_UkIjYK_P,10.95264400000002
ID_UkIjYK_K,-795.3374
ID_UkIjYK_Ca,-8225.525399999999
ID_UkIjYK_Mg,-1872.2133999999999
ID_UkIjYK_S,-15.334241999999985
ID_UkIjYK_Fe,-288.5573799999999
ID_UkIjYK_Mn,-271.7654
ID_UkIjYK_Zn,-3.7811120000000016
ID_UkIjYK_Cu,-8.063242
ID_UkIjYK_B,-0.3641320000000002
ID_ucU3Hf_N,-4646.731999999999
ID_ucU3Hf_P,11.116276
ID_ucU3Hf_K,-922.5859999999999
ID_ucU3Hf_Ca,-6968.1972
ID_ucU3Hf_Mg,-1906.2424
ID_ucU3Hf_S,-16.321475999999997
ID_ucU3Hf_Fe,-286.19271999999995
ID_ucU3Hf_Mn,-300.6284
ID_ucU3Hf_Zn,-4.664792000000001
ID_ucU3Hf_Cu,-11.598544
ID_ucU3Hf_B,-0.38192800000000016
ID_wMFaF5_N,-4430.04
ID_wMFaF5_P,24.811068000000006
ID_wMFaF5_K,-754.6872000000002
ID_wMFaF5_Ca,-7081.327600000001
ID_wMFaF5_Mg,-1604.3934000000002
ID_wMFaF5_S,-9.623638
ID_wMFaF5_Fe,-297.71176
ID_wMFaF5_Mn,-261.0190600000001
ID_wMFaF5_Zn,-2.8281440000000027
ID_wMFaF5_Cu,-9.692404000000003
ID_wMFaF5_B,-0.27054399999999973
ID_Hpaazs_N,-4441.472
ID_Hpaazs_P,31.684576
ID_Hpaazs_K,-732.9764
ID_Hpaazs_Ca,-7991.923200000001
ID_Hpaazs_Mg,-2089.2484
ID_Hpaazs_S,-12.320790000000002
ID_Hpaazs_Fe,-309.10491999999994
ID_Hpaazs_Mn,-228.92
ID_Hpaazs_Zn,-4.454096
ID_Hpaazs_Cu,-9.969406
ID_Hpaazs_B,-0.34658200000000006
ID_E5E6Jj_N,-4426.256
ID_E5E6Jj_P,14.955112000000003
ID_E5E6Jj_K,-786.7664
ID_E5E6Jj_Ca,-8220.0084
ID_E5E6Jj_Mg,-2005.5591999999997
ID_E5E6Jj_S,-9.07472399999999
ID_E5E6Jj_Fe,-307.5768399999999
ID_E5E6Jj_Mn,-266.77040000000005
ID_E5E6Jj_Zn,-4.277875999999999
ID_E5E6Jj_Cu,-10.795071999999998
ID_E5E6Jj_B,-0.39902799999999994
ID_G796eh_N,-4582.688
ID_G796eh_P,31.411592
ID_G796eh_K,-785.4735999999999
ID_G796eh_Ca,-7455.5
ID_G796eh_Mg,-1838.8591999999999
ID_G796eh_S,-12.884319999999995
ID_G796eh_Fe,-283.91736
ID_G796eh_Mn,-289.22880000000004
ID_G796eh_Zn,-3.4783440000000017
ID_G796eh_Cu,-10.237912
ID_G796eh_B,-0.2659119999999997
ID_d2h7Qv_N,-3822.8799999999997
ID_d2h7Qv_P,7.973649999999999
ID_d2h7Qv_K,-668.498
ID_d2h7Qv_Ca,-8870.001999999999
ID_d2h7Qv_Mg,-2295.082
ID_d2h7Qv_S,-8.933449999999986
ID_d2h7Qv_Fe,-276.04179999999985
ID_d2h7Qv_Mn,-313.113
ID_d2h7Qv_Zn,-3.1143999999999994
ID_d2h7Qv_Cu,-10.679690000000003
ID_d2h7Qv_B,-0.4466999999999998
ID_QauHTk_N,-4675.320000000001
ID_QauHTk_P,18.180840000000003
ID_QauHTk_K,-655.4100000000001
ID_QauHTk_Ca,-7661.5120000000015
ID_QauHTk_Mg,-1964.0140000000004
ID_QauHTk_S,-9.15695999999999
ID_QauHTk_Fe,-267.17539999999997
ID_QauHTk_Mn,-229.852
ID_QauHTk_Zn,-3.309860000000001
ID_QauHTk_Cu,-10.681640000000003
ID_QauHTk_B,-0.3793600000000004
ID_AJy7ui_N,-4277.62
ID_AJy7ui_P,30.231602000000002
ID_AJy7ui_K,-821.49
ID_AJy7ui_Ca,-7542.7958
ID_AJy7ui_Mg,-1883.62
ID_AJy7ui_S,-11.737005999999987
ID_AJy7ui_Fe,-265.0437999999999
ID_AJy7ui_Mn,-268.3592
ID_AJy7ui_Zn,-3.349792000000001
ID_AJy7ui_Cu,-10.496128000000002
ID_AJy7ui_B,-0.38917600000000024
ID_V5dvNw_N,-4069.022
ID_V5dvNw_P,35.401578
ID_V5dvNw_K,-705.5294
ID_V5dvNw_Ca,-6530.4965999999995
ID_V5dvNw_Mg,-1907.1691999999996
ID_V5dvNw_S,-11.281390000000002
ID_V5dvNw_Fe,-255.39585999999997
ID_V5dvNw_Mn,-226.1198
ID_V5dvNw_Zn,-3.9507260000000026
ID_V5dvNw_Cu,-9.891577999999999
ID_V5dvNw_B,-0.2958379999999998
ID_M2sFyD_N,-4561.249999999999
ID_M2sFyD_P,14.206845999999999
ID_M2sFyD_K,-505.81319999999994
ID_M2sFyD_Ca,-7865.049199999999
ID_M2sFyD_Mg,-2012.5303999999996
ID_M2sFyD_S,-8.391753999999995
ID_M2sFyD_Fe,-250.86456000000004
ID_M2sFyD_Mn,-219.4076
ID_M2sFyD_Zn,-3.258036000000001
ID_M2sFyD_Cu,-10.282332000000004
ID_M2sFyD_B,-0.36702800000000024
ID_4zwPmM_N,-4181.57
ID_4zwPmM_P,13.101932000000016
ID_4zwPmM_K,-883.3009999999999
ID_4zwPmM_Ca,-7863.5801999999985
ID_4zwPmM_Mg,-1827.9109999999998
ID_4zwPmM_S,-8.28010999999999
ID_4zwPmM_Fe,-271.8102399999999
ID_4zwPmM_Mn,-257.918
ID_4zwPmM_Zn,-3.3836920000000017
ID_4zwPmM_Cu,-10.455222000000001
ID_4zwPmM_B,-0.4375400000000002
ID_7sHLSq_N,-4684.13
ID_7sHLSq_P,-4.225298000000016
ID_7sHLSq_K,-862.94
ID_7sHLSq_Ca,-8545.684200000002
ID_7sHLSq_Mg,-2344.87
ID_7sHLSq_S,-10.46095799999999
ID_7sHLSq_Fe,-271.17585999999994
ID_7sHLSq_Mn,-260.5334000000001
ID_7sHLSq_Zn,-5.444851999999996
ID_7sHLSq_Cu,-10.225870000000004
ID_7sHLSq_B,-0.440884
ID_w4B0AI_N,-4143.8060000000005
ID_w4B0AI_P,17.443540000000002
ID_w4B0AI_K,-612.7038000000002
ID_w4B0AI_Ca,-7692.447
ID_w4B0AI_Mg,-2175.4444000000003
ID_w4B0AI_S,-6.820593999999996
ID_w4B0AI_Fe,-229.76115999999993
ID_w4B0AI_Mn,-233.33960000000002
ID_w4B0AI_Zn,-2.8100500000000013
ID_w4B0AI_Cu,-9.914328000000006
ID_w4B0AI_B,-0.38979000000000014
ID_wZz3iX_N,-4774.706000000001
ID_wZz3iX_P,-6.130054000000008
ID_wZz3iX_K,-542.8986000000001
ID_wZz3iX_Ca,-7119.9352
ID_wZz3iX_Mg,-1631.882
ID_wZz3iX_S,-6.315831999999997
ID_wZz3iX_Fe,-321.59956000000005
ID_wZz3iX_Mn,-286.8094000000001
ID_wZz3iX_Zn,-2.683312000000001
ID_wZz3iX_Cu,-7.205684000000002
ID_wZz3iX_B,-0.3291680000000001
ID_eAiMou_N,-4539.800000000001
ID_eAiMou_P,23.263641999999997
ID_eAiMou_K,-510.6146000000001
ID_eAiMou_Ca,-6243.138600000002
ID_eAiMou_Mg,-1511.0794000000003
ID_eAiMou_S,-8.704607999999993
ID_eAiMou_Fe,-278.70688
ID_eAiMou_Mn,-313.1528000000001
ID_eAiMou_Zn,-2.633630000000001
ID_eAiMou_Cu,-9.144868000000004
ID_eAiMou_B,-0.374434
ID_DaMp8Y_N,-5052.799999999999
ID_DaMp8Y_P,18.565720000000002
ID_DaMp8Y_K,-745.6808000000001
ID_DaMp8Y_Ca,-6420.8376
ID_DaMp8Y_Mg,-1409.5216
ID_DaMp8Y_S,-13.843571999999995
ID_DaMp8Y_Fe,-290.59084
ID_DaMp8Y_Mn,-321.93272
ID_DaMp8Y_Zn,-3.3364640000000003
ID_DaMp8Y_Cu,-7.643655999999996
ID_DaMp8Y_B,-0.3739480000000001
ID_lXCddv_N,-4481.06
ID_lXCddv_P,-2.0558599999999956
ID_lXCddv_K,-587.2320000000001
ID_lXCddv_Ca,-6657.696000000001
ID_lXCddv_Mg,-1845.1040000000005
ID_lXCddv_S,-8.010539999999995
ID_lXCddv_Fe,-332.76400000000007
ID_lXCddv_Mn,-283.7454000000001
ID_lXCddv_Zn,-2.6976000000000013
ID_lXCddv_Cu,-9.605619999999996
ID_lXCddv_B,-0.3316200000000001
ID_VKXk1U_N,-3680.484
ID_VKXk1U_P,14.271516000000002
ID_VKXk1U_K,-1090.3344000000002
ID_VKXk1U_Ca,-12782.669200000002
ID_VKXk1U_Mg,-3260.5056000000004
ID_VKXk1U_S,-14.420200000000001
ID_VKXk1U_Fe,-222.89968
ID_VKXk1U_Mn,-362.89840000000004
ID_VKXk1U_Zn,-4.502900000000002
ID_VKXk1U_Cu,-8.829123999999997
ID_VKXk1U_B,-0.87462
ID_Gxg64h_N,-4552.388
ID_Gxg64h_P,-23.071189999999994
ID_Gxg64h_K,-1449.695
ID_Gxg64h_Ca,-10215.3444
ID_Gxg64h_Mg,-2554.768
ID_Gxg64h_S,-17.107493999999992
ID_Gxg64h_Fe,-317.15218
ID_Gxg64h_Mn,-382.2368
ID_Gxg64h_Zn,-7.806145999999998
ID_Gxg64h_Cu,-10.387329999999999
ID_Gxg64h_B,-1.606671999999999
ID_IDbnoL_N,-3760.252
ID_IDbnoL_P,6.520095999999995
ID_IDbnoL_K,-1174.3504
ID_IDbnoL_Ca,-16544.2968
ID_IDbnoL_Mg,-3517.3680000000004
ID_IDbnoL_S,-17.652219999999996
ID_IDbnoL_Fe,-271.2253999999999
ID_IDbnoL_Mn,-346.284
ID_IDbnoL_Zn,-5.3565119999999995
ID_IDbnoL_Cu,-12.942839999999993
ID_IDbnoL_B,-0.8864200000000002
ID_Dgcm3O_N,-5391.48
ID_Dgcm3O_P,-28.008239999999986
ID_Dgcm3O_K,-1240.0249999999999
ID_Dgcm3O_Ca,-11532.942000000001
ID_Dgcm3O_Mg,-2651.0069999999996
ID_Dgcm3O_S,-17.12075999999999
ID_Dgcm3O_Fe,-293.33779999999996
ID_Dgcm3O_Mn,-398.581
ID_Dgcm3O_Zn,-6.384539999999999
ID_Dgcm3O_Cu,-8.272049999999997
ID_Dgcm3O_B,-1.2793000000000008
ID_slnedn_N,-5565.842000000001
ID_slnedn_P,-11.619698000000021
ID_slnedn_K,-1044.8984
ID_slnedn_Ca,-10024.845000000001
ID_slnedn_Mg,-2040.9508
ID_slnedn_S,-24.209627999999988
ID_slnedn_Fe,-323.72757999999993
ID_slnedn_Mn,-289.91210000000007
ID_slnedn_Zn,-5.392435999999997
ID_slnedn_Cu,-7.277938000000002
ID_slnedn_B,-0.7345540000000002
ID_jRaSaV_N,-5280.62
ID_jRaSaV_P,-3.7220800000000196
ID_jRaSaV_K,-1146.6219999999998
ID_jRaSaV_Ca,-12106.631000000001
ID_jRaSaV_Mg,-3590.6720000000005
ID_jRaSaV_S,-16.928710000000002
ID_jRaSaV_Fe,-290.86069999999995
ID_jRaSaV_Mn,-309.548
ID_jRaSaV_Zn,-4.6623
ID_jRaSaV_Cu,-8.555410000000002
ID_jRaSaV_B,-1.1615400000000007
ID_y4F6Ck_N,-4557.812
ID_y4F6Ck_P,-16.379384000000044
ID_y4F6Ck_K,-1003.982
ID_y4F6Ck_Ca,-10440.956400000001
ID_y4F6Ck_Mg,-2465.0248
ID_y4F6Ck_S,-12.764447999999998
ID_y4F6Ck_Fe,-299.49423999999993
ID_y4F6Ck_Mn,-363.16652000000005
ID_y4F6Ck_Zn,-5.026171999999998
ID_y4F6Ck_Cu,-7.5260080000000045
ID_y4F6Ck_B,-0.8520640000000004
ID_h6nLxU_N,-5022.516
ID_h6nLxU_P,-11.270585999999994
ID_h6nLxU_K,-1024.3476
ID_h6nLxU_Ca,-10502.1302
ID_h6nLxU_Mg,-2566.027
ID_h6nLxU_S,-12.055214
ID_h6nLxU_Fe,-312.73206
ID_h6nLxU_Mn,-355.2223
ID_h6nLxU_Zn,-5.463118
ID_h6nLxU_Cu,-7.195398000000004
ID_h6nLxU_B,-0.7788000000000007
ID_fwOmYp_N,-5033.184
ID_fwOmYp_P,-33.774525999999994
ID_fwOmYp_K,-1403.5128
ID_fwOmYp_Ca,-9843.1516
ID_fwOmYp_Mg,-2740.8286000000003
ID_fwOmYp_S,-15.05345999999999
ID_fwOmYp_Fe,-253.2864199999999
ID_fwOmYp_Mn,-409.4122000000001
ID_fwOmYp_Zn,-12.331334
ID_fwOmYp_Cu,-9.015122
ID_fwOmYp_B,-0.8731900000000005
ID_DIoO9l_N,-5138.792
ID_DIoO9l_P,-28.476824000000008
ID_DIoO9l_K,-1255.7089999999998
ID_DIoO9l_Ca,-11166.3906
ID_DIoO9l_Mg,-2703.7558
ID_DIoO9l_S,-14.47944
ID_DIoO9l_Fe,-267.10426
ID_DIoO9l_Mn,-405.0986
ID_DIoO9l_Zn,-12.281863999999997
ID_DIoO9l_Cu,-9.644146000000003
ID_DIoO9l_B,-1.5198580000000008
ID_EZxieG_N,-5183.804
ID_EZxieG_P,-5.63437600000001
ID_EZxieG_K,-1155.0456
ID_EZxieG_Ca,-10545.294800000001
ID_EZxieG_Mg,-2469.5516
ID_EZxieG_S,-19.043439999999993
ID_EZxieG_Fe,-247.30915999999993
ID_EZxieG_Mn,-334.94892000000004
ID_EZxieG_Zn,-5.408195999999999
ID_EZxieG_Cu,-8.554892000000002
ID_EZxieG_B,-0.8382760000000001
ID_IkOT7L_N,-4687.776000000001
ID_IkOT7L_P,15.070144000000003
ID_IkOT7L_K,-1007.184
ID_IkOT7L_Ca,-9598.5856
ID_IkOT7L_Mg,-2493.4976000000006
ID_IkOT7L_S,-17.211391999999996
ID_IkOT7L_Fe,-218.69088000000002
ID_IkOT7L_Mn,-365.90720000000005
ID_IkOT7L_Zn,-4.329312
ID_IkOT7L_Cu,-10.395648000000005
ID_IkOT7L_B,-0.8191359999999998
ID_5Egyjj_N,-3630.688
ID_5Egyjj_P,7.306211999999995
ID_5Egyjj_K,-1087.29
ID_5Egyjj_Ca,-16345.183600000002
ID_5Egyjj_Mg,-3398.424
ID_5Egyjj_S,-16.751879999999996
ID_5Egyjj_Fe,-270.2955599999999
ID_5Egyjj_Mn,-369.53000000000003
ID_5Egyjj_Zn,-4.865396000000001
ID_5Egyjj_Cu,-12.904843999999999
ID_5Egyjj_B,-0.8765080000000001
ID_fmx9KS_N,-5377.22
ID_fmx9KS_P,-35.09545999999999
ID_fmx9KS_K,-1224.707
ID_fmx9KS_Ca,-10358.332
ID_fmx9KS_Mg,-2427.033
ID_fmx9KS_S,-17.59064999999998
ID_fmx9KS_Fe,-273.3438999999999
ID_fmx9KS_Mn,-341.035
ID_fmx9KS_Zn,-5.830700000000002
ID_fmx9KS_Cu,-8.346570000000007
ID_fmx9KS_B,-1.1008200000000006
ID_PG810a_N,-5837.216
ID_PG810a_P,2.064862000000005
ID_PG810a_K,-1438.4672
ID_PG810a_Ca,-6511.383400000001
ID_PG810a_Mg,-1837.0224000000003
ID_PG810a_S,-13.474559999999997
ID_PG810a_Fe,-334.1035800000001
ID_PG810a_Mn,-400.1866000000001
ID_PG810a_Zn,-5.877475999999994
ID_PG810a_Cu,-10.789755999999999
ID_PG810a_B,-1.0017700000000012
ID_ll5Wxb_N,-5658.592000000001
ID_ll5Wxb_P,28.232383999999996
ID_ll5Wxb_K,-782.0640000000002
ID_ll5Wxb_Ca,-3869.5392
ID_ll5Wxb_Mg,-849.2480000000002
ID_ll5Wxb_S,-28.893888000000004
ID_ll5Wxb_Fe,-252.40736000000007
ID_ll5Wxb_Mn,-271.15520000000004
ID_ll5Wxb_Zn,-14.778240000000006
ID_ll5Wxb_Cu,-8.854528000000006
ID_ll5Wxb_B,-0.5440640000000002
ID_MmhOtv_N,-5812.032000000001
ID_MmhOtv_P,27.405151999999998
ID_MmhOtv_K,-739.1008000000002
ID_MmhOtv_Ca,-3249.2160000000003
ID_MmhOtv_Mg,-807.9200000000001
ID_MmhOtv_S,-37.32838399999999
ID_MmhOtv_Fe,-282.11872000000005
ID_MmhOtv_Mn,-259.44000000000005
ID_MmhOtv_Zn,-13.281248000000005
ID_MmhOtv_Cu,-9.615904000000004
ID_MmhOtv_B,-0.6773440000000003
ID_Dbhmwd_N,-5916.92
ID_Dbhmwd_P,32.250964
ID_Dbhmwd_K,-696.2959999999999
ID_Dbhmwd_Ca,-4275.0384
ID_Dbhmwd_Mg,-877.9623999999999
ID_Dbhmwd_S,-25.386072000000006
ID_Dbhmwd_Fe,-240.24159999999998
ID_Dbhmwd_Mn,-372.95
ID_Dbhmwd_Zn,-3.497431999999998
ID_Dbhmwd_Cu,-8.474032000000006
ID_Dbhmwd_B,-0.609472
ID_4EnLAT_N,-5429.912
ID_4EnLAT_P,33.124660000000006
ID_4EnLAT_K,-699.9895999999999
ID_4EnLAT_Ca,-3064.4267999999993
ID_4EnLAT_Mg,-692.872
ID_4EnLAT_S,-33.41987999999999
ID_4EnLAT_Fe,-254.24079999999995
ID_4EnLAT_Mn,-295.47560000000004
ID_4EnLAT_Zn,-4.235696000000001
ID_4EnLAT_Cu,-8.284108000000003
ID_4EnLAT_B,-0.48133600000000004
ID_M2HR46_N,-5661.103999999999
ID_M2HR46_P,32.117812
ID_M2HR46_K,-869.6444
ID_M2HR46_Ca,-4336.53
ID_M2HR46_Mg,-953.6812
ID_M2HR46_S,-22.824492
ID_M2HR46_Fe,-233.95791999999997
ID_M2HR46_Mn,-363.64759999999995
ID_M2HR46_Zn,-4.856996000000001
ID_M2HR46_Cu,-9.352972000000003
ID_M2HR46_B,-0.563872
ID_pGhj8z_N,-5676.0560000000005
ID_pGhj8z_P,31.716616
ID_pGhj8z_K,-1091.3960000000002
ID_pGhj8z_Ca,-5355.816000000001
ID_pGhj8z_Mg,-1429.6312000000003
ID_pGhj8z_S,-15.570240000000002
ID_pGhj8z_Fe,-341.56431999999995
ID_pGhj8z_Mn,-336.0416000000001
ID_pGhj8z_Zn,-5.099144000000001
ID_pGhj8z_Cu,-14.003080000000004
ID_pGhj8z_B,-0.6511600000000003
ID_72PuIl_N,-5935.7660000000005
ID_72PuIl_P,25.646225999999995
ID_72PuIl_K,-1011.7092
ID_72PuIl_Ca,-3166.5054
ID_72PuIl_Mg,-783.8196000000002
ID_72PuIl_S,-28.738532000000006
ID_72PuIl_Fe,-281.39664
ID_72PuIl_Mn,-301.5518
ID_72PuIl_Zn,-5.22658
ID_72PuIl_Cu,-10.999532000000013
ID_72PuIl_B,-0.8866120000000007
ID_P9zHaz_N,-5488.527999999999
ID_P9zHaz_P,29.547048000000004
ID_P9zHaz_K,-1203.769
ID_P9zHaz_Ca,-5856.2256
ID_P9zHaz_Mg,-1292.404
ID_P9zHaz_S,-13.124645999999988
ID_P9zHaz_Fe,-347.30554
ID_P9zHaz_Mn,-482.71342
ID_P9zHaz_Zn,-6.091623999999996
ID_P9zHaz_Cu,-11.966484000000001
ID_P9zHaz_B,-0.6070400000000005
ID_ZyS9FQ_N,-5295.072
ID_ZyS9FQ_P,-4.6535319999999984
ID_ZyS9FQ_K,-1435.532
ID_ZyS9FQ_Ca,-8913.5988
ID_ZyS9FQ_Mg,-1953.4991999999995
ID_ZyS9FQ_S,-14.674327999999992
ID_ZyS9FQ_Fe,-329.6526799999999
ID_ZyS9FQ_Mn,-531.0841999999999
ID_ZyS9FQ_Zn,-6.450059999999998
ID_ZyS9FQ_Cu,-13.428025999999992
ID_ZyS9FQ_B,-0.8809520000000001
ID_FtO21a_N,-5765.23
ID_FtO21a_P,32.40264
ID_FtO21a_K,-732.7139999999999
ID_FtO21a_Ca,-3621.609
ID_FtO21a_Mg,-769.0089999999999
ID_FtO21a_S,-26.55444
ID_FtO21a_Fe,-217.73449999999994
ID_FtO21a_Mn,-378.64
ID_FtO21a_Zn,-3.9610300000000023
ID_FtO21a_Cu,-10.891290000000003
ID_FtO21a_B,-0.6146000000000003
ID_2LfJUq_N,-5225.726
ID_2LfJUq_P,20.695344000000006
ID_2LfJUq_K,-1183.9340000000002
ID_2LfJUq_Ca,-6523.242
ID_2LfJUq_Mg,-1836.857
ID_2LfJUq_S,-16.43552599999999
ID_2LfJUq_Fe,-306.83403999999996
ID_2LfJUq_Mn,-407.7866600000001
ID_2LfJUq_Zn,-4.167219999999999
ID_2LfJUq_Cu,-10.566882000000005
ID_2LfJUq_B,-0.9207900000000001
ID_UtQKvO_N,-5665.984
ID_UtQKvO_P,31.67056
ID_UtQKvO_K,-940.8128000000003
ID_UtQKvO_Ca,-4354.857600000001
ID_UtQKvO_Mg,-969.2224000000002
ID_UtQKvO_S,-17.446368000000003
ID_UtQKvO_Fe,-265.98848000000004
ID_UtQKvO_Mn,-386.56000000000006
ID_UtQKvO_Zn,-3.7276480000000016
ID_UtQKvO_Cu,-9.455744000000003
ID_UtQKvO_B,-0.7622400000000004
ID_wpMM4E_N,-5933.16
ID_wpMM4E_P,31.20952
ID_wpMM4E_K,-1068.212
ID_wpMM4E_Ca,-5858.968800000001
ID_wpMM4E_Mg,-1475.8256000000001
ID_wpMM4E_S,-17.792743999999995
ID_wpMM4E_Fe,-330.7512000000001
ID_wpMM4E_Mn,-456.0832
ID_wpMM4E_Zn,-5.488623999999998
ID_wpMM4E_Cu,-9.105056000000001
ID_wpMM4E_B,-0.686992
ID_HBXVpN_N,-5770.790000000001
ID_HBXVpN_P,10.895356000000007
ID_HBXVpN_K,-1166.5580000000002
ID_HBXVpN_Ca,-5779.824600000001
ID_HBXVpN_Mg,-1412.2672000000002
ID_HBXVpN_S,-14.810940000000002
ID_HBXVpN_Fe,-323.41990000000004
ID_HBXVpN_Mn,-515.4392000000003
ID_HBXVpN_Zn,-6.637621999999996
ID_HBXVpN_Cu,-11.265856000000008
ID_HBXVpN_B,-0.7516120000000006
ID_YuT1pZ_N,-5836.58
ID_YuT1pZ_P,22.501948000000006
ID_YuT1pZ_K,-1002.6379999999999
ID_YuT1pZ_Ca,-5889.152400000001
ID_YuT1pZ_Mg,-1196.4682
ID_YuT1pZ_S,-17.649438000000004
ID_YuT1pZ_Fe,-320.48902
ID_YuT1pZ_Mn,-472.88839999999993
ID_YuT1pZ_Zn,-5.324342000000001
ID_YuT1pZ_Cu,-8.841526000000004
ID_YuT1pZ_B,-0.6821379999999998
ID_8YT7Rx_N,-5844.536
ID_8YT7Rx_P,32.390086
ID_8YT7Rx_K,-799.5728000000001
ID_8YT7Rx_Ca,-4343.7228
ID_8YT7Rx_Mg,-1205.5708
ID_8YT7Rx_S,-22.967088000000004
ID_8YT7Rx_Fe,-224.1208
ID_8YT7Rx_Mn,-458.006
ID_8YT7Rx_Zn,-4.282574000000003
ID_8YT7Rx_Cu,-8.837314000000006
ID_8YT7Rx_B,-0.7329160000000003
ID_ydzJH2_N,-5715.252
ID_ydzJH2_P,30.405431999999998
ID_ydzJH2_K,-670.1912000000001
ID_ydzJH2_Ca,-4942.6152
ID_ydzJH2_Mg,-1129.528
ID_ydzJH2_S,-24.818623999999993
ID_ydzJH2_Fe,-254.28979999999996
ID_ydzJH2_Mn,-402.932
ID_ydzJH2_Zn,-3.4944839999999995
ID_ydzJH2_Cu,-10.120712000000005
ID_ydzJH2_B,-0.7205640000000004
ID_Iy5QsI_N,-5271.392
ID_Iy5QsI_P,29.797888000000004
ID_Iy5QsI_K,-982.5983999999999
ID_Iy5QsI_Ca,-6073.350400000001
ID_Iy5QsI_Mg,-1441.2416000000003
ID_Iy5QsI_S,-21.731328000000005
ID_Iy5QsI_Fe,-303.98080000000004
ID_Iy5QsI_Mn,-394.4032000000001
ID_Iy5QsI_Zn,-4.052608000000002
ID_Iy5QsI_Cu,-14.531008000000003
ID_Iy5QsI_B,-0.7727360000000004
ID_BpD918_N,-5282.0960000000005
ID_BpD918_P,29.881600000000002
ID_BpD918_K,-821.7536
ID_BpD918_Ca,-5948.2584
ID_BpD918_Mg,-1402.8224
ID_BpD918_S,-19.809472
ID_BpD918_Fe,-324.53632000000005
ID_BpD918_Mn,-436.452
ID_BpD918_Zn,-3.8871760000000015
ID_BpD918_Cu,-9.129512
ID_BpD918_B,-0.7498080000000001
ID_tJ6uLY_N,-5841.360000000001
ID_tJ6uLY_P,-4.021080000000005
ID_tJ6uLY_K,-1143.862
ID_tJ6uLY_Ca,-5619.044000000001
ID_tJ6uLY_Mg,-1328.507
ID_tJ6uLY_S,-23.278089999999985
ID_tJ6uLY_Fe,-355.0629
ID_tJ6uLY_Mn,-397.38500000000005
ID_tJ6uLY_Zn,-17.283320000000007
ID_tJ6uLY_Cu,-8.223750000000003
ID_tJ6uLY_B,-0.84874
ID_4jBN0Z_N,-5679.9
ID_4jBN0Z_P,26.676330000000007
ID_4jBN0Z_K,-1150.716
ID_4jBN0Z_Ca,-5965.424000000001
ID_4jBN0Z_Mg,-1342.514
ID_4jBN0Z_S,-16.614300000000004
ID_4jBN0Z_Fe,-302.58149999999995
ID_4jBN0Z_Mn,-374.24699999999996
ID_4jBN0Z_Zn,-5.416930000000001
ID_4jBN0Z_Cu,-8.021120000000002
ID_4jBN0Z_B,-0.8331000000000001
ID_wxsLoH_N,-5632.72
ID_wxsLoH_P,18.526544
ID_wxsLoH_K,-987.6152
ID_wxsLoH_Ca,-5860.9176
ID_wxsLoH_Mg,-1300.4336
ID_wxsLoH_S,-24.245591999999988
ID_wxsLoH_Fe,-358.62368
ID_wxsLoH_Mn,-388.7568
ID_wxsLoH_Zn,-5.532471999999999
ID_wxsLoH_Cu,-8.020688
ID_wxsLoH_B,-0.6605440000000005
ID_r0Jbzq_N,-5848.28
ID_r0Jbzq_P,32.70154
ID_r0Jbzq_K,-938.2412
ID_r0Jbzq_Ca,-4547.6772
ID_r0Jbzq_Mg,-1090.0215999999998
ID_r0Jbzq_S,-20.592222000000007
ID_r0Jbzq_Fe,-225.86175999999995
ID_r0Jbzq_Mn,-364.68680000000006
ID_r0Jbzq_Zn,-4.323523999999999
ID_r0Jbzq_Cu,-8.712592000000003
ID_r0Jbzq_B,-0.6187240000000002
ID_IxccQh_N,-5989.468000000001
ID_IxccQh_P,32.506808
ID_IxccQh_K,-715.1691999999999
ID_IxccQh_Ca,-4736.599799999999
ID_IxccQh_Mg,-1055.0269999999998
ID_IxccQh_S,-21.445663999999987
ID_IxccQh_Fe,-227.24683999999996
ID_IxccQh_Mn,-398.29760000000005
ID_IxccQh_Zn,-4.392844000000001
ID_IxccQh_Cu,-11.177114000000001
ID_IxccQh_B,-0.8134519999999996
ID_fJA5hF_N,-5510.624
ID_fJA5hF_P,32.061724
ID_fJA5hF_K,-790.7336
ID_fJA5hF_Ca,-4545.970799999999
ID_fJA5hF_Mg,-1171.2616
ID_fJA5hF_S,-19.491359999999986
ID_fJA5hF_Fe,-223.36959999999993
ID_fJA5hF_Mn,-348.3944
ID_fJA5hF_Zn,-4.732964000000002
ID_fJA5hF_Cu,-7.979272000000001
ID_fJA5hF_B,-0.7460439999999998
ID_sbd9v7_N,-5485.316
ID_sbd9v7_P,32.33578
ID_sbd9v7_K,-848.2123999999999
ID_sbd9v7_Ca,-4735.826400000001
ID_sbd9v7_Mg,-1129.5148
ID_sbd9v7_S,-21.35982
ID_sbd9v7_Fe,-256.49343999999996
ID_sbd9v7_Mn,-309.7712
ID_sbd9v7_Zn,-4.500403999999998
ID_sbd9v7_Cu,-8.053144
ID_sbd9v7_B,-0.7430800000000003
ID_CkYmaO_N,-4363.648
ID_CkYmaO_P,11.266175999999987
ID_CkYmaO_K,-792.9728000000001
ID_CkYmaO_Ca,-7565.516800000002
ID_CkYmaO_Mg,-2185.3184
ID_CkYmaO_S,-11.196767999999999
ID_CkYmaO_Fe,-268.6406400000001
ID_CkYmaO_Mn,-254.0864
ID_CkYmaO_Zn,-3.6828480000000012
ID_CkYmaO_Cu,-7.591168000000002
ID_CkYmaO_B,-0.7425280000000001
ID_rH1SyL_N,-4637.798
ID_rH1SyL_P,-20.85895400000001
ID_rH1SyL_K,-928.0622
ID_rH1SyL_Ca,-12769.1034
ID_rH1SyL_Mg,-3336.3981999999996
ID_rH1SyL_S,-9.712626
ID_rH1SyL_Fe,-295.28956
ID_rH1SyL_Mn,-265.42400000000004
ID_rH1SyL_Zn,-4.183592000000002
ID_rH1SyL_Cu,-6.797769999999999
ID_rH1SyL_B,-0.9432820000000003
ID_EVEfu6_N,-5650.580000000001
ID_EVEfu6_P,15.014380000000006
ID_EVEfu6_K,-1140.4220000000003
ID_EVEfu6_Ca,-5845.016000000001
ID_EVEfu6_Mg,-1251.9180000000003
ID_EVEfu6_S,-16.218739999999993
ID_EVEfu6_Fe,-316.4004000000001
ID_EVEfu6_Mn,-365.41600000000005
ID_EVEfu6_Zn,-5.80642
ID_EVEfu6_Cu,-8.201139999999999
ID_EVEfu6_B,-0.9042800000000006
ID_jWv9Ql_N,-5853.798000000001
ID_jWv9Ql_P,19.145683999999992
ID_jWv9Ql_K,-987.8164000000002
ID_jWv9Ql_Ca,-5959.783
ID_jWv9Ql_Mg,-1521.1392000000003
ID_jWv9Ql_S,-11.593485999999995
ID_jWv9Ql_Fe,-333.58148
ID_jWv9Ql_Mn,-321.4988
ID_jWv9Ql_Zn,-19.121028000000006
ID_jWv9Ql_Cu,-9.071104000000004
ID_jWv9Ql_B,-0.7678020000000007
ID_wGWnG6_N,-5304.9039999999995
ID_wGWnG6_P,26.921928
ID_wGWnG6_K,-923.9312
ID_wGWnG6_Ca,-8825.0656
ID_wGWnG6_Mg,-2044.5272
ID_wGWnG6_S,-13.556888000000004
ID_wGWnG6_Fe,-366.93624
ID_wGWnG6_Mn,-492.90391999999986
ID_wGWnG6_Zn,-3.988744000000002
ID_wGWnG6_Cu,-8.093304000000002
ID_wGWnG6_B,-0.5696000000000004
ID_SXJxZH_N,-5570.88
ID_SXJxZH_P,33.06274
ID_SXJxZH_K,-634.7339999999999
ID_SXJxZH_Ca,-4021.97
ID_SXJxZH_Mg,-805.3030000000001
ID_SXJxZH_S,-24.886020000000002
ID_SXJxZH_Fe,-213.42659999999995
ID_SXJxZH_Mn,-446.60499999999996
ID_SXJxZH_Zn,-3.9656299999999995
ID_SXJxZH_Cu,-8.16464
ID_SXJxZH_B,-0.6799200000000003
ID_tQivj4_N,-5692.124000000001
ID_tQivj4_P,32.325745999999995
ID_tQivj4_K,-900.6210000000001
ID_tQivj4_Ca,-4001.6556000000005
ID_tQivj4_Mg,-856.0464000000001
ID_tQivj4_S,-21.788459999999993
ID_tQivj4_Fe,-318.1691400000001
ID_tQivj4_Mn,-345.63800000000003
ID_tQivj4_Zn,-3.2748079999999997
ID_tQivj4_Cu,-7.883208000000004
ID_tQivj4_B,-0.6662180000000009
ID_DcMLiU_N,-5590.496000000001
ID_DcMLiU_P,32.8544
ID_DcMLiU_K,-1098.0160000000003
ID_DcMLiU_Ca,-4834.0384
ID_DcMLiU_Mg,-1309.1200000000001
ID_DcMLiU_S,-16.010528
ID_DcMLiU_Fe,-271.74304
ID_DcMLiU_Mn,-525.44
ID_DcMLiU_Zn,-5.325440000000001
ID_DcMLiU_Cu,-8.662784000000004
ID_DcMLiU_B,-0.748576
ID_3UnCQd_N,-5380.304
ID_3UnCQd_P,24.060208000000003
ID_3UnCQd_K,-772.0176
ID_3UnCQd_Ca,-5142.228
ID_3UnCQd_Mg,-1145.0632
ID_3UnCQd_S,-19.507919999999984
ID_3UnCQd_Fe,-274.77424
ID_3UnCQd_Mn,-331.7544
ID_3UnCQd_Zn,-4.380359999999999
ID_3UnCQd_Cu,-7.375727999999998
ID_3UnCQd_B,-0.5262160000000002
ID_6q9eL0_N,-5374.336000000001
ID_6q9eL0_P,22.14496
ID_6q9eL0_K,-757.2672000000001
ID_6q9eL0_Ca,-3732.7200000000007
ID_6q9eL0_Mg,-1099.3216
ID_6q9eL0_S,-27.311552000000027
ID_6q9eL0_Fe,-278.89088000000004
ID_6q9eL0_Mn,-269.27360000000004
ID_6q9eL0_Zn,-4.096352000000003
ID_6q9eL0_Cu,-10.765920000000007
ID_6q9eL0_B,-0.6453120000000003
ID_ApaE2w_N,-5138.200000000001
ID_ApaE2w_P,-31.5715
ID_ApaE2w_K,-858.1400000000002
ID_ApaE2w_Ca,-4211.362
ID_ApaE2w_Mg,-936.35
ID_ApaE2w_S,-22.501720000000006
ID_ApaE2w_Fe,-232.23279999999994
ID_ApaE2w_Mn,-283.81800000000004
ID_ApaE2w_Zn,-5.086140000000002
ID_ApaE2w_Cu,-8.824840000000005
ID_ApaE2w_B,-0.6268600000000002
ID_huvH4z_N,-5180.492000000001
ID_huvH4z_P,28.818304
ID_huvH4z_K,-833.1806000000001
ID_huvH4z_Ca,-4990.3482
ID_huvH4z_Mg,-1176.5254000000002
ID_huvH4z_S,-14.683511999999993
ID_huvH4z_Fe,-218.93338000000003
ID_huvH4z_Mn,-314.9288
ID_huvH4z_Zn,-3.508088000000001
ID_huvH4z_Cu,-10.481752000000002
ID_huvH4z_B,-0.6867880000000003
ID_S6gvek_N,-4941.4400000000005
ID_S6gvek_P,29.919495999999995
ID_S6gvek_K,-702.4016000000001
ID_S6gvek_Ca,-4373.210400000001
ID_S6gvek_Mg,-1004.8888000000002
ID_S6gvek_S,-25.661544000000006
ID_S6gvek_Fe,-194.842
ID_S6gvek_Mn,-228.3656
ID_S6gvek_Zn,-3.7011919999999985
ID_S6gvek_Cu,-9.946600000000004
ID_S6gvek_B,-0.6213520000000001
ID_gofxX5_N,-5230.312000000001
ID_gofxX5_P,27.967636000000002
ID_gofxX5_K,-722.5730000000001
ID_gofxX5_Ca,-3746.738800000001
ID_gofxX5_Mg,-886.3915999999999
ID_gofxX5_S,-25.847825999999998
ID_gofxX5_Fe,-236.39332000000005
ID_gofxX5_Mn,-242.1904
ID_gofxX5_Zn,-3.4124100000000017
ID_gofxX5_Cu,-9.748218000000005
ID_gofxX5_B,-0.6527360000000004
ID_RDUU31_N,-5165.0
ID_RDUU31_P,29.857287999999997
ID_RDUU31_K,-666.3296
ID_RDUU31_Ca,-4107.768
ID_RDUU31_Mg,-829.1296000000001
ID_RDUU31_S,-19.27010400000001
ID_RDUU31_Fe,-208.10008
ID_RDUU31_Mn,-287.2472
ID_RDUU31_Zn,-3.2869040000000007
ID_RDUU31_Cu,-8.619928000000003
ID_RDUU31_B,-0.6479200000000006
ID_zLYIsB_N,-5507.208
ID_zLYIsB_P,30.555744
ID_zLYIsB_K,-729.8168000000001
ID_zLYIsB_Ca,-4593.5016000000005
ID_zLYIsB_Mg,-1204.2695999999999
ID_zLYIsB_S,-18.62353600000001
ID_zLYIsB_Fe,-262.10240000000005
ID_zLYIsB_Mn,-316.4656000000001
ID_zLYIsB_Zn,-3.303184
ID_zLYIsB_Cu,-9.28764
ID_zLYIsB_B,-0.5559120000000003
ID_sZp592_N,-5524.236
ID_sZp592_P,29.764008000000004
ID_sZp592_K,-773.1486000000001
ID_sZp592_Ca,-5674.16
ID_sZp592_Mg,-1609.143
ID_sZp592_S,-15.624205999999994
ID_sZp592_Fe,-267.40324000000004
ID_sZp592_Mn,-316.0226
ID_sZp592_Zn,-3.2401820000000003
ID_sZp592_Cu,-10.547430000000002
ID_sZp592_B,-0.6291880000000003
ID_YhVPAv_N,-5509.088000000001
ID_YhVPAv_P,29.933968
ID_YhVPAv_K,-1077.5287999999998
ID_YhVPAv_Ca,-4910.294400000001
ID_YhVPAv_Mg,-1360.1224000000002
ID_YhVPAv_S,-15.743687999999988
ID_YhVPAv_Fe,-238.87359999999998
ID_YhVPAv_Mn,-309.3008000000001
ID_YhVPAv_Zn,-3.2547199999999985
ID_YhVPAv_Cu,-9.525616000000003
ID_YhVPAv_B,-0.5811760000000002
ID_4h0oeB_N,-5598.364
ID_4h0oeB_P,30.78259
ID_4h0oeB_K,-913.4042
ID_4h0oeB_Ca,-5045.9929999999995
ID_4h0oeB_Mg,-1342.8246
ID_4h0oeB_S,-15.65629800000001
ID_4h0oeB_Fe,-287.5511399999999
ID_4h0oeB_Mn,-301.46819999999997
ID_4h0oeB_Zn,-3.4722839999999993
ID_4h0oeB_Cu,-9.884572000000004
ID_4h0oeB_B,-0.387594
ID_xpOP7P_N,-4811.13
ID_xpOP7P_P,33.905058
ID_xpOP7P_K,-664.9512
ID_xpOP7P_Ca,-4937.448
ID_xpOP7P_Mg,-1052.7422
ID_xpOP7P_S,-16.49336000000001
ID_xpOP7P_Fe,-264.74374
ID_xpOP7P_Mn,-329.6988600000001
ID_xpOP7P_Zn,-3.1178779999999993
ID_xpOP7P_Cu,-9.842648000000008
ID_xpOP7P_B,-0.33269199999999993
ID_YLFTdp_N,-5262.146000000001
ID_YLFTdp_P,28.127283999999996
ID_YLFTdp_K,-1077.9812000000002
ID_YLFTdp_Ca,-5496.206000000001
ID_YLFTdp_Mg,-1350.9902000000002
ID_YLFTdp_S,-15.709107999999986
ID_YLFTdp_Fe,-240.24478000000005
ID_YLFTdp_Mn,-319.0354000000001
ID_YLFTdp_Zn,-4.993102
ID_YLFTdp_Cu,-9.732952000000001
ID_YLFTdp_B,-0.7222399999999999
ID_YUTjZF_N,-5317.060000000001
ID_YUTjZF_P,28.519959999999998
ID_YUTjZF_K,-970.6700000000001
ID_YUTjZF_Ca,-5772.790000000001
ID_YUTjZF_Mg,-1382.0700000000002
ID_YUTjZF_S,-17.738719999999986
ID_YUTjZF_Fe,-236.6658
ID_YUTjZF_Mn,-277.10800000000006
ID_YUTjZF_Zn,-3.6975000000000002
ID_YUTjZF_Cu,-10.666020000000001
ID_YUTjZF_B,-0.6424800000000006
ID_d4cDrB_N,-5215.972
ID_d4cDrB_P,31.160010000000007
ID_d4cDrB_K,-631.4013999999999
ID_d4cDrB_Ca,-4828.581
ID_d4cDrB_Mg,-1194.885
ID_d4cDrB_S,-15.277747999999999
ID_d4cDrB_Fe,-281.2977199999999
ID_d4cDrB_Mn,-279.0264
ID_d4cDrB_Zn,-2.877451999999999
ID_d4cDrB_Cu,-9.708743999999992
ID_d4cDrB_B,-0.498786
ID_Juxn4Y_N,-5400.716
ID_Juxn4Y_P,23.09914
ID_Juxn4Y_K,-955.3472000000002
ID_Juxn4Y_Ca,-6988.259400000002
ID_Juxn4Y_Mg,-2142.8914000000004
ID_Juxn4Y_S,-14.634227999999986
ID_Juxn4Y_Fe,-261.87706000000003
ID_Juxn4Y_Mn,-313.39700000000005
ID_Juxn4Y_Zn,-3.5165240000000013
ID_Juxn4Y_Cu,-10.889566000000006
ID_Juxn4Y_B,-0.7889080000000002
ID_fS4hnS_N,-5412.366
ID_fS4hnS_P,32.258144
ID_fS4hnS_K,-1153.1901999999998
ID_fS4hnS_Ca,-6093.005799999999
ID_fS4hnS_Mg,-1566.4968
ID_fS4hnS_S,-13.205779999999987
ID_fS4hnS_Fe,-280.06376
ID_fS4hnS_Mn,-265.66302
ID_fS4hnS_Zn,-4.694491999999998
ID_fS4hnS_Cu,-9.026902
ID_fS4hnS_B,-0.3491739999999997
ID_4FwVOj_N,-5400.388
ID_4FwVOj_P,31.309396
ID_4FwVOj_K,-706.5463999999998
ID_4FwVOj_Ca,-5125.296399999999
ID_4FwVOj_Mg,-1335.8411999999998
ID_4FwVOj_S,-19.311169999999994
ID_4FwVOj_Fe,-262.62107999999995
ID_4FwVOj_Mn,-308.70020000000005
ID_4FwVOj_Zn,-3.2198420000000003
ID_4FwVOj_Cu,-10.308321999999999
ID_4FwVOj_B,-0.44997000000000026
ID_wbEJMJ_N,-5880.0
ID_wbEJMJ_P,33.56414
ID_wbEJMJ_K,-507.95799999999997
ID_wbEJMJ_Ca,-4309.631
ID_wbEJMJ_Mg,-932.9759999999999
ID_wbEJMJ_S,-24.001900000000006
ID_wbEJMJ_Fe,-271.7178
ID_wbEJMJ_Mn,-237.71899999999997
ID_wbEJMJ_Zn,-3.17259
ID_wbEJMJ_Cu,-9.01771
ID_wbEJMJ_B,-0.3471100000000001
ID_08G9Z9_N,-5589.242
ID_08G9Z9_P,32.678842
ID_08G9Z9_K,-703.7264
ID_08G9Z9_Ca,-4812.3078000000005
ID_08G9Z9_Mg,-1204.2838000000002
ID_08G9Z9_S,-17.558411999999993
ID_08G9Z9_Fe,-280.46565999999996
ID_08G9Z9_Mn,-371.4026
ID_08G9Z9_Zn,-3.047054
ID_08G9Z9_Cu,-9.846790000000002
ID_08G9Z9_B,-0.2841039999999997
ID_Z6ltst_N,-5271.264
ID_Z6ltst_P,31.975120000000004
ID_Z6ltst_K,-802.6648
ID_Z6ltst_Ca,-3713.2472000000002
ID_Z6ltst_Mg,-791.704
ID_Z6ltst_S,-18.581776000000005
ID_Z6ltst_Fe,-252.61824000000001
ID_Z6ltst_Mn,-317.208
ID_Z6ltst_Zn,-3.8038399999999988
ID_Z6ltst_Cu,-10.526056000000002
ID_Z6ltst_B,-0.551272
ID_ENbah1_N,-5283.998
ID_ENbah1_P,31.395050000000005
ID_ENbah1_K,-666.8155999999999
ID_ENbah1_Ca,-4673.545
ID_ENbah1_Mg,-1079.6249999999998
ID_ENbah1_S,-17.525317999999995
ID_ENbah1_Fe,-255.30319999999995
ID_ENbah1_Mn,-282.50680000000006
ID_ENbah1_Zn,-3.330356
ID_ENbah1_Cu,-11.158986000000006
ID_ENbah1_B,-0.5272620000000003
ID_RTSYn6_N,-4412.556
ID_RTSYn6_P,26.742227999999994
ID_RTSYn6_K,-684.32
ID_RTSYn6_Ca,-5016.664400000001
ID_RTSYn6_Mg,-1426.3136000000002
ID_RTSYn6_S,-16.574407999999995
ID_RTSYn6_Fe,-276.59439999999995
ID_RTSYn6_Mn,-283.48440000000005
ID_RTSYn6_Zn,-2.711187999999999
ID_RTSYn6_Cu,-10.972712000000005
ID_RTSYn6_B,-0.543512
ID_h10nHy_N,-5805.68
ID_h10nHy_P,21.230700000000002
ID_h10nHy_K,-1399.2520000000002
ID_h10nHy_Ca,-4562.02
ID_h10nHy_Mg,-1467.21
ID_h10nHy_S,-16.259219999999996
ID_h10nHy_Fe,-268.524
ID_h10nHy_Mn,-313.408
ID_h10nHy_Zn,-4.426580000000003
ID_h10nHy_Cu,-10.018120000000005
ID_h10nHy_B,-0.7234400000000004
ID_ImNtwn_N,-5247.0560000000005
ID_ImNtwn_P,28.899136
ID_ImNtwn_K,-825.23
ID_ImNtwn_Ca,-5884.6728
ID_ImNtwn_Mg,-1279.2424
ID_ImNtwn_S,-20.52488399999998
ID_ImNtwn_Fe,-265.1049999999999
ID_ImNtwn_Mn,-308.01560000000006
ID_ImNtwn_Zn,-3.739568
ID_ImNtwn_Cu,-10.130452000000007
ID_ImNtwn_B,-0.641392
ID_f2dcJs_N,-4226.588
ID_f2dcJs_P,28.338296
ID_f2dcJs_K,-809.7303999999999
ID_f2dcJs_Ca,-9114.1908
ID_f2dcJs_Mg,-2419.9915999999994
ID_f2dcJs_S,-11.615340000000003
ID_f2dcJs_Fe,-295.21716
ID_f2dcJs_Mn,-267.12960000000004
ID_f2dcJs_Zn,-3.159824000000002
ID_f2dcJs_Cu,-12.166636000000002
ID_f2dcJs_B,-0.48687200000000036
ID_9lQ4ST_N,-4647.66
ID_9lQ4ST_P,28.06622
ID_9lQ4ST_K,-889.505
ID_9lQ4ST_Ca,-6546.565
ID_9lQ4ST_Mg,-1585.808
ID_9lQ4ST_S,-12.315600000000003
ID_9lQ4ST_Fe,-271.6028
ID_9lQ4ST_Mn,-285.58200000000005
ID_9lQ4ST_Zn,-2.798610000000001
ID_9lQ4ST_Cu,-9.1081
ID_9lQ4ST_B,-0.5193800000000002
ID_jHVkTM_N,-5542.360000000001
ID_jHVkTM_P,30.89844
ID_jHVkTM_K,-830.2109999999999
ID_jHVkTM_Ca,-4586.735
ID_jHVkTM_Mg,-1132.593
ID_jHVkTM_S,-17.726809999999997
ID_jHVkTM_Fe,-267.8837
ID_jHVkTM_Mn,-322.5361000000001
ID_jHVkTM_Zn,-3.6088999999999998
ID_jHVkTM_Cu,-10.88439
ID_jHVkTM_B,-0.47522000000000025
ID_2bV5Ra_N,-5041.12
ID_2bV5Ra_P,33.446232
ID_2bV5Ra_K,-893.1912000000001
ID_2bV5Ra_Ca,-5161.901600000001
ID_2bV5Ra_Mg,-1337.8552
ID_2bV5Ra_S,-15.08832
ID_2bV5Ra_Fe,-264.62888
ID_2bV5Ra_Mn,-281.5612
ID_2bV5Ra_Zn,-3.327543999999999
ID_2bV5Ra_Cu,-9.487856000000004
ID_2bV5Ra_B,-0.47332000000000013
ID_NweUUX_N,-5049.936
ID_NweUUX_P,18.332591999999998
ID_NweUUX_K,-1144.2384
ID_NweUUX_Ca,-5174.5224
ID_NweUUX_Mg,-1299.1808
ID_NweUUX_S,-17.464
ID_NweUUX_Fe,-280.14736
ID_NweUUX_Mn,-405.20560000000006
ID_NweUUX_Zn,-4.491488
ID_NweUUX_Cu,-10.120056
ID_NweUUX_B,-0.6730720000000004
ID_tDMDbk_N,-5228.000000000001
ID_tDMDbk_P,26.493076000000002
ID_tDMDbk_K,-603.6326
ID_tDMDbk_Ca,-5939.1984
ID_tDMDbk_Mg,-1519.6042000000002
ID_tDMDbk_S,-12.954353999999995
ID_tDMDbk_Fe,-271.5984400000001
ID_tDMDbk_Mn,-259.25120000000004
ID_tDMDbk_Zn,-3.0869539999999995
ID_tDMDbk_Cu,-8.788336000000003
ID_tDMDbk_B,-0.4954240000000006
ID_v8wsZZ_N,-4573.28
ID_v8wsZZ_P,30.53344
ID_v8wsZZ_K,-984.4159999999999
ID_v8wsZZ_Ca,-5262.192
ID_v8wsZZ_Mg,-1489.4560000000001
ID_v8wsZZ_S,-14.873280000000008
ID_v8wsZZ_Fe,-236.788
ID_v8wsZZ_Mn,-346.496
ID_v8wsZZ_Zn,-4.26272
ID_v8wsZZ_Cu,-10.754320000000009
ID_v8wsZZ_B,-0.6779200000000003
ID_04cLhK_N,-5253.71
ID_04cLhK_P,12.669100000000007
ID_04cLhK_K,-803.508
ID_04cLhK_Ca,-4949.146000000001
ID_04cLhK_Mg,-1324.39
ID_04cLhK_S,-15.488220000000002
ID_04cLhK_Fe,-276.6743
ID_04cLhK_Mn,-305.362
ID_04cLhK_Zn,-3.9108900000000024
ID_04cLhK_Cu,-8.760340000000001
ID_04cLhK_B,-0.5658400000000002
ID_XV6ndi_N,-4482.144
ID_XV6ndi_P,-10.535167999999985
ID_XV6ndi_K,-960.8128000000002
ID_XV6ndi_Ca,-8024.966400000001
ID_XV6ndi_Mg,-2068.1088
ID_XV6ndi_S,-11.152640000000009
ID_XV6ndi_Fe,-335.4073600000001
ID_XV6ndi_Mn,-387.0816000000001
ID_XV6ndi_Zn,-4.077696000000001
ID_XV6ndi_Cu,-9.804735999999998
ID_XV6ndi_B,-0.6754560000000002
ID_PuRjVx_N,-4474.122
ID_PuRjVx_P,26.567755999999996
ID_PuRjVx_K,-716.1926
ID_PuRjVx_Ca,-7756.6056
ID_PuRjVx_Mg,-1761.5775999999998
ID_PuRjVx_S,-11.499644000000007
ID_PuRjVx_Fe,-284.48346000000004
ID_PuRjVx_Mn,-312.1178
ID_PuRjVx_Zn,-2.769446
ID_PuRjVx_Cu,-9.589654
ID_PuRjVx_B,-0.3929060000000003
ID_JhT7cO_N,-4363.5
ID_JhT7cO_P,31.984250000000003
ID_JhT7cO_K,-992.175
ID_JhT7cO_Ca,-6907.675
ID_JhT7cO_Mg,-1688.6750000000002
ID_JhT7cO_S,-13.45375
ID_JhT7cO_Fe,-317.835
ID_JhT7cO_Mn,-333.075
ID_JhT7cO_Zn,-4.439
ID_JhT7cO_Cu,-11.069250000000007
ID_JhT7cO_B,-0.6925000000000002
ID_i6euc4_N,-4965.164000000001
ID_i6euc4_P,33.395818
ID_i6euc4_K,-797.8645999999999
ID_i6euc4_Ca,-5240.738400000001
ID_i6euc4_Mg,-1424.9925999999998
ID_i6euc4_S,-15.415673999999992
ID_i6euc4_Fe,-259.54138
ID_i6euc4_Mn,-320.33678000000003
ID_i6euc4_Zn,-3.7937480000000012
ID_i6euc4_Cu,-10.624371999999997
ID_i6euc4_B,-0.3954880000000002
ID_dHtC9i_N,-5565.888
ID_dHtC9i_P,32.183444
ID_dHtC9i_K,-804.4912
ID_dHtC9i_Ca,-4352.654799999999
ID_dHtC9i_Mg,-935.0796
ID_dHtC9i_S,-16.582904000000003
ID_dHtC9i_Fe,-368.70756
ID_dHtC9i_Mn,-339.58160000000004
ID_dHtC9i_Zn,-4.145123999999998
ID_dHtC9i_Cu,-10.152376
ID_dHtC9i_B,-0.5364320000000002
ID_Zcaggu_N,-4609.4839999999995
ID_Zcaggu_P,34.263723999999996
ID_Zcaggu_K,-652.0358
ID_Zcaggu_Ca,-5294.3478
ID_Zcaggu_Mg,-1146.556
ID_Zcaggu_S,-15.636803999999998
ID_Zcaggu_Fe,-222.25347999999994
ID_Zcaggu_Mn,-308.38640000000004
ID_Zcaggu_Zn,-2.810479999999998
ID_Zcaggu_Cu,-9.458116000000004
ID_Zcaggu_B,-0.5143600000000003
ID_oMnhua_N,-4167.578
ID_oMnhua_P,26.908095999999997
ID_oMnhua_K,-794.5898
ID_oMnhua_Ca,-9458.305599999998
ID_oMnhua_Mg,-2355.8873999999996
ID_oMnhua_S,-12.803883999999996
ID_oMnhua_Fe,-270.54617999999994
ID_oMnhua_Mn,-274.53760000000005
ID_oMnhua_Zn,-2.958417999999999
ID_oMnhua_Cu,-10.684692
ID_oMnhua_B,-0.548796
ID_HVbbKE_N,-5271.452
ID_HVbbKE_P,27.999676
ID_HVbbKE_K,-698.576
ID_HVbbKE_Ca,-4713.0491999999995
ID_HVbbKE_Mg,-966.5631999999998
ID_HVbbKE_S,-21.64755600000001
ID_HVbbKE_Fe,-223.26471999999998
ID_HVbbKE_Mn,-298.8272
ID_HVbbKE_Zn,-3.8665640000000017
ID_HVbbKE_Cu,-9.914308
ID_HVbbKE_B,-0.6999880000000002
ID_Q5cKrM_N,-4659.464
ID_Q5cKrM_P,26.411152
ID_Q5cKrM_K,-736.3884000000002
ID_Q5cKrM_Ca,-6358.6204
ID_Q5cKrM_Mg,-1560.0172000000002
ID_Q5cKrM_S,-18.482920000000004
ID_Q5cKrM_Fe,-260.96564
ID_Q5cKrM_Mn,-364.28240000000005
ID_Q5cKrM_Zn,-3.0218560000000005
ID_Q5cKrM_Cu,-10.057516000000003
ID_Q5cKrM_B,-0.5605000000000004
ID_qAwWx4_N,-5821.652
ID_qAwWx4_P,15.708616000000006
ID_qAwWx4_K,-975.2151999999999
ID_qAwWx4_Ca,-4942.6658
ID_qAwWx4_Mg,-1324.1117999999997
ID_qAwWx4_S,-15.474141999999986
ID_qAwWx4_Fe,-281.47173999999995
ID_qAwWx4_Mn,-326.8932
ID_qAwWx4_Zn,-3.044014000000001
ID_qAwWx4_Cu,-10.353522000000002
ID_qAwWx4_B,-0.6540480000000001
ID_kue435_N,-5629.472
ID_kue435_P,30.849456000000004
ID_kue435_K,-698.6128
ID_kue435_Ca,-5091.884
ID_kue435_Mg,-1031.7776000000001
ID_kue435_S,-20.512480000000004
ID_kue435_Fe,-252.35144
ID_kue435_Mn,-300.2488
ID_kue435_Zn,-3.32012
ID_kue435_Cu,-10.03236
ID_kue435_B,-0.5714560000000001
ID_qI1tsI_N,-5694.658
ID_qI1tsI_P,27.55874
ID_qI1tsI_K,-1146.4768000000001
ID_qI1tsI_Ca,-6261.2988000000005
ID_qI1tsI_Mg,-1723.6830000000002
ID_qI1tsI_S,-12.535900000000005
ID_qI1tsI_Fe,-331.23144
ID_qI1tsI_Mn,-333.5760000000001
ID_qI1tsI_Zn,-5.825426000000001
ID_qI1tsI_Cu,-8.463756000000005
ID_qI1tsI_B,-0.5053300000000002
ID_54INbd_N,-5269.688000000001
ID_54INbd_P,13.322545999999999
ID_54INbd_K,-1469.861
ID_54INbd_Ca,-7132.882200000002
ID_54INbd_Mg,-1811.4494000000004
ID_54INbd_S,-11.153301999999996
ID_54INbd_Fe,-370.0641400000001
ID_54INbd_Mn,-286.32148000000007
ID_54INbd_Zn,-6.671415999999999
ID_54INbd_Cu,-6.286126000000002
ID_54INbd_B,-0.388874
ID_hiunqZ_N,-5806.52
ID_hiunqZ_P,32.124207999999996
ID_hiunqZ_K,-1059.4064
ID_hiunqZ_Ca,-6016.430400000001
ID_hiunqZ_Mg,-1515.3616000000002
ID_hiunqZ_S,-14.467127999999999
ID_hiunqZ_Fe,-368.96608000000003
ID_hiunqZ_Mn,-285.47600000000006
ID_hiunqZ_Zn,-4.50212
ID_hiunqZ_Cu,-8.072800000000008
ID_hiunqZ_B,-0.2716479999999997
ID_Gh8epq_N,-5733.632000000001
ID_Gh8epq_P,31.986623999999996
ID_Gh8epq_K,-1000.4192
ID_Gh8epq_Ca,-4383.865600000001
ID_Gh8epq_Mg,-1141.5008
ID_Gh8epq_S,-21.397279999999988
ID_Gh8epq_Fe,-316.27872
ID_Gh8epq_Mn,-310.87040000000013
ID_Gh8epq_Zn,-3.7912640000000004
ID_Gh8epq_Cu,-10.933248000000003
ID_Gh8epq_B,-0.4475200000000003
ID_8yfBc1_N,-5355.139999999999
ID_8yfBc1_P,30.916380000000004
ID_8yfBc1_K,-1235.241
ID_8yfBc1_Ca,-7360.742
ID_8yfBc1_Mg,-1671.161
ID_8yfBc1_S,-11.432859999999991
ID_8yfBc1_Fe,-324.42230000000006
ID_8yfBc1_Mn,-279.87110000000007
ID_8yfBc1_Zn,-22.117230000000003
ID_8yfBc1_Cu,-9.02668
ID_8yfBc1_B,-0.5311099999999997
ID_JqquHx_N,-5336.702000000001
ID_JqquHx_P,29.054002000000004
ID_JqquHx_K,-1208.4978
ID_JqquHx_Ca,-4898.559
ID_JqquHx_Mg,-1443.4876000000004
ID_JqquHx_S,-15.441622000000002
ID_JqquHx_Fe,-324.82224000000014
ID_JqquHx_Mn,-260.58306000000005
ID_JqquHx_Zn,-24.499523999999997
ID_JqquHx_Cu,-8.36413
ID_JqquHx_B,-0.5768340000000005
ID_lBFBtP_N,-5335.220000000001
ID_lBFBtP_P,19.080640000000002
ID_lBFBtP_K,-917.3389999999999
ID_lBFBtP_Ca,-7054.542
ID_lBFBtP_Mg,-1756.714
ID_lBFBtP_S,-22.365660000000005
ID_lBFBtP_Fe,-340.975
ID_lBFBtP_Mn,-255.40099999999998
ID_lBFBtP_Zn,-5.254249999999999
ID_lBFBtP_Cu,-6.24868
ID_lBFBtP_B,-0.7478200000000005
ID_8yMuUw_N,-5539.224000000001
ID_8yMuUw_P,17.026942000000005
ID_8yMuUw_K,-1059.8872000000001
ID_8yMuUw_Ca,-7599.121200000001
ID_8yMuUw_Mg,-1916.8964
ID_8yMuUw_S,-12.049978000000003
ID_8yMuUw_Fe,-358.22420000000005
ID_8yMuUw_Mn,-262.1177800000001
ID_8yMuUw_Zn,-5.321627999999998
ID_8yMuUw_Cu,-7.465534000000003
ID_8yMuUw_B,-0.5923120000000004
ID_zZ59zj_N,-4784.9
ID_zZ59zj_P,10.223200000000006
ID_zZ59zj_K,-1212.3512
ID_zZ59zj_Ca,-12093.5688
ID_zZ59zj_Mg,-3103.9264000000003
ID_zZ59zj_S,-15.420875999999982
ID_zZ59zj_Fe,-314.01556
ID_zZ59zj_Mn,-313.6016
ID_zZ59zj_Zn,-5.6328799999999974
ID_zZ59zj_Cu,-10.352523999999999
ID_zZ59zj_B,-0.8753200000000004
ID_BDUnGT_N,-6078.4800000000005
ID_BDUnGT_P,4.431060000000002
ID_BDUnGT_K,-1001.778
ID_BDUnGT_Ca,-8340.476
ID_BDUnGT_Mg,-1740.6920000000002
ID_BDUnGT_S,-11.080420000000004
ID_BDUnGT_Fe,-353.2262
ID_BDUnGT_Mn,-310.01560000000006
ID_BDUnGT_Zn,-4.429439999999999
ID_BDUnGT_Cu,-7.315420000000005
ID_BDUnGT_B,-0.42072000000000015
ID_4IfK1E_N,-5265.656000000001
ID_4IfK1E_P,31.851616
ID_4IfK1E_K,-945.9416000000001
ID_4IfK1E_Ca,-5534.4912
ID_4IfK1E_Mg,-1524.1096
ID_4IfK1E_S,-12.116616000000008
ID_4IfK1E_Fe,-339.0760000000001
ID_4IfK1E_Mn,-263.5628000000001
ID_4IfK1E_Zn,-3.248887999999998
ID_4IfK1E_Cu,-7.339696000000003
ID_4IfK1E_B,-0.23946399999999984
ID_CxhZFi_N,-4817.76
ID_CxhZFi_P,12.56473
ID_CxhZFi_K,-1070.8131999999998
ID_CxhZFi_Ca,-8304.076799999999
ID_CxhZFi_Mg,-2278.4194
ID_CxhZFi_S,-16.427861999999994
ID_CxhZFi_Fe,-324.87955999999997
ID_CxhZFi_Mn,-273.173
ID_CxhZFi_Zn,-4.703757999999998
ID_CxhZFi_Cu,-13.211744
ID_CxhZFi_B,-0.8737200000000002
ID_CrcvZl_N,-5937.512000000001
ID_CrcvZl_P,26.974594000000003
ID_CrcvZl_K,-1287.7034000000003
ID_CrcvZl_Ca,-5409.240000000001
ID_CrcvZl_Mg,-1401.8776000000003
ID_CrcvZl_S,-16.605143999999992
ID_CrcvZl_Fe,-319.39726000000013
ID_CrcvZl_Mn,-255.04208000000008
ID_CrcvZl_Zn,-7.150220000000002
ID_CrcvZl_Cu,-8.058622000000002
ID_CrcvZl_B,-0.4738900000000004
ID_AiVTAc_N,-5375.1900000000005
ID_AiVTAc_P,30.289964
ID_AiVTAc_K,-1246.4450000000002
ID_AiVTAc_Ca,-4388.696
ID_AiVTAc_Mg,-1218.006
ID_AiVTAc_S,-16.075088000000008
ID_AiVTAc_Fe,-382.74364
ID_AiVTAc_Mn,-332.26300000000003
ID_AiVTAc_Zn,-4.036648
ID_AiVTAc_Cu,-6.857720000000003
ID_AiVTAc_B,-0.5206980000000004
ID_I3YM2m_N,-5142.4039999999995
ID_I3YM2m_P,-5.528636000000006
ID_I3YM2m_K,-1056.9008000000001
ID_I3YM2m_Ca,-12182.534399999999
ID_I3YM2m_Mg,-3225.4048000000003
ID_I3YM2m_S,-9.158856
ID_I3YM2m_Fe,-276.64635999999996
ID_I3YM2m_Mn,-258.3344
ID_I3YM2m_Zn,-4.502683999999998
ID_I3YM2m_Cu,-11.934616000000002
ID_I3YM2m_B,-0.9601360000000007
ID_iUTVHn_N,-4732.59
ID_iUTVHn_P,-6.41261800000003
ID_iUTVHn_K,-1646.2251999999999
ID_iUTVHn_Ca,-15687.0512
ID_iUTVHn_Mg,-3682.4994
ID_iUTVHn_S,-7.035239999999995
ID_iUTVHn_Fe,-308.78564
ID_iUTVHn_Mn,-250.571
ID_iUTVHn_Zn,-4.411408
ID_iUTVHn_Cu,-12.370208000000003
ID_iUTVHn_B,-1.1975840000000004
ID_hQHdRi_N,-5405.192000000001
ID_hQHdRi_P,27.189688
ID_hQHdRi_K,-1244.7560000000003
ID_hQHdRi_Ca,-3395.5944000000004
ID_hQHdRi_Mg,-619.2424000000001
ID_hQHdRi_S,-20.032583999999986
ID_hQHdRi_Fe,-299.71432
ID_hQHdRi_Mn,-200.99840000000003
ID_hQHdRi_Zn,-2.9791040000000013
ID_hQHdRi_Cu,-6.317368000000002
ID_hQHdRi_B,-0.19151199999999968
ID_g72WMs_N,-5598.220000000001
ID_g72WMs_P,27.95082
ID_g72WMs_K,-1307.7760000000003
ID_g72WMs_Ca,-4809.52
ID_g72WMs_Mg,-1366.1420000000003
ID_g72WMs_S,-16.513100000000005
ID_g72WMs_Fe,-339.84140000000014
ID_g72WMs_Mn,-254.68560000000002
ID_g72WMs_Zn,-3.4944400000000018
ID_g72WMs_Cu,-7.141400000000004
ID_g72WMs_B,-0.35207999999999984
ID_fg0HcT_N,-5662.448
ID_fg0HcT_P,13.014471999999994
ID_fg0HcT_K,-1311.4136000000003
ID_fg0HcT_Ca,-6120.0456
ID_fg0HcT_Mg,-1576.1008000000002
ID_fg0HcT_S,-24.252576000000005
ID_fg0HcT_Fe,-351.07264000000004
ID_fg0HcT_Mn,-329.5832000000001
ID_fg0HcT_Zn,-7.455703999999999
ID_fg0HcT_Cu,-7.059112000000002
ID_fg0HcT_B,-0.7306480000000004
ID_K3bx9T_N,-5985.800000000001
ID_K3bx9T_P,-2.257159999999999
ID_K3bx9T_K,-1657.2296
ID_K3bx9T_Ca,-8153.232000000001
ID_K3bx9T_Mg,-1971.748
ID_K3bx9T_S,-24.445680000000003
ID_K3bx9T_Fe,-366.60952
ID_K3bx9T_Mn,-313.0527200000001
ID_K3bx9T_Zn,-6.435752000000001
ID_K3bx9T_Cu,-10.850992000000007
ID_K3bx9T_B,-0.9678160000000008
ID_bowgE9_N,-5781.204000000001
ID_bowgE9_P,26.404212
ID_bowgE9_K,-1072.4658
ID_bowgE9_Ca,-4608.4882
ID_bowgE9_Mg,-1027.5218000000002
ID_bowgE9_S,-15.099362000000003
ID_bowgE9_Fe,-316.84562000000005
ID_bowgE9_Mn,-243.15178000000006
ID_bowgE9_Zn,-8.172414
ID_bowgE9_Cu,-9.103367999999998
ID_bowgE9_B,-0.31327199999999983
ID_chWouz_N,-6011.660000000001
ID_chWouz_P,17.73118
ID_chWouz_K,-1379.0564000000002
ID_chWouz_Ca,-8096.5278
ID_chWouz_Mg,-2207.1604
ID_chWouz_S,-12.102761999999995
ID_chWouz_Fe,-340.48282000000006
ID_chWouz_Mn,-267.2809400000001
ID_chWouz_Zn,-11.908790000000007
ID_chWouz_Cu,-9.416596000000002
ID_chWouz_B,-0.45990400000000015
ID_kAseMR_N,-5789.52
ID_kAseMR_P,28.111759999999997
ID_kAseMR_K,-1317.2016
ID_kAseMR_Ca,-4620.6384
ID_kAseMR_Mg,-1203.6208000000001
ID_kAseMR_S,-15.384655999999996
ID_kAseMR_Fe,-352.75008
ID_kAseMR_Mn,-299.25520000000006
ID_kAseMR_Zn,-5.349744000000001
ID_kAseMR_Cu,-7.388463999999996
ID_kAseMR_B,-0.26174399999999975
ID_MRQwFN_N,-5586.408
ID_MRQwFN_P,16.692404
ID_MRQwFN_K,-1087.9352
ID_MRQwFN_Ca,-5789.347400000001
ID_MRQwFN_Mg,-1428.7318000000002
ID_MRQwFN_S,-21.229064000000008
ID_MRQwFN_Fe,-326.6028800000001
ID_MRQwFN_Mn,-347.5640000000001
ID_MRQwFN_Zn,-5.397259999999998
ID_MRQwFN_Cu,-9.353602000000004
ID_MRQwFN_B,-0.7154380000000004
ID_RFmYY5_N,-5164.482000000001
ID_RFmYY5_P,1.1340879999999913
ID_RFmYY5_K,-1438.7712000000004
ID_RFmYY5_Ca,-8986.800200000001
ID_RFmYY5_Mg,-2256.1697999999997
ID_RFmYY5_S,-19.521928000000003
ID_RFmYY5_Fe,-354.64246
ID_RFmYY5_Mn,-312.0964600000001
ID_RFmYY5_Zn,-4.829166
ID_RFmYY5_Cu,-10.229774
ID_RFmYY5_B,-0.8554380000000007
ID_qUixA6_N,-5441.760000000001
ID_qUixA6_P,23.438336
ID_qUixA6_K,-1333.9104000000004
ID_qUixA6_Ca,-7197.1936000000005
ID_qUixA6_Mg,-1734.9664000000002
ID_qUixA6_S,-12.388000000000005
ID_qUixA6_Fe,-342.64576000000005
ID_qUixA6_Mn,-276.53120000000007
ID_qUixA6_Zn,-5.9185919999999985
ID_qUixA6_Cu,-6.9216320000000024
ID_qUixA6_B,-0.49142400000000014
ID_P4WLSC_N,-5315.072
ID_P4WLSC_P,30.149328
ID_P4WLSC_K,-966.9504000000002
ID_P4WLSC_Ca,-4474.664
ID_P4WLSC_Mg,-1423.2272000000003
ID_P4WLSC_S,-13.634751999999999
ID_P4WLSC_Fe,-342.39167999999995
ID_P4WLSC_Mn,-214.96112000000002
ID_P4WLSC_Zn,-3.0313760000000003
ID_P4WLSC_Cu,-6.500095999999999
ID_P4WLSC_B,-0.2039199999999997
ID_2ryQo8_N,-4508.8640000000005
ID_2ryQo8_P,24.838906
ID_2ryQo8_K,-1112.384
ID_2ryQo8_Ca,-10593.7926
ID_2ryQo8_Mg,-2701.6965999999998
ID_2ryQo8_S,-13.76339999999998
ID_2ryQo8_Fe,-296.1928
ID_2ryQo8_Mn,-283.02080000000007
ID_2ryQo8_Zn,-4.7208559999999995
ID_2ryQo8_Cu,-11.745232000000001
ID_2ryQo8_B,-0.7858000000000004
ID_3xtRql_N,-5695.712
ID_3xtRql_P,26.895495999999994
ID_3xtRql_K,-1253.4608000000003
ID_3xtRql_Ca,-2896.5696000000003
ID_3xtRql_Mg,-499.40560000000005
ID_3xtRql_S,-23.052912000000013
ID_3xtRql_Fe,-318.53871999999996
ID_3xtRql_Mn,-183.99920000000003
ID_3xtRql_Zn,-3.102872000000001
ID_3xtRql_Cu,-6.033112000000001
ID_3xtRql_B,-0.19604799999999972
ID_AMju1Y_N,-5504.344000000001
ID_AMju1Y_P,32.214348
ID_AMju1Y_K,-834.4970000000002
ID_AMju1Y_Ca,-4387.1964
ID_AMju1Y_Mg,-992.3148000000001
ID_AMju1Y_S,-21.787601999999993
ID_AMju1Y_Fe,-321.73100000000005
ID_AMju1Y_Mn,-332.48600000000005
ID_AMju1Y_Zn,-3.3607180000000003
ID_AMju1Y_Cu,-9.470480000000004
ID_AMju1Y_B,-0.3562180000000003
ID_8JCURl_N,-5717.112000000001
ID_8JCURl_P,30.398843999999997
ID_8JCURl_K,-668.3156000000001
ID_8JCURl_Ca,-4022.853000000001
ID_8JCURl_Mg,-887.6966000000001
ID_8JCURl_S,-20.604080000000003
ID_8JCURl_Fe,-340.1585400000001
ID_8JCURl_Mn,-323.0248000000001
ID_8JCURl_Zn,-11.808654000000002
ID_8JCURl_Cu,-9.555718
ID_8JCURl_B,-0.25266799999999967
ID_CdYwJM_N,-5696.184000000001
ID_CdYwJM_P,32.731008
ID_CdYwJM_K,-847.0320000000002
ID_CdYwJM_Ca,-4867.8428
ID_CdYwJM_Mg,-1428.2930000000001
ID_CdYwJM_S,-18.349742000000006
ID_CdYwJM_Fe,-294.86467999999996
ID_CdYwJM_Mn,-321.4770000000001
ID_CdYwJM_Zn,-3.342624000000004
ID_CdYwJM_Cu,-9.718128000000002
ID_CdYwJM_B,-0.41813000000000045
ID_oiOA0t_N,-5627.514000000001
ID_oiOA0t_P,31.617463999999995
ID_oiOA0t_K,-881.3234000000001
ID_oiOA0t_Ca,-3241.3012000000003
ID_oiOA0t_Mg,-753.3432000000001
ID_oiOA0t_S,-25.731440000000013
ID_oiOA0t_Fe,-281.0958
ID_oiOA0t_Mn,-250.3436
ID_oiOA0t_Zn,-3.511355999999999
ID_oiOA0t_Cu,-10.037280000000004
ID_oiOA0t_B,-0.5432620000000007
ID_cjtyDp_N,-5790.564000000001
ID_cjtyDp_P,30.725882
ID_cjtyDp_K,-972.7176
ID_cjtyDp_Ca,-6527.3906000000015
ID_cjtyDp_Mg,-1610.3750000000002
ID_cjtyDp_S,-14.086814
ID_cjtyDp_Fe,-331.15894000000003
ID_cjtyDp_Mn,-267.3354
ID_cjtyDp_Zn,-3.7567360000000005
ID_cjtyDp_Cu,-6.924488000000001
ID_cjtyDp_B,-0.319966
ID_WttAfH_N,-5380.136
ID_WttAfH_P,32.330056
ID_WttAfH_K,-833.7728000000002
ID_WttAfH_Ca,-4174.598400000001
ID_WttAfH_Mg,-901.2520000000001
ID_WttAfH_S,-21.440903999999996
ID_WttAfH_Fe,-355.60648
ID_WttAfH_Mn,-318.24320000000006
ID_WttAfH_Zn,-3.230312000000001
ID_WttAfH_Cu,-9.450664
ID_WttAfH_B,-0.38872000000000045
ID_LLU2Ja_N,-5010.5740000000005
ID_LLU2Ja_P,-8.046327999999995
ID_LLU2Ja_K,-1236.3146000000004
ID_LLU2Ja_Ca,-8805.9256
ID_LLU2Ja_Mg,-1751.9140000000004
ID_LLU2Ja_S,-11.938144000000001
ID_LLU2Ja_Fe,-345.5889200000001
ID_LLU2Ja_Mn,-363.1804000000001
ID_LLU2Ja_Zn,-6.136511999999998
ID_LLU2Ja_Cu,-9.809906000000002
ID_LLU2Ja_B,-0.9328280000000001
ID_QazlJ6_N,-5535.872
ID_QazlJ6_P,27.643503999999997
ID_QazlJ6_K,-778.0880000000002
ID_QazlJ6_Ca,-4418.440800000001
ID_QazlJ6_Mg,-907.4296000000003
ID_QazlJ6_S,-20.835023999999997
ID_QazlJ6_Fe,-381.49624000000006
ID_QazlJ6_Mn,-334.03280000000007
ID_QazlJ6_Zn,-10.184216000000003
ID_QazlJ6_Cu,-7.828072000000003
ID_QazlJ6_B,-0.3191680000000004
ID_Lwnoe3_N,-5423.582000000001
ID_Lwnoe3_P,32.326570000000004
ID_Lwnoe3_K,-738.7418000000001
ID_Lwnoe3_Ca,-4594.2558
ID_Lwnoe3_Mg,-1232.2030000000002
ID_Lwnoe3_S,-19.21275599999999
ID_Lwnoe3_Fe,-285.8686
ID_Lwnoe3_Mn,-349.1168000000001
ID_Lwnoe3_Zn,-3.589118000000001
ID_Lwnoe3_Cu,-9.902332000000001
ID_Lwnoe3_B,-0.4281580000000003
ID_5NGnRZ_N,-6044.5160000000005
ID_5NGnRZ_P,-2.3216360000000122
ID_5NGnRZ_K,-1072.8518000000001
ID_5NGnRZ_Ca,-9250.2174
ID_5NGnRZ_Mg,-2343.0466
ID_5NGnRZ_S,-11.509355999999993
ID_5NGnRZ_Fe,-344.1302800000001
ID_5NGnRZ_Mn,-276.51614000000006
ID_5NGnRZ_Zn,-5.847524
ID_5NGnRZ_Cu,-6.446236000000002
ID_5NGnRZ_B,-0.6024280000000003
ID_KV6Lqc_N,-5420.68
ID_KV6Lqc_P,33.400439999999996
ID_KV6Lqc_K,-733.1360000000001
ID_KV6Lqc_Ca,-4303.740000000001
ID_KV6Lqc_Mg,-970.9119999999999
ID_KV6Lqc_S,-20.302599999999998
ID_KV6Lqc_Fe,-298.6024
ID_KV6Lqc_Mn,-339.23600000000005
ID_KV6Lqc_Zn,-2.9789800000000004
ID_KV6Lqc_Cu,-8.695700000000004
ID_KV6Lqc_B,-0.30169999999999975
ID_VNOGnU_N,-5325.14
ID_VNOGnU_P,29.65309
ID_VNOGnU_K,-1068.2660000000003
ID_VNOGnU_Ca,-4520.786999999999
ID_VNOGnU_Mg,-1199.92
ID_VNOGnU_S,-14.535599999999995
ID_VNOGnU_Fe,-370.7845
ID_VNOGnU_Mn,-230.82470000000004
ID_VNOGnU_Zn,-8.184800000000003
ID_VNOGnU_Cu,-6.106090000000003
ID_VNOGnU_B,-0.16989999999999972
ID_LiBhyV_N,-5072.9220000000005
ID_LiBhyV_P,31.172308
ID_LiBhyV_K,-940.118
ID_LiBhyV_Ca,-5130.5545999999995
ID_LiBhyV_Mg,-1220.6480000000001
ID_LiBhyV_S,-14.340940000000003
ID_LiBhyV_Fe,-284.9282400000001
ID_LiBhyV_Mn,-255.08946
ID_LiBhyV_Zn,-8.503338000000003
ID_LiBhyV_Cu,-6.62994
ID_LiBhyV_B,-0.2430759999999998
ID_ylpLD7_N,-5300.078000000001
ID_ylpLD7_P,25.639686000000005
ID_ylpLD7_K,-886.6862
ID_ylpLD7_Ca,-6908.628000000001
ID_ylpLD7_Mg,-1506.4242000000004
ID_ylpLD7_S,-9.764247999999995
ID_ylpLD7_Fe,-341.89164
ID_ylpLD7_Mn,-240.65132000000003
ID_ylpLD7_Zn,-4.3044400000000005
ID_ylpLD7_Cu,-6.184130000000004
ID_ylpLD7_B,-0.2773019999999998
ID_MSMDQZ_N,-5584.482
ID_MSMDQZ_P,30.742573999999998
ID_MSMDQZ_K,-997.6914000000002
ID_MSMDQZ_Ca,-4970.2624
ID_MSMDQZ_Mg,-1301.5944000000002
ID_MSMDQZ_S,-13.847348
ID_MSMDQZ_Fe,-328.56098000000014
ID_MSMDQZ_Mn,-268.47388000000007
ID_MSMDQZ_Zn,-3.451571999999999
ID_MSMDQZ_Cu,-6.5748120000000005
ID_MSMDQZ_B,-0.18150799999999967
ID_ApbXip_N,-5290.910000000001
ID_ApbXip_P,28.71208
ID_ApbXip_K,-756.6260000000001
ID_ApbXip_Ca,-4513.8150000000005
ID_ApbXip_Mg,-1284.9910000000002
ID_ApbXip_S,-16.94072999999999
ID_ApbXip_Fe,-387.6034
ID_ApbXip_Mn,-255.59
ID_ApbXip_Zn,-3.2926399999999996
ID_ApbXip_Cu,-8.226880000000008
ID_ApbXip_B,-0.2116899999999996
ID_qAkosV_N,-5772.188000000001
ID_qAkosV_P,30.978763999999998
ID_qAkosV_K,-431.9112
ID_qAkosV_Ca,-4502.942800000001
ID_qAkosV_Mg,-896.3496000000001
ID_qAkosV_S,-17.099332
ID_qAkosV_Fe,-351.6394
ID_qAkosV_Mn,-282.4758400000001
ID_qAkosV_Zn,-2.6589479999999996
ID_qAkosV_Cu,-6.739184000000004
ID_qAkosV_B,-0.1633759999999997
ID_U8UVJd_N,-5610.0740000000005
ID_U8UVJd_P,13.87727799999999
ID_U8UVJd_K,-1192.7582000000002
ID_U8UVJd_Ca,-8102.897400000001
ID_U8UVJd_Mg,-1787.557
ID_U8UVJd_S,-11.356301999999989
ID_U8UVJd_Fe,-352.61506
ID_U8UVJd_Mn,-318.9700000000001
ID_U8UVJd_Zn,-6.538068000000001
ID_U8UVJd_Cu,-8.136102000000003
ID_U8UVJd_B,-0.8118380000000005
ID_48gacB_N,-5564.75
ID_48gacB_P,28.978569999999998
ID_48gacB_K,-785.375
ID_48gacB_Ca,-3034.554
ID_48gacB_Mg,-595.75
ID_48gacB_S,-19.912860000000002
ID_48gacB_Fe,-367.00660000000005
ID_48gacB_Mn,-291.1430000000001
ID_48gacB_Zn,-3.206749999999999
ID_48gacB_Cu,-7.140340000000002
ID_48gacB_B,-0.38998000000000016
ID_gQBp7p_N,-5823.060000000001
ID_gQBp7p_P,32.729918
ID_gQBp7p_K,-863.1204
ID_gQBp7p_Ca,-4352.905000000001
ID_gQBp7p_Mg,-1175.7836000000002
ID_gQBp7p_S,-17.687021999999992
ID_gQBp7p_Fe,-329.51359999999994
ID_gQBp7p_Mn,-344.1272
ID_gQBp7p_Zn,-3.742000000000004
ID_gQBp7p_Cu,-9.899286000000004
ID_gQBp7p_B,-0.3230819999999999
ID_eLx1jk_N,-5758.146
ID_eLx1jk_P,33.12847
ID_eLx1jk_K,-818.9136000000001
ID_eLx1jk_Ca,-4358.5462
ID_eLx1jk_Mg,-941.2
ID_eLx1jk_S,-21.221999999999987
ID_eLx1jk_Fe,-238.79616000000001
ID_eLx1jk_Mn,-338.8938
ID_eLx1jk_Zn,-4.2748099999999996
ID_eLx1jk_Cu,-7.902325999999998
ID_eLx1jk_B,-0.6734839999999999
ID_4kMweV_N,-5741.196
ID_4kMweV_P,33.637648
ID_4kMweV_K,-802.1895999999999
ID_4kMweV_Ca,-4518.1022
ID_4kMweV_Mg,-1024.5262
ID_4kMweV_S,-20.589199999999998
ID_4kMweV_Fe,-265.38958
ID_4kMweV_Mn,-355.59520000000003
ID_4kMweV_Zn,-4.138758
ID_4kMweV_Cu,-10.059496
ID_4kMweV_B,-0.37335600000000013
ID_0XfHoJ_N,-6003.512000000001
ID_0XfHoJ_P,28.826751999999992
ID_0XfHoJ_K,-1058.1104000000003
ID_0XfHoJ_Ca,-4318.5192
ID_0XfHoJ_Mg,-1183.3696
ID_0XfHoJ_S,-16.667088000000003
ID_0XfHoJ_Fe,-398.79136
ID_0XfHoJ_Mn,-317.8328000000001
ID_0XfHoJ_Zn,-14.289295999999998
ID_0XfHoJ_Cu,-8.386000000000001
ID_0XfHoJ_B,-0.340984
ID_dudoSu_N,-5489.360000000001
ID_dudoSu_P,29.667370000000002
ID_dudoSu_K,-1398.6800000000003
ID_dudoSu_Ca,-5134.827
ID_dudoSu_Mg,-1494.1720000000005
ID_dudoSu_S,-16.592340000000004
ID_dudoSu_Fe,-356.5696
ID_dudoSu_Mn,-333.89900000000006
ID_dudoSu_Zn,-7.280749999999998
ID_dudoSu_Cu,-11.06251
ID_dudoSu_B,-0.8110300000000003
ID_ou6BHB_N,-6013.880000000001
ID_ou6BHB_P,17.197047999999995
ID_ou6BHB_K,-1108.727
ID_ou6BHB_Ca,-6354.049800000001
ID_ou6BHB_Mg,-1864.1926000000003
ID_ou6BHB_S,-14.969447999999996
ID_ou6BHB_Fe,-237.05524000000005
ID_ou6BHB_Mn,-343.0784000000001
ID_ou6BHB_Zn,-4.501982
ID_ou6BHB_Cu,-11.148196
ID_ou6BHB_B,-0.8037820000000006
ID_UNBgV5_N,-5433.696000000001
ID_UNBgV5_P,25.101312
ID_UNBgV5_K,-1075.3024000000003
ID_UNBgV5_Ca,-6170.646400000001
ID_UNBgV5_Mg,-1679.6608
ID_UNBgV5_S,-15.365184
ID_UNBgV5_Fe,-251.41728000000003
ID_UNBgV5_Mn,-292.05440000000004
ID_UNBgV5_Zn,-4.767008
ID_UNBgV5_Cu,-11.165760000000006
ID_UNBgV5_B,-0.8005440000000004
ID_HjT5EL_N,-5062.831999999999
ID_HjT5EL_P,28.037524
ID_HjT5EL_K,-847.3915999999999
ID_HjT5EL_Ca,-4661.2476
ID_HjT5EL_Mg,-1284.1671999999999
ID_HjT5EL_S,-22.32380399999999
ID_HjT5EL_Fe,-205.6084
ID_HjT5EL_Mn,-353.61560000000003
ID_HjT5EL_Zn,-3.902360000000001
ID_HjT5EL_Cu,-12.198868000000006
ID_HjT5EL_B,-0.835648
ID_I2PJHO_N,-5474.800000000001
ID_I2PJHO_P,32.94349999999999
ID_I2PJHO_K,-816.164
ID_I2PJHO_Ca,-4299.406000000001
ID_I2PJHO_Mg,-864.1680000000001
ID_I2PJHO_S,-21.296999999999997
ID_I2PJHO_Fe,-270.537
ID_I2PJHO_Mn,-348.8940000000001
ID_I2PJHO_Zn,-3.258600000000002
ID_I2PJHO_Cu,-8.01942
ID_I2PJHO_B,-0.4702200000000007
ID_z9Ds6s_N,-5534.804000000001
ID_z9Ds6s_P,33.005889999999994
ID_z9Ds6s_K,-598.0604000000001
ID_z9Ds6s_Ca,-2983.2018000000007
ID_z9Ds6s_Mg,-579.634
ID_z9Ds6s_S,-29.727119999999992
ID_z9Ds6s_Fe,-324.6742000000001
ID_z9Ds6s_Mn,-228.9926
ID_z9Ds6s_Zn,-3.006812000000001
ID_z9Ds6s_Cu,-8.967268000000002
ID_z9Ds6s_B,-0.22946799999999973
ID_whNrEX_N,-5581.080000000001
ID_whNrEX_P,31.694199999999995
ID_whNrEX_K,-653.3608
ID_whNrEX_Ca,-3121.8590000000004
ID_whNrEX_Mg,-644.5176000000001
ID_whNrEX_S,-26.097679999999997
ID_whNrEX_Fe,-317.70672
ID_whNrEX_Mn,-315.79810000000003
ID_whNrEX_Zn,-2.9604700000000004
ID_whNrEX_Cu,-8.148746000000003
ID_whNrEX_B,-0.335726
ID_bBDDOt_N,-5781.890000000001
ID_bBDDOt_P,30.435574
ID_bBDDOt_K,-1253.9594000000002
ID_bBDDOt_Ca,-3604.735200000001
ID_bBDDOt_Mg,-744.4468000000002
ID_bBDDOt_S,-20.981430000000003
ID_bBDDOt_Fe,-292.02688
ID_bBDDOt_Mn,-303.96200000000005
ID_bBDDOt_Zn,-4.414957999999998
ID_bBDDOt_Cu,-8.822968
ID_bBDDOt_B,-0.30405999999999983
ID_XnR5uY_N,-5311.700000000001
ID_XnR5uY_P,28.13059
ID_XnR5uY_K,-1297.8590000000002
ID_XnR5uY_Ca,-4348.461
ID_XnR5uY_Mg,-882.2950000000001
ID_XnR5uY_S,-17.08353000000001
ID_XnR5uY_Fe,-359.1358
ID_XnR5uY_Mn,-313.2560000000001
ID_XnR5uY_Zn,-5.571979999999999
ID_XnR5uY_Cu,-8.567290000000003
ID_XnR5uY_B,-0.6333700000000003
ID_YRPNxe_N,-5714.736000000001
ID_YRPNxe_P,29.911556
ID_YRPNxe_K,-1388.9640000000002
ID_YRPNxe_Ca,-4572.2244
ID_YRPNxe_Mg,-1193.6796000000002
ID_YRPNxe_S,-20.94246799999999
ID_YRPNxe_Fe,-370.4968
ID_YRPNxe_Mn,-305.9272800000001
ID_YRPNxe_Zn,-4.308732
ID_YRPNxe_Cu,-7.346776000000003
ID_YRPNxe_B,-0.317076
ID_gjpDuY_N,-5456.602000000001
ID_gjpDuY_P,28.936935999999996
ID_gjpDuY_K,-1008.9842000000001
ID_gjpDuY_Ca,-4223.1296
ID_gjpDuY_Mg,-1228.1254
ID_gjpDuY_S,-19.333793999999997
ID_gjpDuY_Fe,-338.18782000000004
ID_gjpDuY_Mn,-318.20700000000005
ID_gjpDuY_Zn,-4.014936
ID_gjpDuY_Cu,-9.474186000000001
ID_gjpDuY_B,-0.7364100000000003
ID_uvRGmS_N,-6129.542000000001
ID_uvRGmS_P,7.964734
ID_uvRGmS_K,-1388.7356000000002
ID_uvRGmS_Ca,-6803.599800000001
ID_uvRGmS_Mg,-1786.8700000000001
ID_uvRGmS_S,-230.1160860000001
ID_uvRGmS_Fe,-374.91502
ID_uvRGmS_Mn,-337.0400000000001
ID_uvRGmS_Zn,-7.1477779999999935
ID_uvRGmS_Cu,-11.435242000000006
ID_uvRGmS_B,-0.8808160000000004
ID_ArQsp4_N,-5505.835999999999
ID_ArQsp4_P,29.070135999999998
ID_ArQsp4_K,-1044.0187999999998
ID_ArQsp4_Ca,-6696.9684
ID_ArQsp4_Mg,-2139.3268
ID_ArQsp4_S,-10.462560000000007
ID_ArQsp4_Fe,-291.6487599999999
ID_ArQsp4_Mn,-304.5044
ID_ArQsp4_Zn,-4.936796
ID_ArQsp4_Cu,-12.833392000000002
ID_ArQsp4_B,-0.8098840000000006
ID_CzepeB_N,-5717.952000000001
ID_CzepeB_P,24.112352
ID_CzepeB_K,-973.8752000000002
ID_CzepeB_Ca,-6819.910400000001
ID_CzepeB_Mg,-2299.9616
ID_CzepeB_S,-15.937951999999985
ID_CzepeB_Fe,-301.88
ID_CzepeB_Mn,-281.9900800000001
ID_CzepeB_Zn,-4.049535999999999
ID_CzepeB_Cu,-11.384832000000005
ID_CzepeB_B,-0.7750080000000006
ID_hNdof5_N,-5686.810000000001
ID_hNdof5_P,29.453159999999993
ID_hNdof5_K,-737.7486
ID_hNdof5_Ca,-3206.0506000000005
ID_hNdof5_Mg,-569.1332000000001
ID_hNdof5_S,-30.640799999999984
ID_hNdof5_Fe,-294.6118
ID_hNdof5_Mn,-234.88740000000007
ID_hNdof5_Zn,-3.4570740000000018
ID_hNdof5_Cu,-7.706860000000005
ID_hNdof5_B,-0.5835920000000007
ID_ouOm0b_N,-5561.460000000001
ID_ouOm0b_P,11.465761999999998
ID_ouOm0b_K,-1112.7086000000002
ID_ouOm0b_Ca,-9981.970200000002
ID_ouOm0b_Mg,-2453.1328000000003
ID_ouOm0b_S,-13.900579999999987
ID_ouOm0b_Fe,-287.40908
ID_ouOm0b_Mn,-292.1124000000001
ID_ouOm0b_Zn,-4.508924
ID_ouOm0b_Cu,-11.456024
ID_ouOm0b_B,-0.859362000000001
ID_s1DAtN_N,-4270.839999999999
ID_s1DAtN_P,-27.307093999999992
ID_s1DAtN_K,-1456.6177999999998
ID_s1DAtN_Ca,-16906.563399999995
ID_s1DAtN_Mg,-3430.4996
ID_s1DAtN_S,-13.77055399999999
ID_s1DAtN_Fe,-315.60904
ID_s1DAtN_Mn,-284.29220000000004
ID_s1DAtN_Zn,-4.711441999999997
ID_s1DAtN_Cu,-13.088121999999997
ID_s1DAtN_B,-1.3325000000000005
ID_0a2tpU_N,-4435.904
ID_0a2tpU_P,-11.147024000000016
ID_0a2tpU_K,-1256.5124000000003
ID_0a2tpU_Ca,-12441.645000000002
ID_0a2tpU_Mg,-2620.0138000000006
ID_0a2tpU_S,-15.794622
ID_0a2tpU_Fe,-425.8484800000001
ID_0a2tpU_Mn,-281.6732
ID_0a2tpU_Zn,-4.3286
ID_0a2tpU_Cu,-10.501732
ID_0a2tpU_B,-0.9336520000000007
ID_sFPlRC_N,-6006.104
ID_sFPlRC_P,25.243744
ID_sFPlRC_K,-1344.0512000000003
ID_sFPlRC_Ca,-5995.327200000001
ID_sFPlRC_Mg,-1471.7944000000002
ID_sFPlRC_S,-13.543728000000005
ID_sFPlRC_Fe,-353.33200000000005
ID_sFPlRC_Mn,-304.4062400000001
ID_sFPlRC_Zn,-4.603856000000001
ID_sFPlRC_Cu,-9.051280000000002
ID_sFPlRC_B,-0.7840000000000001
ID_0rogGD_N,-4877.952000000001
ID_0rogGD_P,16.044543999999988
ID_0rogGD_K,-1213.3984
ID_0rogGD_Ca,-12237.596800000001
ID_0rogGD_Mg,-3001.6192000000005
ID_0rogGD_S,-9.775712000000006
ID_0rogGD_Fe,-311.46496
ID_0rogGD_Mn,-268.2208000000001
ID_0rogGD_Zn,-4.509856000000001
ID_0rogGD_Cu,-11.468384000000007
ID_0rogGD_B,-0.8733440000000005
ID_QQgIQi_N,-5542.6759999999995
ID_QQgIQi_P,25.623508
ID_QQgIQi_K,-817.1930000000001
ID_QQgIQi_Ca,-5138.363400000001
ID_QQgIQi_Mg,-1446.7546000000002
ID_QQgIQi_S,-18.338802
ID_QQgIQi_Fe,-253.26549999999997
ID_QQgIQi_Mn,-331.76300000000003
ID_QQgIQi_Zn,-4.254025999999999
ID_QQgIQi_Cu,-11.967532
ID_QQgIQi_B,-0.8424280000000003
ID_xVP7EP_N,-4885.334
ID_xVP7EP_P,26.382144000000007
ID_xVP7EP_K,-1010.9683999999997
ID_xVP7EP_Ca,-7987.6316
ID_xVP7EP_Mg,-2084.7373999999995
ID_xVP7EP_S,-10.190488000000002
ID_xVP7EP_Fe,-271.01472
ID_xVP7EP_Mn,-276.76640000000003
ID_xVP7EP_Zn,-4.426004000000001
ID_xVP7EP_Cu,-12.086490000000005
ID_xVP7EP_B,-0.798236
ID_woSwnu_N,-5708.024000000001
ID_woSwnu_P,6.646144
ID_woSwnu_K,-1156.6280000000002
ID_woSwnu_Ca,-8425.4352
ID_woSwnu_Mg,-2420.5960000000005
ID_woSwnu_S,-11.760000000000002
ID_woSwnu_Fe,-252.84015999999997
ID_woSwnu_Mn,-292.86320000000006
ID_woSwnu_Zn,-5.560736
ID_woSwnu_Cu,-11.449096000000003
ID_woSwnu_B,-0.9550720000000003
ID_cZaj3N_N,-5267.576
ID_cZaj3N_P,25.119352000000003
ID_cZaj3N_K,-1077.0788
ID_cZaj3N_Ca,-5954.554799999999
ID_cZaj3N_Mg,-1586.8144
ID_cZaj3N_S,-16.69083599999999
ID_cZaj3N_Fe,-229.10379999999995
ID_cZaj3N_Mn,-334.4864
ID_cZaj3N_Zn,-5.486503999999998
ID_cZaj3N_Cu,-11.221432
ID_cZaj3N_B,-0.9061
ID_RISlfy_N,-4547.424
ID_RISlfy_P,25.443392000000003
ID_RISlfy_K,-966.7583999999999
ID_RISlfy_Ca,-6316.728
ID_RISlfy_Mg,-1533.7792
ID_RISlfy_S,-18.759255999999993
ID_RISlfy_Fe,-241.61216
ID_RISlfy_Mn,-295.3536
ID_RISlfy_Zn,-4.236055999999998
ID_RISlfy_Cu,-10.157872000000001
ID_RISlfy_B,-0.7552
ID_utOA0H_N,-3149.67
ID_utOA0H_P,-1.7268299999999925
ID_utOA0H_K,-1079.83
ID_utOA0H_Ca,-13606.553
ID_utOA0H_Mg,-3293.305
ID_utOA0H_S,-10.485029999999995
ID_utOA0H_Fe,-270.62530000000004
ID_utOA0H_Mn,-309.7320000000001
ID_utOA0H_Zn,-4.295679999999998
ID_utOA0H_Cu,-10.00602
ID_utOA0H_B,-0.9717900000000005
ID_6qvSz5_N,-4434.208
ID_6qvSz5_P,26.249128
ID_6qvSz5_K,-1029.2823999999998
ID_6qvSz5_Ca,-8389.4856
ID_6qvSz5_Mg,-1699.1719999999998
ID_6qvSz5_S,-15.524015999999996
ID_6qvSz5_Fe,-276.48408000000006
ID_6qvSz5_Mn,-264.3584
ID_6qvSz5_Zn,-3.412223999999998
ID_6qvSz5_Cu,-12.149128000000001
ID_6qvSz5_B,-0.8127359999999996
ID_n1Mt1T_N,-4200.328
ID_n1Mt1T_P,8.142361999999995
ID_n1Mt1T_K,-941.5863999999998
ID_n1Mt1T_Ca,-12054.2304
ID_n1Mt1T_Mg,-3204.1153999999997
ID_n1Mt1T_S,-13.747049999999987
ID_n1Mt1T_Fe,-258.04458
ID_n1Mt1T_Mn,-294.1797
ID_n1Mt1T_Zn,-4.562281999999998
ID_n1Mt1T_Cu,-11.555390000000004
ID_n1Mt1T_B,-0.9247960000000005
ID_8Xhn8A_N,-4678.092
ID_8Xhn8A_P,19.19353600000001
ID_8Xhn8A_K,-1050.5183999999997
ID_8Xhn8A_Ca,-7173.0598
ID_8Xhn8A_Mg,-2609.9161999999997
ID_8Xhn8A_S,-12.352855999999996
ID_8Xhn8A_Fe,-258.96666
ID_8Xhn8A_Mn,-247.88359999999997
ID_8Xhn8A_Zn,-4.209947999999997
ID_8Xhn8A_Cu,-13.783298
ID_8Xhn8A_B,-0.9017439999999999
ID_U940oM_N,-5391.208
ID_U940oM_P,28.850776000000003
ID_U940oM_K,-988.7056
ID_U940oM_Ca,-4870.2776
ID_U940oM_Mg,-1398.8016
ID_U940oM_S,-21.022647999999997
ID_U940oM_Fe,-263.90504
ID_U940oM_Mn,-324.84080000000006
ID_U940oM_Zn,-4.310064
ID_U940oM_Cu,-11.903208000000005
ID_U940oM_B,-0.7113520000000002
ID_hu9nZU_N,-5659.778000000001
ID_hu9nZU_P,26.327475999999997
ID_hu9nZU_K,-941.0553999999998
ID_hu9nZU_Ca,-4334.723800000001
ID_hu9nZU_Mg,-1068.593
ID_hu9nZU_S,-21.979442
ID_hu9nZU_Fe,-250.20738000000006
ID_hu9nZU_Mn,-302.96880000000004
ID_hu9nZU_Zn,-16.263920000000002
ID_hu9nZU_Cu,-11.03920800000001
ID_hu9nZU_B,-0.7521060000000005
ID_rQ9qyN_N,-5903.204000000001
ID_rQ9qyN_P,30.444311999999996
ID_rQ9qyN_K,-849.9751999999999
ID_rQ9qyN_Ca,-2563.1852000000003
ID_rQ9qyN_Mg,-519.9224000000002
ID_rQ9qyN_S,-29.104680000000023
ID_rQ9qyN_Fe,-386.52824000000004
ID_rQ9qyN_Mn,-213.84720000000002
ID_rQ9qyN_Zn,-3.5029200000000005
ID_rQ9qyN_Cu,-6.652900000000002
ID_rQ9qyN_B,-0.3069
ID_vpi9sw_N,-5527.920000000001
ID_vpi9sw_P,25.221147999999996
ID_vpi9sw_K,-1122.9828000000002
ID_vpi9sw_Ca,-6042.4636
ID_vpi9sw_Mg,-1585.4718
ID_vpi9sw_S,-10.641460000000002
ID_vpi9sw_Fe,-354.71274
ID_vpi9sw_Mn,-243.69970000000004
ID_vpi9sw_Zn,-13.667945999999999
ID_vpi9sw_Cu,-8.304916000000006
ID_vpi9sw_B,-0.6393520000000005
ID_lC77vr_N,-5558.114000000001
ID_lC77vr_P,24.389403999999995
ID_lC77vr_K,-1352.8604000000005
ID_lC77vr_Ca,-6498.838200000001
ID_lC77vr_Mg,-1555.8346000000001
ID_lC77vr_S,-13.127514000000005
ID_lC77vr_Fe,-304.81185999999997
ID_lC77vr_Mn,-351.4145000000001
ID_lC77vr_Zn,-5.871944000000003
ID_lC77vr_Cu,-12.403606000000002
ID_lC77vr_B,-0.8066680000000002
ID_MWiTZu_N,-6003.240000000001
ID_MWiTZu_P,21.378980000000002
ID_MWiTZu_K,-1414.8720000000003
ID_MWiTZu_Ca,-4573.592000000001
ID_MWiTZu_Mg,-1505.8200000000002
ID_MWiTZu_S,-14.272619999999996
ID_MWiTZu_Fe,-298.85540000000003
ID_MWiTZu_Mn,-351.5120000000001
ID_MWiTZu_Zn,-5.474880000000003
ID_MWiTZu_Cu,-9.84806
ID_MWiTZu_B,-0.7192600000000003
ID_bw8v00_N,-5353.0560000000005
ID_bw8v00_P,22.885056
ID_bw8v00_K,-1208.0672
ID_bw8v00_Ca,-5719.443200000001
ID_bw8v00_Mg,-1472.1472
ID_bw8v00_S,-13.395328000000006
ID_bw8v00_Fe,-248.2768
ID_bw8v00_Mn,-326.6848000000001
ID_bw8v00_Zn,-4.472448
ID_bw8v00_Cu,-10.437984000000005
ID_bw8v00_B,-0.8023360000000004
ID_i8bB6S_N,-5758.600000000001
ID_i8bB6S_P,24.91482
ID_i8bB6S_K,-1175.5780000000002
ID_i8bB6S_Ca,-5928.154000000001
ID_i8bB6S_Mg,-1625.0380000000002
ID_i8bB6S_S,-17.316100000000002
ID_i8bB6S_Fe,-264.6454
ID_i8bB6S_Mn,-305.2680000000001
ID_i8bB6S_Zn,-4.939839999999999
ID_i8bB6S_Cu,-11.078300000000004
ID_i8bB6S_B,-0.8162800000000006
ID_N9S6w6_N,-4691.136000000001
ID_N9S6w6_P,23.804351999999998
ID_N9S6w6_K,-1723.8944000000001
ID_N9S6w6_Ca,-6719.267200000001
ID_N9S6w6_Mg,-1909.3504000000005
ID_N9S6w6_S,-8.832896000000009
ID_N9S6w6_Fe,-283.28576000000004
ID_N9S6w6_Mn,-323.7504000000001
ID_N9S6w6_Zn,-3.937312
ID_N9S6w6_Cu,-8.673088000000002
ID_N9S6w6_B,-0.7239360000000001
ID_bzyVzf_N,-5518.598000000001
ID_bzyVzf_P,7.023675999999988
ID_bzyVzf_K,-1343.9138000000003
ID_bzyVzf_Ca,-6212.502600000001
ID_bzyVzf_Mg,-1615.3750000000002
ID_bzyVzf_S,-11.404350000000008
ID_bzyVzf_Fe,-341.87698000000006
ID_bzyVzf_Mn,-305.78240000000005
ID_bzyVzf_Zn,-6.425833999999999
ID_bzyVzf_Cu,-10.094806000000002
ID_bzyVzf_B,-0.8044480000000008
ID_FZThC2_N,-5208.912
ID_FZThC2_P,6.426181999999983
ID_FZThC2_K,-1180.0622000000003
ID_FZThC2_Ca,-5739.999000000001
ID_FZThC2_Mg,-1723.2386
ID_FZThC2_S,-11.474302000000016
ID_FZThC2_Fe,-260.94768000000005
ID_FZThC2_Mn,-315.1644000000001
ID_FZThC2_Zn,-5.531009999999999
ID_FZThC2_Cu,-10.358760000000009
ID_FZThC2_B,-0.7563120000000003
ID_8lb6rF_N,-5329.010000000001
ID_8lb6rF_P,25.710747999999995
ID_8lb6rF_K,-1075.9820000000002
ID_8lb6rF_Ca,-5918.885400000001
ID_8lb6rF_Mg,-1539.6064000000001
ID_8lb6rF_S,-14.449301999999989
ID_8lb6rF_Fe,-245.52898000000005
ID_8lb6rF_Mn,-311.3546000000001
ID_8lb6rF_Zn,-4.037779999999999
ID_8lb6rF_Cu,-10.86403600000001
ID_8lb6rF_B,-0.7034380000000007
ID_kctDO0_N,-5697.492000000001
ID_kctDO0_P,22.996871999999996
ID_kctDO0_K,-938.0688000000002
ID_kctDO0_Ca,-3974.6096000000007
ID_kctDO0_Mg,-1036.1982
ID_kctDO0_S,-18.10689000000001
ID_kctDO0_Fe,-362.65178
ID_kctDO0_Mn,-356.4551
ID_kctDO0_Zn,-4.095814000000002
ID_kctDO0_Cu,-9.093557999999998
ID_kctDO0_B,-0.742514
ID_uTZbIr_N,-5824.820000000001
ID_uTZbIr_P,19.0648
ID_uTZbIr_K,-1163.2140000000002
ID_uTZbIr_Ca,-6304.112000000001
ID_uTZbIr_Mg,-1913.348
ID_uTZbIr_S,-12.363240000000005
ID_uTZbIr_Fe,-399.4306000000001
ID_uTZbIr_Mn,-332.9000000000001
ID_uTZbIr_Zn,-3.579140000000001
ID_uTZbIr_Cu,-12.747659999999998
ID_uTZbIr_B,-0.7784400000000004
ID_qzhSJT_N,-5583.042000000001
ID_qzhSJT_P,-1.1392160000000047
ID_qzhSJT_K,-1822.6473999999998
ID_qzhSJT_Ca,-7704.219000000001
ID_qzhSJT_Mg,-1967.9084
ID_qzhSJT_S,-12.621355999999999
ID_qzhSJT_Fe,-369.96568
ID_qzhSJT_Mn,-317.64020000000005
ID_qzhSJT_Zn,-6.211504000000002
ID_qzhSJT_Cu,-12.238862000000008
ID_qzhSJT_B,-0.9644380000000007
ID_7CFzM4_N,-4924.14
ID_7CFzM4_P,26.381779999999992
ID_7CFzM4_K,-893.5380000000004
ID_7CFzM4_Ca,-4687.684
ID_7CFzM4_Mg,-1220.3040000000003
ID_7CFzM4_S,-17.79636
ID_7CFzM4_Fe,-253.817
ID_7CFzM4_Mn,-295.76400000000007
ID_7CFzM4_Zn,-3.952920000000002
ID_7CFzM4_Cu,-10.124820000000003
ID_7CFzM4_B,-0.7467600000000006
ID_NvHUr3_N,-5094.368
ID_NvHUr3_P,29.433712
ID_NvHUr3_K,-653.6072000000001
ID_NvHUr3_Ca,-4407.943200000001
ID_NvHUr3_Mg,-1128.5704000000003
ID_NvHUr3_S,-18.473928000000008
ID_NvHUr3_Fe,-225.15328
ID_NvHUr3_Mn,-314.9816
ID_NvHUr3_Zn,-4.753975999999999
ID_NvHUr3_Cu,-9.523672000000003
ID_NvHUr3_B,-0.7287040000000005
ID_p4jgCB_N,-5139.080000000001
ID_p4jgCB_P,28.02011999999999
ID_p4jgCB_K,-749.1960000000001
ID_p4jgCB_Ca,-3649.4160000000006
ID_p4jgCB_Mg,-1135.2300000000002
ID_p4jgCB_S,-29.436780000000006
ID_p4jgCB_Fe,-205.0694
ID_p4jgCB_Mn,-260.1240000000001
ID_p4jgCB_Zn,-3.3732200000000017
ID_p4jgCB_Cu,-9.744660000000003
ID_p4jgCB_B,-0.6585400000000001
ID_KIwp7X_N,-5155.326000000001
ID_KIwp7X_P,27.045349999999996
ID_KIwp7X_K,-708.7982000000002
ID_KIwp7X_Ca,-4448.040200000001
ID_KIwp7X_Mg,-1036.22
ID_KIwp7X_S,-18.684808000000018
ID_KIwp7X_Fe,-219.11839999999998
ID_KIwp7X_Mn,-297.2354000000001
ID_KIwp7X_Zn,-3.285943999999999
ID_KIwp7X_Cu,-9.421430000000004
ID_KIwp7X_B,-0.7119939999999998
ID_E8UbD6_N,-5283.18
ID_E8UbD6_P,24.415199999999995
ID_E8UbD6_K,-581.2260000000001
ID_E8UbD6_Ca,-3755.0820000000003
ID_E8UbD6_Mg,-1032.4900000000002
ID_E8UbD6_S,-26.902380000000008
ID_E8UbD6_Fe,-224.68680000000003
ID_E8UbD6_Mn,-253.15
ID_E8UbD6_Zn,-3.478820000000002
ID_E8UbD6_Cu,-9.865220000000004
ID_E8UbD6_B,-0.7843800000000002
ID_coGpQq_N,-5195.024000000001
ID_coGpQq_P,25.764087999999997
ID_coGpQq_K,-879.4135999999999
ID_coGpQq_Ca,-3853.8600000000006
ID_coGpQq_Mg,-1069.6672
ID_coGpQq_S,-23.166743999999994
ID_coGpQq_Fe,-291.17584
ID_coGpQq_Mn,-282.4736000000001
ID_coGpQq_Zn,-5.179279999999998
ID_coGpQq_Cu,-9.640744000000005
ID_coGpQq_B,-0.7958800000000005
ID_gOzmad_N,-5173.856000000001
ID_gOzmad_P,21.255487999999996
ID_gOzmad_K,-1133.702
ID_gOzmad_Ca,-3832.190200000001
ID_gOzmad_Mg,-1071.9284000000002
ID_gOzmad_S,-26.469370000000005
ID_gOzmad_Fe,-283.22566
ID_gOzmad_Mn,-264.6226
ID_gOzmad_Zn,-7.787207999999998
ID_gOzmad_Cu,-9.352542
ID_gOzmad_B,-0.730088
ID_t7ngMm_N,-5043.756000000001
ID_t7ngMm_P,25.170811999999998
ID_t7ngMm_K,-707.5748000000001
ID_t7ngMm_Ca,-3581.5272
ID_t7ngMm_Mg,-909.0272000000001
ID_t7ngMm_S,-26.54774799999999
ID_t7ngMm_Fe,-216.91976
ID_t7ngMm_Mn,-240.79240000000004
ID_t7ngMm_Zn,-3.5431999999999997
ID_t7ngMm_Cu,-9.471228000000005
ID_t7ngMm_B,-0.657336
ID_hTwMm3_N,-5459.4000000000015
ID_hTwMm3_P,18.06116
ID_hTwMm3_K,-1232.558
ID_hTwMm3_Ca,-4875.542
ID_hTwMm3_Mg,-1284.5220000000002
ID_hTwMm3_S,-18.21282000000001
ID_hTwMm3_Fe,-341.4870000000001
ID_hTwMm3_Mn,-337.8654000000001
ID_hTwMm3_Zn,-4.2653200000000036
ID_hTwMm3_Cu,-9.657540000000003
ID_hTwMm3_B,-0.7617200000000002
ID_bhMHfg_N,-5123.68
ID_bhMHfg_P,25.292607999999994
ID_bhMHfg_K,-865.4368000000001
ID_bhMHfg_Ca,-3686.1952000000006
ID_bhMHfg_Mg,-945.2320000000002
ID_bhMHfg_S,-27.629856000000004
ID_bhMHfg_Fe,-217.22815999999995
ID_bhMHfg_Mn,-253.97440000000003
ID_bhMHfg_Zn,-4.464607999999999
ID_bhMHfg_Cu,-10.910400000000005
ID_bhMHfg_B,-0.7324480000000003
ID_YZAziY_N,-5227.5560000000005
ID_YZAziY_P,26.551683999999995
ID_YZAziY_K,-965.8034000000004
ID_YZAziY_Ca,-4470.957000000001
ID_YZAziY_Mg,-1001.1232000000002
ID_YZAziY_S,-20.857554
ID_YZAziY_Fe,-228.07533999999993
ID_YZAziY_Mn,-315.1508
ID_YZAziY_Zn,-4.364786000000001
ID_YZAziY_Cu,-10.683994000000002
ID_YZAziY_B,-0.7780300000000002
ID_1GfbJD_N,-5364.14
ID_1GfbJD_P,27.080059999999996
ID_1GfbJD_K,-1181.4080000000001
ID_1GfbJD_Ca,-5224.77
ID_1GfbJD_Mg,-1404.9940000000001
ID_1GfbJD_S,-14.623739999999987
ID_1GfbJD_Fe,-259.977
ID_1GfbJD_Mn,-299.7680000000001
ID_1GfbJD_Zn,-4.185240000000001
ID_1GfbJD_Cu,-10.393880000000003
ID_1GfbJD_B,-0.8259600000000002
ID_qrNSP4_N,-5139.5
ID_qrNSP4_P,26.464239999999997
ID_qrNSP4_K,-1285.6580000000004
ID_qrNSP4_Ca,-5183.883000000001
ID_qrNSP4_Mg,-1423.9270000000001
ID_qrNSP4_S,-13.309829999999991
ID_qrNSP4_Fe,-256.1077
ID_qrNSP4_Mn,-302.672
ID_qrNSP4_Zn,-5.6654300000000015
ID_qrNSP4_Cu,-9.856480000000003
ID_qrNSP4_B,-0.9889000000000004
ID_U67tOl_N,-5213.314000000001
ID_U67tOl_P,28.461041999999996
ID_U67tOl_K,-1404.2182000000003
ID_U67tOl_Ca,-4434.698600000001
ID_U67tOl_Mg,-1269.4364000000003
ID_U67tOl_S,-18.321838
ID_U67tOl_Fe,-321.19036
ID_U67tOl_Mn,-307.1326
ID_U67tOl_Zn,-4.64343
ID_U67tOl_Cu,-10.967050000000006
ID_U67tOl_B,-0.7935260000000001
ID_Qd7Qia_N,-4995.776000000001
ID_Qd7Qia_P,28.731232
ID_Qd7Qia_K,-612.9440000000001
ID_Qd7Qia_Ca,-4077.724800000001
ID_Qd7Qia_Mg,-1120.5568
ID_Qd7Qia_S,-27.138624000000014
ID_Qd7Qia_Fe,-214.51776000000004
ID_Qd7Qia_Mn,-256.5056000000001
ID_Qd7Qia_Zn,-3.1819840000000004
ID_Qd7Qia_Cu,-10.535424000000006
ID_Qd7Qia_B,-0.6249280000000003
ID_TPpqEM_N,-5258.976000000001
ID_TPpqEM_P,30.164608
ID_TPpqEM_K,-532.5280000000001
ID_TPpqEM_Ca,-3760.4288
ID_TPpqEM_Mg,-979.3696000000002
ID_TPpqEM_S,-23.452480000000016
ID_TPpqEM_Fe,-207.2848
ID_TPpqEM_Mn,-267.5264
ID_TPpqEM_Zn,-3.2874880000000006
ID_TPpqEM_Cu,-10.712832000000011
ID_TPpqEM_B,-0.6730880000000001
ID_zCuVeX_N,-5322.34
ID_zCuVeX_P,28.803539999999998
ID_zCuVeX_K,-829.6280000000002
ID_zCuVeX_Ca,-3769.6900000000005
ID_zCuVeX_Mg,-1006.024
ID_zCuVeX_S,-26.113900000000015
ID_zCuVeX_Fe,-264.2626
ID_zCuVeX_Mn,-241.49
ID_zCuVeX_Zn,-4.003739999999998
ID_zCuVeX_Cu,-9.706600000000005
ID_zCuVeX_B,-0.6486400000000002
ID_XDKlzJ_N,-5519.240000000001
ID_XDKlzJ_P,27.224600000000002
ID_XDKlzJ_K,-1536.2900000000002
ID_XDKlzJ_Ca,-6447.266000000001
ID_XDKlzJ_Mg,-1760.8880000000001
ID_XDKlzJ_S,-16.272859999999998
ID_XDKlzJ_Fe,-385.6893999999999
ID_XDKlzJ_Mn,-302.331
ID_XDKlzJ_Zn,-5.451119999999999
ID_XDKlzJ_Cu,-11.107780000000004
ID_XDKlzJ_B,-0.9141800000000001
ID_wwLm5k_N,-5343.632000000001
ID_wwLm5k_P,27.648688
ID_wwLm5k_K,-701.1704000000001
ID_wwLm5k_Ca,-3511.8456000000006
ID_wwLm5k_Mg,-924.9040000000001
ID_wwLm5k_S,-34.44
ID_wwLm5k_Fe,-228.13624
ID_wwLm5k_Mn,-248.69119999999998
ID_wwLm5k_Zn,-10.299992
ID_wwLm5k_Cu,-9.346552000000003
ID_wwLm5k_B,-0.7397199999999999
ID_xqDBgK_N,-5870.148000000001
ID_xqDBgK_P,26.263166000000005
ID_xqDBgK_K,-1426.5414
ID_xqDBgK_Ca,-4752.041200000001
ID_xqDBgK_Mg,-1638.3796000000002
ID_xqDBgK_S,-15.725021999999996
ID_xqDBgK_Fe,-320.51238
ID_xqDBgK_Mn,-332.42060000000004
ID_xqDBgK_Zn,-6.270800000000003
ID_xqDBgK_Cu,-10.090254000000007
ID_xqDBgK_B,-0.8597980000000002
ID_p5Tp7B_N,-5225.740000000001
ID_p5Tp7B_P,30.603545999999994
ID_p5Tp7B_K,-614.8838000000002
ID_p5Tp7B_Ca,-3617.3948
ID_p5Tp7B_Mg,-934.5012000000002
ID_p5Tp7B_S,-26.657722000000007
ID_p5Tp7B_Fe,-202.53732000000002
ID_p5Tp7B_Mn,-233.51400000000004
ID_p5Tp7B_Zn,-7.711779999999999
ID_p5Tp7B_Cu,-9.810342000000004
ID_p5Tp7B_B,-0.7054540000000005
ID_Wi8s4p_N,-5708.544000000001
ID_Wi8s4p_P,-29.30313600000001
ID_Wi8s4p_K,-1603.6512000000002
ID_Wi8s4p_Ca,-9241.9776
ID_Wi8s4p_Mg,-2534.4896000000003
ID_Wi8s4p_S,-18.237984
ID_Wi8s4p_Fe,-486.58368
ID_Wi8s4p_Mn,-294.5340800000001
ID_Wi8s4p_Zn,-11.598560000000003
ID_Wi8s4p_Cu,-10.728064
ID_Wi8s4p_B,-0.9221760000000007
ID_gEoarY_N,-5483.634000000001
ID_gEoarY_P,19.05128999999999
ID_gEoarY_K,-1682.7568000000003
ID_gEoarY_Ca,-9278.070000000002
ID_gEoarY_Mg,-2168.4466000000007
ID_gEoarY_S,-11.120644000000002
ID_gEoarY_Fe,-472.4431200000001
ID_gEoarY_Mn,-248.5778
ID_gEoarY_Zn,-6.6850000000000005
ID_gEoarY_Cu,-9.507540000000008
ID_gEoarY_B,-0.7379360000000001
ID_9uTw53_N,-5460.336
ID_9uTw53_P,25.378995999999997
ID_9uTw53_K,-1315.4
ID_9uTw53_Ca,-4464.1468
ID_9uTw53_Mg,-984.4780000000001
ID_9uTw53_S,-16.900900000000004
ID_9uTw53_Fe,-341.1772
ID_9uTw53_Mn,-299.02244
ID_9uTw53_Zn,-13.881804000000002
ID_9uTw53_Cu,-7.727952000000004
ID_9uTw53_B,-0.6938000000000006
ID_MEugX2_N,-5617.8240000000005
ID_MEugX2_P,14.979423999999995
ID_MEugX2_K,-999.5008
ID_MEugX2_Ca,-3383.7952000000005
ID_MEugX2_Mg,-665.0304000000001
ID_MEugX2_S,-30.357504000000006
ID_MEugX2_Fe,-299.5100800000001
ID_MEugX2_Mn,-275.43360000000007
ID_MEugX2_Zn,-10.126655999999999
ID_MEugX2_Cu,-8.094496000000008
ID_MEugX2_B,-0.6072320000000002
ID_qPOm7M_N,-5670.002
ID_qPOm7M_P,25.263862
ID_qPOm7M_K,-1804.1198000000002
ID_qPOm7M_Ca,-4879.836600000001
ID_qPOm7M_Mg,-1076.692
ID_qPOm7M_S,-15.798840000000002
ID_qPOm7M_Fe,-328.5791800000001
ID_qPOm7M_Mn,-310.2446000000001
ID_qPOm7M_Zn,-12.089497999999997
ID_qPOm7M_Cu,-9.241660000000003
ID_qPOm7M_B,-0.7074340000000002
ID_N0qiLX_N,-5563.858
ID_N0qiLX_P,27.88683
ID_N0qiLX_K,-1619.0790000000002
ID_N0qiLX_Ca,-6526.997200000002
ID_N0qiLX_Mg,-1875.3455999999999
ID_N0qiLX_S,-11.677415999999994
ID_N0qiLX_Fe,-450.4491
ID_N0qiLX_Mn,-274.3606600000001
ID_N0qiLX_Zn,-4.756790000000001
ID_N0qiLX_Cu,-10.934132000000002
ID_N0qiLX_B,-0.6550960000000006
ID_pSEAOt_N,-5193.146000000001
ID_pSEAOt_P,27.361095999999996
ID_pSEAOt_K,-1387.9586000000002
ID_pSEAOt_Ca,-5013.902400000001
ID_pSEAOt_Mg,-1368.5332
ID_pSEAOt_S,-13.985100000000003
ID_pSEAOt_Fe,-412.58842000000004
ID_pSEAOt_Mn,-311.21474000000006
ID_pSEAOt_Zn,-3.32072
ID_pSEAOt_Cu,-10.434910000000006
ID_pSEAOt_B,-0.7329640000000003
ID_x0Ebse_N,-5522.448
ID_x0Ebse_P,27.479855999999995
ID_x0Ebse_K,-1093.4976000000004
ID_x0Ebse_Ca,-3053.9408000000003
ID_x0Ebse_Mg,-592.2672
ID_x0Ebse_S,-27.617760000000033
ID_x0Ebse_Fe,-388.08304000000004
ID_x0Ebse_Mn,-235.99200000000002
ID_x0Ebse_Zn,-15.638048000000007
ID_x0Ebse_Cu,-6.739920000000002
ID_x0Ebse_B,-0.38196800000000053
ID_nq4bIo_N,-5349.808000000001
ID_nq4bIo_P,29.459392
ID_nq4bIo_K,-1224.1216000000002
ID_nq4bIo_Ca,-4452.262400000001
ID_nq4bIo_Mg,-894.9280000000001
ID_nq4bIo_S,-16.635568000000006
ID_nq4bIo_Fe,-330.22992
ID_nq4bIo_Mn,-314.8864000000001
ID_nq4bIo_Zn,-4.415824
ID_nq4bIo_Cu,-8.431168000000003
ID_nq4bIo_B,-0.3418240000000002
ID_dvd2qf_N,-5471.148000000001
ID_dvd2qf_P,29.179308
ID_dvd2qf_K,-1184.2144
ID_dvd2qf_Ca,-3116.9292000000005
ID_dvd2qf_Mg,-560.5416000000001
ID_dvd2qf_S,-27.695728000000003
ID_dvd2qf_Fe,-337.7216
ID_dvd2qf_Mn,-274.24600000000004
ID_dvd2qf_Zn,-3.904448
ID_dvd2qf_Cu,-6.982348000000002
ID_dvd2qf_B,-0.6013680000000002
ID_RUVPUR_N,-5548.656000000001
ID_RUVPUR_P,29.099136
ID_RUVPUR_K,-775.8816000000002
ID_RUVPUR_Ca,-3567.1808
ID_RUVPUR_Mg,-667.5008
ID_RUVPUR_S,-16.97627200000001
ID_RUVPUR_Fe,-315.03968000000003
ID_RUVPUR_Mn,-295.8689600000001
ID_RUVPUR_Zn,-3.054672000000001
ID_RUVPUR_Cu,-7.289456000000001
ID_RUVPUR_B,-0.23116799999999965
ID_2Z7BZs_N,-5525.448
ID_2Z7BZs_P,23.740214000000005
ID_2Z7BZs_K,-1282.3856000000003
ID_2Z7BZs_Ca,-3391.2230000000004
ID_2Z7BZs_Mg,-599.3704
ID_2Z7BZs_S,-20.799526000000007
ID_2Z7BZs_Fe,-351.77106
ID_2Z7BZs_Mn,-286.40144
ID_2Z7BZs_Zn,-5.8288220000000015
ID_2Z7BZs_Cu,-7.742742000000002
ID_2Z7BZs_B,-0.7427640000000005
ID_8bZnvJ_N,-6079.25
ID_8bZnvJ_P,-74.59784
ID_8bZnvJ_K,-1976.453
ID_8bZnvJ_Ca,-8266.347000000002
ID_8bZnvJ_Mg,-2105.23
ID_8bZnvJ_S,-11.30202000000001
ID_8bZnvJ_Fe,-409.0192000000001
ID_8bZnvJ_Mn,-264.8867000000001
ID_8bZnvJ_Zn,-6.241459999999999
ID_8bZnvJ_Cu,-7.758789999999998
ID_8bZnvJ_B,-1.0239700000000007
ID_2E4pRc_N,-5423.856000000001
ID_2E4pRc_P,27.647295999999997
ID_2E4pRc_K,-1073.6960000000001
ID_2E4pRc_Ca,-4559.715200000001
ID_2E4pRc_Mg,-1032.624
ID_2E4pRc_S,-16.348319999999998
ID_2E4pRc_Fe,-319.75712
ID_2E4pRc_Mn,-287.05600000000004
ID_2E4pRc_Zn,-4.456591999999998
ID_2E4pRc_Cu,-9.608864000000008
ID_2E4pRc_B,-0.9566720000000001
ID_boXGE0_N,-5396.736000000001
ID_boXGE0_P,28.533979999999993
ID_boXGE0_K,-1037.6588
ID_boXGE0_Ca,-6036.466
ID_boXGE0_Mg,-1650.3700000000001
ID_boXGE0_S,-14.646068000000003
ID_boXGE0_Fe,-253.10816
ID_boXGE0_Mn,-299.77080000000007
ID_boXGE0_Zn,-4.351767999999999
ID_boXGE0_Cu,-11.194364000000004
ID_boXGE0_B,-0.7622760000000008
ID_91GFSQ_N,-5428.0160000000005
ID_91GFSQ_P,28.495312
ID_91GFSQ_K,-803.2128000000001
ID_91GFSQ_Ca,-3914.603200000001
ID_91GFSQ_Mg,-967.7696000000001
ID_91GFSQ_S,-20.47337600000001
ID_91GFSQ_Fe,-281.48511999999994
ID_91GFSQ_Mn,-228.29600000000002
ID_91GFSQ_Zn,-3.589648
ID_91GFSQ_Cu,-10.125744000000005
ID_91GFSQ_B,-0.9244320000000007
ID_K3TT0a_N,-4691.496
ID_K3TT0a_P,28.773056
ID_K3TT0a_K,-957.8032
ID_K3TT0a_Ca,-5813.3344
ID_K3TT0a_Mg,-1546.5392
ID_K3TT0a_S,-18.528879999999994
ID_K3TT0a_Fe,-254.1796
ID_K3TT0a_Mn,-337.06720000000007
ID_K3TT0a_Zn,-6.949295999999995
ID_K3TT0a_Cu,-11.478880000000007
ID_K3TT0a_B,-0.6392000000000002
ID_9D2TRG_N,-6114.568
ID_9D2TRG_P,24.648019999999995
ID_9D2TRG_K,-1415.6548000000003
ID_9D2TRG_Ca,-3668.1716
ID_9D2TRG_Mg,-648.4580000000001
ID_9D2TRG_S,-21.58397999999999
ID_9D2TRG_Fe,-359.77172
ID_9D2TRG_Mn,-344.74660000000006
ID_9D2TRG_Zn,-4.736759999999999
ID_9D2TRG_Cu,-9.303324000000005
ID_9D2TRG_B,-0.7082160000000004
ID_FqunFo_N,-5480.0160000000005
ID_FqunFo_P,22.503871999999998
ID_FqunFo_K,-1187.6176000000003
ID_FqunFo_Ca,-2993.2255999999998
ID_FqunFo_Mg,-536.4608000000001
ID_FqunFo_S,-24.850112000000017
ID_FqunFo_Fe,-333.5392
ID_FqunFo_Mn,-242.62096000000003
ID_FqunFo_Zn,-3.958848000000001
ID_FqunFo_Cu,-8.047200000000002
ID_FqunFo_B,-0.8019200000000001
ID_7qPsg0_N,-5537.6320000000005
ID_7qPsg0_P,16.369743999999994
ID_7qPsg0_K,-1398.6752000000004
ID_7qPsg0_Ca,-3584.0080000000003
ID_7qPsg0_Mg,-667.3552000000001
ID_7qPsg0_S,-17.69220800000002
ID_7qPsg0_Fe,-349.28687999999994
ID_7qPsg0_Mn,-314.8385600000001
ID_7qPsg0_Zn,-4.762352000000001
ID_7qPsg0_Cu,-8.307200000000002
ID_7qPsg0_B,-0.7076960000000005
ID_cSVwRv_N,-5667.460000000001
ID_cSVwRv_P,26.559835999999997
ID_cSVwRv_K,-899.2016000000002
ID_cSVwRv_Ca,-4227.7880000000005
ID_cSVwRv_Mg,-1172.2464000000002
ID_cSVwRv_S,-17.759923999999998
ID_cSVwRv_Fe,-322.17140000000006
ID_cSVwRv_Mn,-327.7060400000001
ID_cSVwRv_Zn,-3.0850679999999993
ID_cSVwRv_Cu,-8.435820000000005
ID_cSVwRv_B,-0.5772000000000005
ID_rwTWGt_N,-5762.648000000001
ID_rwTWGt_P,28.411868
ID_rwTWGt_K,-624.7464000000001
ID_rwTWGt_Ca,-4692.1952
ID_rwTWGt_Mg,-1182.2315999999998
ID_rwTWGt_S,-16.015376000000003
ID_rwTWGt_Fe,-324.85956000000004
ID_rwTWGt_Mn,-232.43324000000007
ID_rwTWGt_Zn,-3.700080000000001
ID_rwTWGt_Cu,-8.138596000000001
ID_rwTWGt_B,-0.6446160000000002
ID_h2nNy0_N,-5099.264000000001
ID_h2nNy0_P,26.656992000000002
ID_h2nNy0_K,-854.3488000000002
ID_h2nNy0_Ca,-5480.2784
ID_h2nNy0_Mg,-1624.1312000000003
ID_h2nNy0_S,-18.284352
ID_h2nNy0_Fe,-347.18624000000005
ID_h2nNy0_Mn,-281.1456000000001
ID_h2nNy0_Zn,-3.9086400000000006
ID_h2nNy0_Cu,-6.738848
ID_h2nNy0_B,-0.6159680000000004
ID_u6OurR_N,-5070.63
ID_u6OurR_P,27.204869999999993
ID_u6OurR_K,-772.3430000000001
ID_u6OurR_Ca,-5442.955999999999
ID_u6OurR_Mg,-1429.753
ID_u6OurR_S,-21.646469999999994
ID_u6OurR_Fe,-278.3809
ID_u6OurR_Mn,-289.193
ID_u6OurR_Zn,-3.6390299999999995
ID_u6OurR_Cu,-9.235289999999999
ID_u6OurR_B,-0.6261000000000002
ID_gSKtP8_N,-5601.354
ID_gSKtP8_P,24.012969999999992
ID_gSKtP8_K,-1116.8724
ID_gSKtP8_Ca,-6538.3550000000005
ID_gSKtP8_Mg,-1859.3880000000001
ID_gSKtP8_S,-10.176050000000004
ID_gSKtP8_Fe,-300.42368000000005
ID_gSKtP8_Mn,-289.01462000000004
ID_gSKtP8_Zn,-4.0581000000000005
ID_gSKtP8_Cu,-10.844752000000003
ID_gSKtP8_B,-0.8397420000000002
ID_qJcGl2_N,-5446.5740000000005
ID_qJcGl2_P,24.294843999999998
ID_qJcGl2_K,-1015.6114000000002
ID_qJcGl2_Ca,-5732.997600000001
ID_qJcGl2_Mg,-1428.9470000000001
ID_qJcGl2_S,-15.441404000000002
ID_qJcGl2_Fe,-320.85464
ID_qJcGl2_Mn,-304.55366000000004
ID_qJcGl2_Zn,-4.105623999999999
ID_qJcGl2_Cu,-11.098068000000007
ID_qJcGl2_B,-0.6703560000000003
ID_1bHXaA_N,-4308.326
ID_1bHXaA_P,25.403781999999993
ID_1bHXaA_K,-1019.4392
ID_1bHXaA_Ca,-7876.514399999999
ID_1bHXaA_Mg,-1818.2061999999999
ID_1bHXaA_S,-14.966394000000005
ID_1bHXaA_Fe,-311.07052000000004
ID_1bHXaA_Mn,-326.3342
ID_1bHXaA_Zn,-4.363069999999998
ID_1bHXaA_Cu,-11.440096
ID_1bHXaA_B,-0.7565499999999998
ID_UcLMkG_N,-4593.38
ID_UcLMkG_P,27.114019999999996
ID_UcLMkG_K,-1086.592
ID_UcLMkG_Ca,-8258.500999999998
ID_UcLMkG_Mg,-2426.849
ID_UcLMkG_S,-9.045229999999993
ID_UcLMkG_Fe,-358.5680999999999
ID_UcLMkG_Mn,-268.769
ID_UcLMkG_Zn,-4.259339999999999
ID_UcLMkG_Cu,-11.08219
ID_UcLMkG_B,-0.6203500000000003
ID_pxTuqE_N,-4550.208
ID_pxTuqE_P,15.027287999999995
ID_pxTuqE_K,-1087.5376
ID_pxTuqE_Ca,-6661.503200000001
ID_pxTuqE_Mg,-2103.4552
ID_pxTuqE_S,-10.461775999999997
ID_pxTuqE_Fe,-281.71799999999996
ID_pxTuqE_Mn,-312.336
ID_pxTuqE_Zn,-5.082855999999997
ID_pxTuqE_Cu,-12.305496000000002
ID_pxTuqE_B,-0.7804879999999998
ID_6MMf1D_N,-4977.48
ID_6MMf1D_P,28.28817
ID_6MMf1D_K,-971.6379999999999
ID_6MMf1D_Ca,-5544.799999999999
ID_6MMf1D_Mg,-1514.301
ID_6MMf1D_S,-18.214180000000006
ID_6MMf1D_Fe,-266.322
ID_6MMf1D_Mn,-339.19500000000005
ID_6MMf1D_Zn,-3.981039999999997
ID_6MMf1D_Cu,-11.517350000000002
ID_6MMf1D_B,-0.7316700000000004
ID_AtYX7H_N,-4560.72
ID_AtYX7H_P,6.667480000000019
ID_AtYX7H_K,-1084.959
ID_AtYX7H_Ca,-10256.901999999998
ID_AtYX7H_Mg,-2557.4660000000003
ID_AtYX7H_S,-9.567099999999996
ID_AtYX7H_Fe,-276.7433
ID_AtYX7H_Mn,-332.318
ID_AtYX7H_Zn,-4.65517
ID_AtYX7H_Cu,-10.35815
ID_AtYX7H_B,-0.7827299999999999
ID_crLp1H_N,-5124.164
ID_crLp1H_P,9.01753600000001
ID_crLp1H_K,-1105.4419999999998
ID_crLp1H_Ca,-10033.953599999999
ID_crLp1H_Mg,-2566.234
ID_crLp1H_S,-22.32289199999998
ID_crLp1H_Fe,-274.88392
ID_crLp1H_Mn,-358.17560000000003
ID_crLp1H_Zn,-5.394848000000005
ID_crLp1H_Cu,-10.707748000000002
ID_crLp1H_B,-0.7834360000000006
ID_RQffI4_N,-5036.414000000001
ID_RQffI4_P,5.565802000000012
ID_RQffI4_K,-1199.2364000000002
ID_RQffI4_Ca,-8993.585400000002
ID_RQffI4_Mg,-2407.4488
ID_RQffI4_S,-11.072460000000007
ID_RQffI4_Fe,-286.5013
ID_RQffI4_Mn,-347.8292000000001
ID_RQffI4_Zn,-4.926223999999999
ID_RQffI4_Cu,-10.346332000000002
ID_RQffI4_B,-0.8510680000000009
ID_BuVwkq_N,-3911.2000000000003
ID_BuVwkq_P,12.232789999999994
ID_BuVwkq_K,-1070.009
ID_BuVwkq_Ca,-11614.592
ID_BuVwkq_Mg,-3380.1759999999995
ID_BuVwkq_S,-10.005480000000002
ID_BuVwkq_Fe,-270.3171
ID_BuVwkq_Mn,-309.96200000000005
ID_BuVwkq_Zn,-3.4927499999999982
ID_BuVwkq_Cu,-9.65642
ID_BuVwkq_B,-0.8756500000000006
ID_HIUjk8_N,-4418.752
ID_HIUjk8_P,11.300671999999992
ID_HIUjk8_K,-1121.1776
ID_HIUjk8_Ca,-10744.5472
ID_HIUjk8_Mg,-3195.3568
ID_HIUjk8_S,-10.912512000000003
ID_HIUjk8_Fe,-310.6988800000001
ID_HIUjk8_Mn,-312.8080000000001
ID_HIUjk8_Zn,-4.780447999999998
ID_HIUjk8_Cu,-10.478528
ID_HIUjk8_B,-0.8955200000000009
ID_Dljnif_N,-3810.252
ID_Dljnif_P,-1.3957419999999914
ID_Dljnif_K,-1070.6324
ID_Dljnif_Ca,-12631.253599999998
ID_Dljnif_Mg,-3312.3694000000005
ID_Dljnif_S,-10.875720000000005
ID_Dljnif_Fe,-260.0921400000001
ID_Dljnif_Mn,-339.7526
ID_Dljnif_Zn,-4.7681679999999975
ID_Dljnif_Cu,-10.280750000000001
ID_Dljnif_B,-0.8499900000000007
ID_wpSyf3_N,-5455.760000000001
ID_wpSyf3_P,-20.090870000000045
ID_wpSyf3_K,-1221.0410000000002
ID_wpSyf3_Ca,-9715.179
ID_wpSyf3_Mg,-2497.5940000000005
ID_wpSyf3_S,-10.646400000000014
ID_wpSyf3_Fe,-235.9309
ID_wpSyf3_Mn,-304.76570000000004
ID_wpSyf3_Zn,-13.990250000000003
ID_wpSyf3_Cu,-10.186390000000003
ID_wpSyf3_B,-1.0634500000000007
ID_EFtOjK_N,-4602.407999999999
ID_EFtOjK_P,25.796264
ID_EFtOjK_K,-863.8896
ID_EFtOjK_Ca,-5426.9152
ID_EFtOjK_Mg,-1555.9816
ID_EFtOjK_S,-18.355807999999996
ID_EFtOjK_Fe,-254.00791999999996
ID_EFtOjK_Mn,-289.2056
ID_EFtOjK_Zn,-3.514536000000002
ID_EFtOjK_Cu,-11.049680000000002
ID_EFtOjK_B,-0.738264
ID_DQv8TV_N,-5240.654000000001
ID_DQv8TV_P,24.477759999999996
ID_DQv8TV_K,-1078.979
ID_DQv8TV_Ca,-4033.8168000000005
ID_DQv8TV_Mg,-1001.0122000000001
ID_DQv8TV_S,-22.513452000000008
ID_DQv8TV_Fe,-237.43264000000005
ID_DQv8TV_Mn,-354.91100000000006
ID_DQv8TV_Zn,-7.760498000000002
ID_DQv8TV_Cu,-11.344444000000001
ID_DQv8TV_B,-0.8275360000000006
ID_1Upz0f_N,-5244.68
ID_1Upz0f_P,24.966519999999996
ID_1Upz0f_K,-1092.7920000000001
ID_1Upz0f_Ca,-4433.3640000000005
ID_1Upz0f_Mg,-1050.6180000000002
ID_1Upz0f_S,-17.50376
ID_1Upz0f_Fe,-233.43179999999998
ID_1Upz0f_Mn,-305.7960000000001
ID_1Upz0f_Zn,-4.819059999999999
ID_1Upz0f_Cu,-10.165520000000004
ID_1Upz0f_B,-0.8132000000000003
ID_zrylE0_N,-5491.692
ID_zrylE0_P,28.026068000000006
ID_zrylE0_K,-989.8147999999999
ID_zrylE0_Ca,-4619.576199999999
ID_zrylE0_Mg,-1321.7161999999998
ID_zrylE0_S,-16.791948000000005
ID_zrylE0_Fe,-222.2439199999999
ID_zrylE0_Mn,-336.43039999999996
ID_zrylE0_Zn,-3.898067999999998
ID_zrylE0_Cu,-10.860214000000003
ID_zrylE0_B,-0.7385719999999997
ID_YS1Waq_N,-5144.4800000000005
ID_YS1Waq_P,-11.653591999999996
ID_YS1Waq_K,-1603.964
ID_YS1Waq_Ca,-8786.76
ID_YS1Waq_Mg,-2096.7256
ID_YS1Waq_S,-10.925808000000004
ID_YS1Waq_Fe,-264.43504
ID_YS1Waq_Mn,-316.83920000000006
ID_YS1Waq_Zn,-6.091448
ID_YS1Waq_Cu,-9.237040000000002
ID_YS1Waq_B,-0.7891840000000007
ID_ynB5vq_N,-6059.59
ID_ynB5vq_P,-39.86931400000003
ID_ynB5vq_K,-1727.3814000000002
ID_ynB5vq_Ca,-9219.1882
ID_ynB5vq_Mg,-2481.3420000000006
ID_ynB5vq_S,-13.035338000000007
ID_ynB5vq_Fe,-311.92318
ID_ynB5vq_Mn,-302.55460000000005
ID_ynB5vq_Zn,-14.668378000000004
ID_ynB5vq_Cu,-12.314290000000009
ID_ynB5vq_B,-1.336564
ID_KSQLTY_N,-5707.302000000001
ID_KSQLTY_P,-22.47531200000001
ID_KSQLTY_K,-1824.4350000000004
ID_KSQLTY_Ca,-7010.0416000000005
ID_KSQLTY_Mg,-1948.5718000000002
ID_KSQLTY_S,-12.573832
ID_KSQLTY_Fe,-268.26650000000006
ID_KSQLTY_Mn,-313.6508
ID_KSQLTY_Zn,-18.83130600000002
ID_KSQLTY_Cu,-9.825820000000004
ID_KSQLTY_B,-0.8905360000000003
ID_4vFoTb_N,-5207.414000000001
ID_4vFoTb_P,23.275258000000008
ID_4vFoTb_K,-1565.4976000000004
ID_4vFoTb_Ca,-5509.628000000001
ID_4vFoTb_Mg,-1411.4192
ID_4vFoTb_S,-14.737159999999989
ID_4vFoTb_Fe,-350.27127999999993
ID_4vFoTb_Mn,-330.85060000000004
ID_4vFoTb_Zn,-5.4056060000000015
ID_4vFoTb_Cu,-9.447334000000001
ID_4vFoTb_B,-0.9148859999999999
ID_B2UXQk_N,-4894.374
ID_B2UXQk_P,23.145372
ID_B2UXQk_K,-821.829
ID_B2UXQk_Ca,-4397.2148
ID_B2UXQk_Mg,-1334.779
ID_B2UXQk_S,-23.752747999999997
ID_B2UXQk_Fe,-332.2855799999999
ID_B2UXQk_Mn,-349.8774
ID_B2UXQk_Zn,-2.9958759999999995
ID_B2UXQk_Cu,-9.773154000000002
ID_B2UXQk_B,-0.6337080000000002
ID_kaFVpe_N,-5731.568
ID_kaFVpe_P,26.717079999999996
ID_kaFVpe_K,-1482.3560000000002
ID_kaFVpe_Ca,-4841.5632000000005
ID_kaFVpe_Mg,-1225.3600000000001
ID_kaFVpe_S,-16.591272
ID_kaFVpe_Fe,-324.7444000000001
ID_kaFVpe_Mn,-330.99800000000005
ID_kaFVpe_Zn,-4.054783999999997
ID_kaFVpe_Cu,-11.338936000000004
ID_kaFVpe_B,-0.8446960000000002
ID_JFx08I_N,-5522.85
ID_JFx08I_P,-3.3373539999999977
ID_JFx08I_K,-1614.0970000000002
ID_JFx08I_Ca,-6010.1954000000005
ID_JFx08I_Mg,-1852.1950000000002
ID_JFx08I_S,-12.329232000000001
ID_JFx08I_Fe,-300.01338
ID_JFx08I_Mn,-336.43600000000004
ID_JFx08I_Zn,-18.788524000000017
ID_JFx08I_Cu,-9.361948000000005
ID_JFx08I_B,-0.9200220000000002
ID_vGjm5C_N,-4842.93
ID_vGjm5C_P,26.159520000000008
ID_vGjm5C_K,-905.7659999999998
ID_vGjm5C_Ca,-6498.724999999999
ID_vGjm5C_Mg,-1704.0739999999998
ID_vGjm5C_S,-15.17473
ID_vGjm5C_Fe,-277.84959999999995
ID_vGjm5C_Mn,-307.15600000000006
ID_vGjm5C_Zn,-4.00634
ID_vGjm5C_Cu,-10.230730000000003
ID_vGjm5C_B,-0.6886600000000002
ID_9H1Il3_N,-5239.544000000001
ID_9H1Il3_P,24.280179999999994
ID_9H1Il3_K,-934.6124
ID_9H1Il3_Ca,-6205.3764
ID_9H1Il3_Mg,-1716.7624
ID_9H1Il3_S,-10.410012000000009
ID_9H1Il3_Fe,-272.22004000000004
ID_9H1Il3_Mn,-319.2356000000001
ID_9H1Il3_Zn,-4.495987999999999
ID_9H1Il3_Cu,-10.565668000000006
ID_9H1Il3_B,-0.6601480000000004
ID_VwAP6V_N,-5032.45
ID_VwAP6V_P,25.656050000000004
ID_VwAP6V_K,-1006.8969999999997
ID_VwAP6V_Ca,-6857.754999999999
ID_VwAP6V_Mg,-2338.897
ID_VwAP6V_S,-10.650630000000007
ID_VwAP6V_Fe,-297.3467
ID_VwAP6V_Mn,-335.147
ID_VwAP6V_Zn,-4.4003299999999985
ID_VwAP6V_Cu,-10.520990000000001
ID_VwAP6V_B,-0.7990600000000004
ID_SZhuLm_N,-5519.1680000000015
ID_SZhuLm_P,5.432829999999996
ID_SZhuLm_K,-1211.8114000000003
ID_SZhuLm_Ca,-9367.7116
ID_SZhuLm_Mg,-2214.4664000000002
ID_SZhuLm_S,-25.777655999999986
ID_SZhuLm_Fe,-294.25210000000004
ID_SZhuLm_Mn,-345.66846000000015
ID_SZhuLm_Zn,-5.971049999999998
ID_SZhuLm_Cu,-9.965558
ID_SZhuLm_B,-0.8748400000000007
ID_6l2ei0_N,-5529.260000000001
ID_6l2ei0_P,-7.3831400000000045
ID_6l2ei0_K,-1280.7440000000001
ID_6l2ei0_Ca,-9875.304
ID_6l2ei0_Mg,-2700.6850000000004
ID_6l2ei0_S,-18.30194999999999
ID_6l2ei0_Fe,-253.41549999999998
ID_6l2ei0_Mn,-356.9297000000001
ID_6l2ei0_Zn,-5.898949999999999
ID_6l2ei0_Cu,-11.672559999999997
ID_6l2ei0_B,-1.0785699999999998
ID_uFHZaX_N,-4593.806
ID_uFHZaX_P,29.875522000000004
ID_uFHZaX_K,-887.0654
ID_uFHZaX_Ca,-6208.3284
ID_uFHZaX_Mg,-1581.3748000000003
ID_uFHZaX_S,-18.89221199999999
ID_uFHZaX_Fe,-259.8175
ID_uFHZaX_Mn,-292.5212000000001
ID_uFHZaX_Zn,-3.757712
ID_uFHZaX_Cu,-11.397040000000004
ID_uFHZaX_B,-0.8127100000000004
ID_QbVJ5q_N,-5190.74
ID_QbVJ5q_P,26.680240000000005
ID_QbVJ5q_K,-824.5687999999999
ID_QbVJ5q_Ca,-5024.8848
ID_QbVJ5q_Mg,-1312.2111999999997
ID_QbVJ5q_S,-21.063876000000008
ID_QbVJ5q_Fe,-262.88427999999993
ID_QbVJ5q_Mn,-342.6716
ID_QbVJ5q_Zn,-4.349011999999998
ID_QbVJ5q_Cu,-10.957863999999999
ID_QbVJ5q_B,-0.7018120000000004
ID_qBVgsz_N,-5097.242000000001
ID_qBVgsz_P,28.190932000000004
ID_qBVgsz_K,-777.0590000000001
ID_qBVgsz_Ca,-3983.0676000000003
ID_qBVgsz_Mg,-1001.9446000000003
ID_qBVgsz_S,-23.022720000000014
ID_qBVgsz_Fe,-256.8776200000001
ID_qBVgsz_Mn,-336.22970000000004
ID_qBVgsz_Zn,-3.094946000000001
ID_qBVgsz_Cu,-9.802654000000004
ID_qBVgsz_B,-0.6534880000000003
ID_Bhfxd5_N,-5163.4400000000005
ID_Bhfxd5_P,28.08334
ID_Bhfxd5_K,-1129.9220000000003
ID_Bhfxd5_Ca,-4294.071000000001
ID_Bhfxd5_Mg,-1129.402
ID_Bhfxd5_S,-17.94095999999999
ID_Bhfxd5_Fe,-293.4709
ID_Bhfxd5_Mn,-304.457
ID_Bhfxd5_Zn,-3.61961
ID_Bhfxd5_Cu,-10.276900000000005
ID_Bhfxd5_B,-0.9261100000000003
ID_kuotDJ_N,-5197.600000000001
ID_kuotDJ_P,29.59708
ID_kuotDJ_K,-958.0420000000003
ID_kuotDJ_Ca,-4481.3460000000005
ID_kuotDJ_Mg,-1100.5140000000001
ID_kuotDJ_S,-19.35044
ID_kuotDJ_Fe,-274.64660000000003
ID_kuotDJ_Mn,-327.2460000000001
ID_kuotDJ_Zn,-4.505340000000001
ID_kuotDJ_Cu,-10.304560000000006
ID_kuotDJ_B,-0.8200200000000001
ID_8qJ5BI_N,-5438.944
ID_8qJ5BI_P,28.755124000000002
ID_8qJ5BI_K,-988.4922000000004
ID_8qJ5BI_Ca,-3332.4688000000006
ID_8qJ5BI_Mg,-800.8672000000001
ID_8qJ5BI_S,-27.18768
ID_8qJ5BI_Fe,-215.18132
ID_8qJ5BI_Mn,-237.9176
ID_8qJ5BI_Zn,-3.4006120000000006
ID_8qJ5BI_Cu,-8.932456000000004
ID_8qJ5BI_B,-0.7348839999999999
ID_HyB4uK_N,-4948.512000000001
ID_HyB4uK_P,28.897664
ID_HyB4uK_K,-833.8528000000002
ID_HyB4uK_Ca,-3731.8464000000004
ID_HyB4uK_Mg,-934.8160000000003
ID_HyB4uK_S,-21.608064000000006
ID_HyB4uK_Fe,-267.3683200000001
ID_HyB4uK_Mn,-289.1424
ID_HyB4uK_Zn,-3.905504
ID_HyB4uK_Cu,-9.164544000000006
ID_HyB4uK_B,-0.6556160000000002
ID_knYuYM_N,-5222.66
ID_knYuYM_P,29.844652000000004
ID_knYuYM_K,-881.204
ID_knYuYM_Ca,-4719.866400000001
ID_knYuYM_Mg,-1189.3875999999998
ID_knYuYM_S,-17.723219999999994
ID_knYuYM_Fe,-278.7257199999999
ID_knYuYM_Mn,-329.15119999999996
ID_knYuYM_Zn,-3.0893119999999983
ID_knYuYM_Cu,-10.788688000000004
ID_knYuYM_B,-0.6714880000000002
ID_E914D4_N,-5387.174000000001
ID_E914D4_P,0.6596019999999925
ID_E914D4_K,-1158.7658
ID_E914D4_Ca,-11247.684600000002
ID_E914D4_Mg,-2818.5706000000005
ID_E914D4_S,-10.722366000000008
ID_E914D4_Fe,-304.83406
ID_E914D4_Mn,-316.42508000000004
ID_E914D4_Zn,-4.129466000000002
ID_E914D4_Cu,-10.976812000000006
ID_E914D4_B,-0.8508460000000004
ID_g340BC_N,-4982.2880000000005
ID_g340BC_P,23.703592
ID_g340BC_K,-999.6006
ID_g340BC_Ca,-6578.4086
ID_g340BC_Mg,-1578.0002
ID_g340BC_S,-11.997358000000006
ID_g340BC_Fe,-284.5069199999999
ID_g340BC_Mn,-326.59262
ID_g340BC_Zn,-3.9484659999999985
ID_g340BC_Cu,-12.472949999999997
ID_g340BC_B,-0.8221920000000004
ID_NqesQG_N,-5466.4400000000005
ID_NqesQG_P,6.768119999999996
ID_NqesQG_K,-1122.1840000000002
ID_NqesQG_Ca,-10564.148000000001
ID_NqesQG_Mg,-2701.3440000000005
ID_NqesQG_S,-9.19238
ID_NqesQG_Fe,-395.8534
ID_NqesQG_Mn,-259.02400000000006
ID_NqesQG_Zn,-3.8332399999999995
ID_NqesQG_Cu,-13.5731
ID_NqesQG_B,-0.9498200000000007
ID_h7TI65_N,-4183.98
ID_h7TI65_P,0.171129999999998
ID_h7TI65_K,-1216.5189999999998
ID_h7TI65_Ca,-13701.726999999999
ID_h7TI65_Mg,-3140.01
ID_h7TI65_S,-12.327559999999995
ID_h7TI65_Fe,-305.85209999999995
ID_h7TI65_Mn,-277.13410000000005
ID_h7TI65_Zn,-4.7830499999999985
ID_h7TI65_Cu,-12.248980000000001
ID_h7TI65_B,-1.04355
ID_q40Bet_N,-5720.768
ID_q40Bet_P,26.51965599999999
ID_q40Bet_K,-951.3632
ID_q40Bet_Ca,-5910.9144000000015
ID_q40Bet_Mg,-1554.112
ID_q40Bet_S,-15.324864000000009
ID_q40Bet_Fe,-255.49263999999994
ID_q40Bet_Mn,-302.60480000000007
ID_q40Bet_Zn,-3.9778879999999988
ID_q40Bet_Cu,-9.983752000000003
ID_q40Bet_B,-0.7192000000000002
ID_cDX6yM_N,-4609.152000000001
ID_cDX6yM_P,14.546432
ID_cDX6yM_K,-1143.0400000000002
ID_cDX6yM_Ca,-9719.052800000003
ID_cDX6yM_Mg,-2756.6976000000004
ID_cDX6yM_S,-8.16112
ID_cDX6yM_Fe,-311.31936
ID_cDX6yM_Mn,-299.22240000000005
ID_cDX6yM_Zn,-3.8658559999999995
ID_cDX6yM_Cu,-10.868736000000004
ID_cDX6yM_B,-0.721472
ID_q2VTU3_N,-4747.584000000001
ID_q2VTU3_P,25.900096
ID_q2VTU3_K,-864.9440000000001
ID_q2VTU3_Ca,-4534.192000000001
ID_q2VTU3_Mg,-1249.1776
ID_q2VTU3_S,-18.388736000000012
ID_q2VTU3_Fe,-348.22784000000007
ID_q2VTU3_Mn,-301.8364800000001
ID_q2VTU3_Zn,-3.3136959999999998
ID_q2VTU3_Cu,-10.012832000000003
ID_q2VTU3_B,-0.7505920000000001
ID_dLK248_N,-5130.848000000001
ID_dLK248_P,6.811711999999986
ID_dLK248_K,-1301.4080000000004
ID_dLK248_Ca,-9503.3856
ID_dLK248_Mg,-2845.5136000000007
ID_dLK248_S,-12.994816000000007
ID_dLK248_Fe,-286.00960000000003
ID_dLK248_Mn,-318.0988800000001
ID_dLK248_Zn,-7.606432
ID_dLK248_Cu,-11.201152000000004
ID_dLK248_B,-0.8887999999999999
ID_mMQGwA_N,-5493.960000000001
ID_mMQGwA_P,24.049082000000006
ID_mMQGwA_K,-1580.7344000000003
ID_mMQGwA_Ca,-5889.135600000001
ID_mMQGwA_Mg,-1664.3672000000004
ID_mMQGwA_S,-14.499620000000007
ID_mMQGwA_Fe,-364.61141999999995
ID_mMQGwA_Mn,-311.03420000000006
ID_mMQGwA_Zn,-12.825841999999998
ID_mMQGwA_Cu,-9.523732000000003
ID_mMQGwA_B,-0.8618140000000009
ID_BPVYnB_N,-5803.928000000001
ID_BPVYnB_P,-6.24387200000001
ID_BPVYnB_K,-1395.0056000000002
ID_BPVYnB_Ca,-9878.8992
ID_BPVYnB_Mg,-2350.3744
ID_BPVYnB_S,-9.262176000000007
ID_BPVYnB_Fe,-397.46296
ID_BPVYnB_Mn,-340.1240000000001
ID_BPVYnB_Zn,-14.391896000000003
ID_BPVYnB_Cu,-10.771288000000002
ID_BPVYnB_B,-0.9479440000000005
ID_XbhkyR_N,-5651.464000000001
ID_XbhkyR_P,23.276755999999995
ID_XbhkyR_K,-1555.5894000000003
ID_XbhkyR_Ca,-6346.346600000001
ID_XbhkyR_Mg,-1743.2048000000004
ID_XbhkyR_S,-10.682716
ID_XbhkyR_Fe,-337.2772
ID_XbhkyR_Mn,-346.40840000000003
ID_XbhkyR_Zn,-7.3870320000000005
ID_XbhkyR_Cu,-10.655792000000002
ID_XbhkyR_B,-0.8917740000000004
ID_qPaTIe_N,-5166.912
ID_qPaTIe_P,27.361247999999993
ID_qPaTIe_K,-724.5856000000001
ID_qPaTIe_Ca,-4032.0064
ID_qPaTIe_Mg,-1202.9664000000002
ID_qPaTIe_S,-25.87750400000001
ID_qPaTIe_Fe,-250.34879999999998
ID_qPaTIe_Mn,-248.06080000000003
ID_qPaTIe_Zn,-2.928640000000001
ID_qPaTIe_Cu,-10.006784000000003
ID_qPaTIe_B,-0.6910079999999998
ID_dj301T_N,-5740.916000000001
ID_dj301T_P,-14.301216000000025
ID_dj301T_K,-1051.2984000000001
ID_dj301T_Ca,-6405.175200000001
ID_dj301T_Mg,-2033.9666000000007
ID_dj301T_S,-12.494011999999998
ID_dj301T_Fe,-293.55486
ID_dj301T_Mn,-336.50020000000006
ID_dj301T_Zn,-3.458848000000002
ID_dj301T_Cu,-11.624356000000006
ID_dj301T_B,-0.7479660000000005
ID_UzcI1k_N,-5297.52
ID_UzcI1k_P,13.785352000000003
ID_UzcI1k_K,-1310.2696000000003
ID_UzcI1k_Ca,-5969.9192
ID_UzcI1k_Mg,-1727.8348000000003
ID_UzcI1k_S,-12.430668000000011
ID_UzcI1k_Fe,-317.31024
ID_UzcI1k_Mn,-306.15200000000004
ID_UzcI1k_Zn,-6.693307999999997
ID_UzcI1k_Cu,-10.558152000000003
ID_UzcI1k_B,-0.8839640000000003
ID_BeKtFG_N,-5257.240000000001
ID_BeKtFG_P,28.566204
ID_BeKtFG_K,-1140.7544
ID_BeKtFG_Ca,-5074.7916000000005
ID_BeKtFG_Mg,-1343.8392000000001
ID_BeKtFG_S,-14.213799999999988
ID_BeKtFG_Fe,-250.81432000000004
ID_BeKtFG_Mn,-277.04440000000005
ID_BeKtFG_Zn,-3.354731999999999
ID_BeKtFG_Cu,-9.746192000000006
ID_BeKtFG_B,-0.7834760000000003
ID_qsqs0K_N,-5995.446
ID_qsqs0K_P,28.101552000000005
ID_qsqs0K_K,-1564.126
ID_qsqs0K_Ca,-6293.716399999999
ID_qsqs0K_Mg,-1536.8229999999999
ID_qsqs0K_S,-15.034345999999985
ID_qsqs0K_Fe,-296.88494000000003
ID_qsqs0K_Mn,-245.04729999999995
ID_qsqs0K_Zn,-4.4924479999999996
ID_qsqs0K_Cu,-10.315554000000002
ID_qsqs0K_B,-0.5837620000000002
ID_5y3PUO_N,-5695.504000000001
ID_5y3PUO_P,28.695616
ID_5y3PUO_K,-1236.0816000000002
ID_5y3PUO_Ca,-4630.643200000001
ID_5y3PUO_Mg,-1164.4127999999998
ID_5y3PUO_S,-13.163007999999998
ID_5y3PUO_Fe,-340.50304
ID_5y3PUO_Mn,-230.52160000000003
ID_5y3PUO_Zn,-3.449872
ID_5y3PUO_Cu,-5.8650720000000005
ID_5y3PUO_B,-0.3907040000000002
ID_ZQFZUF_N,-5138.420000000001
ID_ZQFZUF_P,30.177440000000004
ID_ZQFZUF_K,-1034.3600000000001
ID_ZQFZUF_Ca,-5746.720000000001
ID_ZQFZUF_Mg,-1451.0400000000002
ID_ZQFZUF_S,-16.365479999999998
ID_ZQFZUF_Fe,-277.3328
ID_ZQFZUF_Mn,-309.70540000000005
ID_ZQFZUF_Zn,-7.742860000000002
ID_ZQFZUF_Cu,-8.752900000000004
ID_ZQFZUF_B,-0.5758200000000002
ID_Gz9EfE_N,-4473.998
ID_Gz9EfE_P,29.327962
ID_Gz9EfE_K,-978.3019999999999
ID_Gz9EfE_Ca,-5694.3708
ID_Gz9EfE_Mg,-1504.0846000000001
ID_Gz9EfE_S,-18.221334000000002
ID_Gz9EfE_Fe,-266.76027999999997
ID_Gz9EfE_Mn,-331.62260000000003
ID_Gz9EfE_Zn,-3.4928240000000006
ID_Gz9EfE_Cu,-10.529368000000003
ID_Gz9EfE_B,-0.7113880000000004
ID_MZ7YUK_N,-4406.42
ID_MZ7YUK_P,17.443732000000004
ID_MZ7YUK_K,-1039.9604
ID_MZ7YUK_Ca,-7687.035599999999
ID_MZ7YUK_Mg,-2631.7156
ID_MZ7YUK_S,-10.480799999999999
ID_MZ7YUK_Fe,-306.24987999999996
ID_MZ7YUK_Mn,-303.752
ID_MZ7YUK_Zn,-4.043491999999998
ID_MZ7YUK_Cu,-11.307160000000001
ID_MZ7YUK_B,-0.761092
ID_bkHbId_N,-5578.2080000000005
ID_bkHbId_P,-18.291271999999992
ID_bkHbId_K,-1092.6704000000002
ID_bkHbId_Ca,-10783.9392
ID_bkHbId_Mg,-2549.9800000000005
ID_bkHbId_S,-9.015288000000005
ID_bkHbId_Fe,-321.36832000000004
ID_bkHbId_Mn,-319.7120000000001
ID_bkHbId_Zn,-4.24076
ID_bkHbId_Cu,-9.749824000000006
ID_bkHbId_B,-0.8889760000000005
ID_PnrNaR_N,-5607.800000000001
ID_PnrNaR_P,24.745431999999994
ID_PnrNaR_K,-1393.2128000000002
ID_PnrNaR_Ca,-6506.685600000001
ID_PnrNaR_Mg,-1745.0776000000003
ID_PnrNaR_S,-13.213895999999998
ID_PnrNaR_Fe,-391.20111999999995
ID_PnrNaR_Mn,-264.5391200000001
ID_PnrNaR_Zn,-4.760671999999999
ID_PnrNaR_Cu,-10.046608000000003
ID_PnrNaR_B,-0.7578640000000005
ID_EPMonj_N,-4948.984
ID_EPMonj_P,28.542907999999997
ID_EPMonj_K,-770.2948000000001
ID_EPMonj_Ca,-4971.659199999999
ID_EPMonj_Mg,-1179.1272
ID_EPMonj_S,-22.303307999999994
ID_EPMonj_Fe,-231.79687999999996
ID_EPMonj_Mn,-303.66240000000005
ID_EPMonj_Zn,-4.113499999999996
ID_EPMonj_Cu,-9.056392000000002
ID_EPMonj_B,-0.5947240000000005
ID_5QxcsK_N,-4627.934
ID_5QxcsK_P,-11.494232000000004
ID_5QxcsK_K,-1072.8296000000003
ID_5QxcsK_Ca,-12138.570600000001
ID_5QxcsK_Mg,-3078.4216
ID_5QxcsK_S,-10.007526000000013
ID_5QxcsK_Fe,-282.80278000000004
ID_5QxcsK_Mn,-305.3162000000001
ID_5QxcsK_Zn,-4.533950000000003
ID_5QxcsK_Cu,-10.029316
ID_5QxcsK_B,-0.8701600000000004
ID_kHiCfG_N,-5317.410000000001
ID_kHiCfG_P,29.920386
ID_kHiCfG_K,-869.9976000000001
ID_kHiCfG_Ca,-4247.1778
ID_kHiCfG_Mg,-952.8600000000001
ID_kHiCfG_S,-18.98142200000001
ID_kHiCfG_Fe,-225.38729999999995
ID_kHiCfG_Mn,-262.86280000000005
ID_kHiCfG_Zn,-2.930482000000002
ID_kHiCfG_Cu,-9.677598000000005
ID_kHiCfG_B,-0.6996020000000002
ID_pQso1H_N,-5479.200000000001
ID_pQso1H_P,27.048160000000003
ID_pQso1H_K,-972.76
ID_pQso1H_Ca,-6298.7440000000015
ID_pQso1H_Mg,-1430.3380000000002
ID_pQso1H_S,-14.972659999999998
ID_pQso1H_Fe,-285.3914000000001
ID_pQso1H_Mn,-236.87660000000002
ID_pQso1H_Zn,-3.7964999999999995
ID_pQso1H_Cu,-10.177620000000003
ID_pQso1H_B,-0.7274000000000006
ID_7lhl9I_N,-6005.6720000000005
ID_7lhl9I_P,14.119744
ID_7lhl9I_K,-1793.5472
ID_7lhl9I_Ca,-8292.962400000002
ID_7lhl9I_Mg,-1840.8736000000001
ID_7lhl9I_S,-11.806223999999997
ID_7lhl9I_Fe,-340.20784000000003
ID_7lhl9I_Mn,-257.7437600000001
ID_7lhl9I_Zn,-6.411992000000002
ID_7lhl9I_Cu,-11.852151999999998
ID_7lhl9I_B,-0.7442560000000006
ID_4szKjl_N,-5117.870000000001
ID_4szKjl_P,-16.739479999999993
ID_4szKjl_K,-1167.1970000000001
ID_4szKjl_Ca,-8547.369
ID_4szKjl_Mg,-2200.927
ID_4szKjl_S,-9.909720000000018
ID_4szKjl_Fe,-250.8493
ID_4szKjl_Mn,-282.00800000000004
ID_4szKjl_Zn,-12.281900000000002
ID_4szKjl_Cu,-9.432070000000005
ID_4szKjl_B,-0.9786100000000005
ID_XNjo1v_N,-5863.560000000001
ID_XNjo1v_P,-12.211360000000028
ID_XNjo1v_K,-1343.1508000000003
ID_XNjo1v_Ca,-8637.388
ID_XNjo1v_Mg,-2718.6804000000006
ID_XNjo1v_S,-10.296676000000009
ID_XNjo1v_Fe,-272.49768
ID_XNjo1v_Mn,-301.71060000000006
ID_XNjo1v_Zn,-13.446568
ID_XNjo1v_Cu,-10.499428000000005
ID_XNjo1v_B,-0.8865080000000007
ID_3v4HSx_N,-5495.528000000001
ID_3v4HSx_P,24.726248
ID_3v4HSx_K,-1050.0396
ID_3v4HSx_Ca,-6578.062400000002
ID_3v4HSx_Mg,-1849.8408
ID_3v4HSx_S,-10.978256000000009
ID_3v4HSx_Fe,-310.29092
ID_3v4HSx_Mn,-266.08400000000006
ID_3v4HSx_Zn,-4.772799999999998
ID_3v4HSx_Cu,-9.863003999999998
ID_3v4HSx_B,-0.7412880000000005
ID_bcztKZ_N,-5379.43
ID_bcztKZ_P,14.854789999999994
ID_bcztKZ_K,-1095.0506000000003
ID_bcztKZ_Ca,-9511.2428
ID_bcztKZ_Mg,-2738.1242000000007
ID_bcztKZ_S,-8.873282000000003
ID_bcztKZ_Fe,-280.95628
ID_bcztKZ_Mn,-272.95020000000005
ID_bcztKZ_Zn,-4.845297999999999
ID_bcztKZ_Cu,-11.115726000000004
ID_bcztKZ_B,-0.8142360000000003
ID_jXUC6V_N,-5340.768
ID_jXUC6V_P,26.420340000000003
ID_jXUC6V_K,-911.2644
ID_jXUC6V_Ca,-4280.194399999999
ID_jXUC6V_Mg,-875.6796
ID_jXUC6V_S,-16.304331999999995
ID_jXUC6V_Fe,-231.38452
ID_jXUC6V_Mn,-298.732
ID_jXUC6V_Zn,-3.7691920000000017
ID_jXUC6V_Cu,-9.178456
ID_jXUC6V_B,-0.7872920000000004
ID_UJ13Uf_N,-6154.184000000001
ID_UJ13Uf_P,-16.422854000000008
ID_UJ13Uf_K,-1248.2096000000001
ID_UJ13Uf_Ca,-8823.289200000001
ID_UJ13Uf_Mg,-2765.9566000000004
ID_UJ13Uf_S,-22.136939999999996
ID_UJ13Uf_Fe,-233.71192000000002
ID_UJ13Uf_Mn,-401.76854000000014
ID_UJ13Uf_Zn,-12.488876000000005
ID_UJ13Uf_Cu,-11.10424
ID_UJ13Uf_B,-0.9709480000000003
ID_hvIyeA_N,-5574.542000000001
ID_hvIyeA_P,18.813874
ID_hvIyeA_K,-1136.3216
ID_hvIyeA_Ca,-7827.375
ID_hvIyeA_Mg,-1794.4180000000001
ID_hvIyeA_S,-15.96844800000001
ID_hvIyeA_Fe,-396.97516000000013
ID_hvIyeA_Mn,-304.40600000000006
ID_hvIyeA_Zn,-7.593554
ID_hvIyeA_Cu,-9.460996000000005
ID_hvIyeA_B,-0.7138720000000003
ID_N9XlER_N,-5254.64
ID_N9XlER_P,22.381096000000007
ID_N9XlER_K,-1139.0456000000001
ID_N9XlER_Ca,-6898.228800000001
ID_N9XlER_Mg,-1792.0792000000001
ID_N9XlER_S,-9.704327999999997
ID_N9XlER_Fe,-370.6768
ID_N9XlER_Mn,-254.0696
ID_N9XlER_Zn,-5.531144000000001
ID_N9XlER_Cu,-9.163816
ID_N9XlER_B,-0.7688800000000006
ID_5nSpC6_N,-5644.14
ID_5nSpC6_P,28.102135999999994
ID_5nSpC6_K,-840.0960000000001
ID_5nSpC6_Ca,-4814.9220000000005
ID_5nSpC6_Mg,-1266.226
ID_5nSpC6_S,-16.599224
ID_5nSpC6_Fe,-317.79996
ID_5nSpC6_Mn,-310.03160000000014
ID_5nSpC6_Zn,-3.3146639999999987
ID_5nSpC6_Cu,-9.316256000000005
ID_5nSpC6_B,-0.6660280000000004
ID_iye4lk_N,-5815.070000000001
ID_iye4lk_P,-5.964170000000024
ID_iye4lk_K,-1661.873
ID_iye4lk_Ca,-9312.525
ID_iye4lk_Mg,-2550.577
ID_iye4lk_S,-9.012600000000003
ID_iye4lk_Fe,-386.9461
ID_iye4lk_Mn,-322.21250000000003
ID_iye4lk_Zn,-14.063750000000004
ID_iye4lk_Cu,-9.955390000000005
ID_iye4lk_B,-1.0995700000000004
ID_gQPu5k_N,-4453.447999999999
ID_gQPu5k_P,1.5784179999999992
ID_gQPu5k_K,-1186.1409999999998
ID_gQPu5k_Ca,-10845.6502
ID_gQPu5k_Mg,-2839.2158
ID_gQPu5k_S,-9.561077999999995
ID_gQPu5k_Fe,-376.05499999999995
ID_gQPu5k_Mn,-310.37260000000003
ID_gQPu5k_Zn,-4.628047999999999
ID_gQPu5k_Cu,-12.121746000000002
ID_gQPu5k_B,-0.8644540000000001
ID_M0kYQu_N,-6088.616000000001
ID_M0kYQu_P,3.716535999999998
ID_M0kYQu_K,-1849.448
ID_M0kYQu_Ca,-8939.234400000001
ID_M0kYQu_Mg,-2178.4600000000005
ID_M0kYQu_S,-9.767616000000004
ID_M0kYQu_Fe,-376.14591999999993
ID_M0kYQu_Mn,-320.9907200000001
ID_M0kYQu_Zn,-5.389663999999999
ID_M0kYQu_Cu,-10.903264000000007
ID_M0kYQu_B,-0.8840080000000007
ID_BHZwPt_N,-5567.608
ID_BHZwPt_P,-2.610728000000016
ID_BHZwPt_K,-1313.4920000000002
ID_BHZwPt_Ca,-6112.828400000001
ID_BHZwPt_Mg,-1508.9024000000002
ID_BHZwPt_S,-11.231384000000002
ID_BHZwPt_Fe,-304.06872
ID_BHZwPt_Mn,-304.09560000000005
ID_BHZwPt_Zn,-25.254544000000013
ID_BHZwPt_Cu,-6.875076
ID_BHZwPt_B,-0.85492
ID_sg7fyB_N,-4635.260000000001
ID_sg7fyB_P,12.855393999999983
ID_sg7fyB_K,-1192.1768000000002
ID_sg7fyB_Ca,-9707.1378
ID_sg7fyB_Mg,-2712.0772000000006
ID_sg7fyB_S,-10.36317000000001
ID_sg7fyB_Fe,-288.49264000000005
ID_sg7fyB_Mn,-330.12914000000006
ID_sg7fyB_Zn,-4.55504
ID_sg7fyB_Cu,-7.609960000000004
ID_sg7fyB_B,-0.8472940000000008
ID_pTTCWj_N,-3515.1360000000004
ID_pTTCWj_P,-16.908096
ID_pTTCWj_K,-1184.3008000000002
ID_pTTCWj_Ca,-11750.240000000002
ID_pTTCWj_Mg,-2909.5552000000002
ID_pTTCWj_S,-11.379327999999997
ID_pTTCWj_Fe,-286.60096000000004
ID_pTTCWj_Mn,-346.75520000000006
ID_pTTCWj_Zn,-4.125247999999997
ID_pTTCWj_Cu,-8.174016000000002
ID_pTTCWj_B,-0.8413120000000008
ID_M2aAk6_N,-4998.68
ID_M2aAk6_P,-14.80568000000003
ID_M2aAk6_K,-1390.5344000000005
ID_M2aAk6_Ca,-10407.926400000002
ID_M2aAk6_Mg,-2302.1632000000004
ID_M2aAk6_S,-12.853608000000001
ID_M2aAk6_Fe,-240.31216
ID_M2aAk6_Mn,-304.49912000000006
ID_M2aAk6_Zn,-6.077407999999998
ID_M2aAk6_Cu,-10.275135999999993
ID_M2aAk6_B,-0.9341200000000008
ID_37oeKN_N,-4314.764
ID_37oeKN_P,16.29028
ID_37oeKN_K,-1174.9364
ID_37oeKN_Ca,-8197.2996
ID_37oeKN_Mg,-2595.6916
ID_37oeKN_S,-11.561747999999998
ID_37oeKN_Fe,-283.36552
ID_37oeKN_Mn,-281.522
ID_37oeKN_Zn,-4.473499999999997
ID_37oeKN_Cu,-11.013951999999998
ID_37oeKN_B,-0.9092920000000001
ID_12CCPf_N,-4774.0160000000005
ID_12CCPf_P,10.021183999999991
ID_12CCPf_K,-1118.8928000000003
ID_12CCPf_Ca,-10522.652800000003
ID_12CCPf_Mg,-2936.5472000000004
ID_12CCPf_S,-11.27091200000001
ID_12CCPf_Fe,-275.90944
ID_12CCPf_Mn,-262.46400000000006
ID_12CCPf_Zn,-4.526879999999998
ID_12CCPf_Cu,-11.754656000000004
ID_12CCPf_B,-0.9866880000000003
ID_huqKoS_N,-5628.320000000001
ID_huqKoS_P,27.850216
ID_huqKoS_K,-1449.4376000000002
ID_huqKoS_Ca,-5485.0488000000005
ID_huqKoS_Mg,-1379.3680000000002
ID_huqKoS_S,-14.342279999999995
ID_huqKoS_Fe,-328.99096000000003
ID_huqKoS_Mn,-268.15280000000007
ID_huqKoS_Zn,-20.22908
ID_huqKoS_Cu,-10.589632000000002
ID_huqKoS_B,-0.7667200000000006
ID_IKYMk7_N,-5773.904
ID_IKYMk7_P,29.119864
ID_IKYMk7_K,-639.3512000000001
ID_IKYMk7_Ca,-3729.1848
ID_IKYMk7_Mg,-575.9344
ID_IKYMk7_S,-24.004176
ID_IKYMk7_Fe,-341.95096000000007
ID_IKYMk7_Mn,-245.4296
ID_IKYMk7_Zn,-6.579392
ID_IKYMk7_Cu,-8.261368000000006
ID_IKYMk7_B,-0.34811200000000003
ID_zLl1KK_N,-5713.424000000001
ID_zLl1KK_P,30.098992000000003
ID_zLl1KK_K,-1065.6704000000002
ID_zLl1KK_Ca,-6173.181600000001
ID_zLl1KK_Mg,-1529.8984
ID_zLl1KK_S,-14.220456000000002
ID_zLl1KK_Fe,-342.00064000000003
ID_zLl1KK_Mn,-239.8136
ID_zLl1KK_Zn,-18.281408000000003
ID_zLl1KK_Cu,-9.724552000000003
ID_zLl1KK_B,-0.40686399999999995
ID_wOtSDa_N,-4751.588000000001
ID_wOtSDa_P,-4.133377999999993
ID_wOtSDa_K,-1100.7794000000001
ID_wOtSDa_Ca,-9657.809400000002
ID_wOtSDa_Mg,-3077.3116000000005
ID_wOtSDa_S,-8.466846
ID_wOtSDa_Fe,-300.62716
ID_wOtSDa_Mn,-239.84840000000005
ID_wOtSDa_Zn,-4.935547999999996
ID_wOtSDa_Cu,-11.797768000000005
ID_wOtSDa_B,-0.9147820000000004
ID_PkvadN_N,-5428.51
ID_PkvadN_P,28.212960000000006
ID_PkvadN_K,-1143.9999999999998
ID_PkvadN_Ca,-5817.901999999999
ID_PkvadN_Mg,-1523.754
ID_PkvadN_S,-19.62729999999998
ID_PkvadN_Fe,-239.1866
ID_PkvadN_Mn,-347.33700000000005
ID_PkvadN_Zn,-4.973029999999997
ID_PkvadN_Cu,-11.283440000000006
ID_PkvadN_B,-0.7631800000000002
ID_7JURXU_N,-5952.64
ID_7JURXU_P,-16.795419999999993
ID_7JURXU_K,-1491.1680000000003
ID_7JURXU_Ca,-10477.688000000002
ID_7JURXU_Mg,-2558.014
ID_7JURXU_S,-10.624580000000009
ID_7JURXU_Fe,-296.4618000000001
ID_7JURXU_Mn,-310.57000000000005
ID_7JURXU_Zn,-6.46708
ID_7JURXU_Cu,-12.149259999999998
ID_7JURXU_B,-1.4107200000000004
ID_SZp2SY_N,-5258.774000000001
ID_SZp2SY_P,25.570408
ID_SZp2SY_K,-1170.3680000000002
ID_SZp2SY_Ca,-3796.9860000000003
ID_SZp2SY_Mg,-998.0140000000001
ID_SZp2SY_S,-21.99176
ID_SZp2SY_Fe,-364.4359400000001
ID_SZp2SY_Mn,-302.3672
ID_SZp2SY_Zn,-4.070032000000001
ID_SZp2SY_Cu,-9.940390000000004
ID_SZp2SY_B,-0.7357680000000002
ID_2pfyep_N,-5484.116000000001
ID_2pfyep_P,27.163638
ID_2pfyep_K,-952.9012000000001
ID_2pfyep_Ca,-4496.188200000001
ID_2pfyep_Mg,-993.0278000000001
ID_2pfyep_S,-18.159020000000005
ID_2pfyep_Fe,-257.8618
ID_2pfyep_Mn,-286.83080000000007
ID_2pfyep_Zn,-6.468544000000003
ID_2pfyep_Cu,-9.501476
ID_2pfyep_B,-0.8066020000000004
ID_juYFYi_N,-5455.088000000001
ID_juYFYi_P,21.766575999999997
ID_juYFYi_K,-1124.4872000000003
ID_juYFYi_Ca,-10313.4048
ID_juYFYi_Mg,-2611.8640000000005
ID_juYFYi_S,-7.886472000000005
ID_juYFYi_Fe,-258.61816000000005
ID_juYFYi_Mn,-303.33272000000005
ID_juYFYi_Zn,-3.630775999999998
ID_juYFYi_Cu,-10.146832000000002
ID_juYFYi_B,-0.8347600000000003
ID_MIxaJ7_N,-4750.01
ID_MIxaJ7_P,24.246840000000006
ID_MIxaJ7_K,-806.935
ID_MIxaJ7_Ca,-6006.985000000001
ID_MIxaJ7_Mg,-1703.798
ID_MIxaJ7_S,-15.78998
ID_MIxaJ7_Fe,-262.8811999999999
ID_MIxaJ7_Mn,-330.0801
ID_MIxaJ7_Zn,-4.9472700000000005
ID_MIxaJ7_Cu,-9.655729999999998
ID_MIxaJ7_B,-0.6783099999999999
ID_cFIaJw_N,-4019.9480000000003
ID_cFIaJw_P,11.157591999999998
ID_cFIaJw_K,-882.8696
ID_cFIaJw_Ca,-16028.2788
ID_cFIaJw_Mg,-4523.615199999999
ID_cFIaJw_S,-15.458675999999997
ID_cFIaJw_Fe,-373.15540000000004
ID_cFIaJw_Mn,-368.02400000000006
ID_cFIaJw_Zn,-4.333064000000001
ID_cFIaJw_Cu,-14.954776000000003
ID_cFIaJw_B,-0.5341240000000003
ID_JZ0KPs_N,-3304.9400000000005
ID_JZ0KPs_P,2.4592659999999924
ID_JZ0KPs_K,-1055.3194
ID_JZ0KPs_Ca,-14712.635200000002
ID_JZ0KPs_Mg,-3674.514
ID_JZ0KPs_S,-16.689100000000003
ID_JZ0KPs_Fe,-347.95346
ID_JZ0KPs_Mn,-359.57500000000005
ID_JZ0KPs_Zn,-6.316225999999999
ID_JZ0KPs_Cu,-12.446919999999999
ID_JZ0KPs_B,-0.8657360000000007
ID_WcKhqu_N,-3969.6760000000004
ID_WcKhqu_P,9.895279999999996
ID_WcKhqu_K,-901.6984000000001
ID_WcKhqu_Ca,-15223.579600000001
ID_WcKhqu_Mg,-3664.1268000000005
ID_WcKhqu_S,-14.65334
ID_WcKhqu_Fe,-390.16852
ID_WcKhqu_Mn,-376.641
ID_WcKhqu_Zn,-3.7521480000000005
ID_WcKhqu_Cu,-7.730732000000001
ID_WcKhqu_B,-0.8076720000000007
ID_1HDVVi_N,-4637.544000000001
ID_1HDVVi_P,4.869807999999992
ID_1HDVVi_K,-939.3304
ID_1HDVVi_Ca,-15589.4568
ID_1HDVVi_Mg,-3696.5496000000003
ID_1HDVVi_S,-13.495144000000007
ID_1HDVVi_Fe,-368.68528
ID_1HDVVi_Mn,-332.04400000000004
ID_1HDVVi_Zn,-4.159976000000002
ID_1HDVVi_Cu,-13.408751999999994
ID_1HDVVi_B,-0.9191920000000001
ID_2ro805_N,-5205.25
ID_2ro805_P,-5.245500000000021
ID_2ro805_K,-948.0250000000001
ID_2ro805_Ca,-15671.75
ID_2ro805_Mg,-3560.7000000000003
ID_2ro805_S,-20.895750000000014
ID_2ro805_Fe,-386.32
ID_2ro805_Mn,-345.65
ID_2ro805_Zn,-4.640750000000003
ID_2ro805_Cu,-13.960250000000004
ID_2ro805_B,-0.5997500000000002
ID_NwsaGJ_N,-4265.792
ID_NwsaGJ_P,-6.786936000000011
ID_NwsaGJ_K,-941.5376000000001
ID_NwsaGJ_Ca,-13811.3216
ID_NwsaGJ_Mg,-3431.9336
ID_NwsaGJ_S,-17.644679999999994
ID_NwsaGJ_Fe,-400.95255999999995
ID_NwsaGJ_Mn,-356.8688
ID_NwsaGJ_Zn,-4.555536000000002
ID_NwsaGJ_Cu,-13.396352
ID_NwsaGJ_B,-0.6498640000000001
ID_sl1ewW_N,-5681.5
ID_sl1ewW_P,-9.534500000000008
ID_sl1ewW_K,-1111.125
ID_sl1ewW_Ca,-12615.675000000001
ID_sl1ewW_Mg,-3824.125
ID_sl1ewW_S,-25.293249999999993
ID_sl1ewW_Fe,-371.6025000000001
ID_sl1ewW_Mn,-358.475
ID_sl1ewW_Zn,-6.519000000000004
ID_sl1ewW_Cu,-11.553749999999999
ID_sl1ewW_B,-0.9277500000000004
ID_fHoY7b_N,-5220.0960000000005
ID_fHoY7b_P,0.9367760000000018
ID_fHoY7b_K,-944.0424000000002
ID_fHoY7b_Ca,-13843.115199999998
ID_fHoY7b_Mg,-3535.1016000000004
ID_fHoY7b_S,-25.510247999999997
ID_fHoY7b_Fe,-369.92528
ID_fHoY7b_Mn,-386.60400000000004
ID_fHoY7b_Zn,-6.294512000000002
ID_fHoY7b_Cu,-13.382463999999995
ID_fHoY7b_B,-0.5223920000000003
ID_1Iftej_N,-4342.5
ID_1Iftej_P,-2.709000000000003
ID_1Iftej_K,-804.725
ID_1Iftej_Ca,-12004.224999999999
ID_1Iftej_Mg,-4016.8250000000003
ID_1Iftej_S,-19.254250000000003
ID_1Iftej_Fe,-367.57750000000004
ID_1Iftej_Mn,-374.80000000000007
ID_1Iftej_Zn,-4.727250000000001
ID_1Iftej_Cu,-14.5395
ID_1Iftej_B,-0.4975000000000001
ID_7QeY4z_N,-4552.728
ID_7QeY4z_P,4.0080079999999825
ID_7QeY4z_K,-805.088
ID_7QeY4z_Ca,-9118.244
ID_7QeY4z_Mg,-2810.2224000000006
ID_7QeY4z_S,-16.053759999999997
ID_7QeY4z_Fe,-354.46495999999996
ID_7QeY4z_Mn,-317.31280000000004
ID_7QeY4z_Zn,-4.149312
ID_7QeY4z_Cu,-12.405344000000008
ID_7QeY4z_B,-0.4603920000000002
ID_Zs0ofj_N,-4082.0240000000003
ID_Zs0ofj_P,4.877743999999993
ID_Zs0ofj_K,-724.2152000000001
ID_Zs0ofj_Ca,-13727.3736
ID_Zs0ofj_Mg,-3420.8232
ID_Zs0ofj_S,-14.292464000000002
ID_Zs0ofj_Fe,-339.93960000000004
ID_Zs0ofj_Mn,-342.0136
ID_Zs0ofj_Zn,-4.298360000000001
ID_Zs0ofj_Cu,-11.133848000000002
ID_Zs0ofj_B,-0.47031200000000023
ID_lUDGEQ_N,-4471.6320000000005
ID_lUDGEQ_P,-20.468600000000016
ID_lUDGEQ_K,-878.7936
ID_lUDGEQ_Ca,-14715.7528
ID_lUDGEQ_Mg,-3681.7935999999995
ID_lUDGEQ_S,-24.689616
ID_lUDGEQ_Fe,-351.58072
ID_lUDGEQ_Mn,-313.98960000000005
ID_lUDGEQ_Zn,-5.774208
ID_lUDGEQ_Cu,-12.427912000000001
ID_lUDGEQ_B,-0.5112320000000001
ID_tBBzXr_N,-4219.514
ID_tBBzXr_P,5.5213779999999915
ID_tBBzXr_K,-833.4524
ID_tBBzXr_Ca,-13404.889200000003
ID_tBBzXr_Mg,-3720.6712
ID_tBBzXr_S,-14.670090000000013
ID_tBBzXr_Fe,-340.71934
ID_tBBzXr_Mn,-317.555
ID_tBBzXr_Zn,-5.570666
ID_tBBzXr_Cu,-8.978259999999999
ID_tBBzXr_B,-0.531556
ID_bl2Z2L_N,-5885.84
ID_bl2Z2L_P,-0.013759999999990669
ID_bl2Z2L_K,-1014.6320000000001
ID_bl2Z2L_Ca,-10618.416000000001
ID_bl2Z2L_Mg,-2819.5120000000006
ID_bl2Z2L_S,-25.794959999999996
ID_bl2Z2L_Fe,-365.34399999999994
ID_bl2Z2L_Mn,-379.568
ID_bl2Z2L_Zn,-4.93976
ID_bl2Z2L_Cu,-7.470879999999998
ID_bl2Z2L_B,-0.64456
ID_SRwaep_N,-4903.35
ID_SRwaep_P,25.677713999999995
ID_SRwaep_K,-703.4998
ID_SRwaep_Ca,-5865.3330000000005
ID_SRwaep_Mg,-1772.1278000000002
ID_SRwaep_S,-19.07110600000001
ID_SRwaep_Fe,-330.0720800000001
ID_SRwaep_Mn,-368.4322
ID_SRwaep_Zn,-3.2413740000000013
ID_SRwaep_Cu,-7.449136000000002
ID_SRwaep_B,-0.4782940000000004
ID_0sTobo_N,-4548.56
ID_0sTobo_P,-1.0239199999999968
ID_0sTobo_K,-802.7120000000001
ID_0sTobo_Ca,-14010.168
ID_0sTobo_Mg,-3343.216
ID_0sTobo_S,-14.27328
ID_0sTobo_Fe,-367.2256
ID_0sTobo_Mn,-319.83200000000005
ID_0sTobo_Zn,-4.296080000000001
ID_0sTobo_Cu,-12.127120000000001
ID_0sTobo_B,-0.49288000000000026
ID_PKDeko_N,-6171.552000000001
ID_PKDeko_P,-11.69583999999999
ID_PKDeko_K,-1370.0640000000003
ID_PKDeko_Ca,-9262.384000000002
ID_PKDeko_Mg,-2155.9744
ID_PKDeko_S,-17.523199999999992
ID_PKDeko_Fe,-388.8928
ID_PKDeko_Mn,-337.4592000000001
ID_PKDeko_Zn,-4.611776
ID_PKDeko_Cu,-8.417504000000003
ID_PKDeko_B,-0.5380160000000002
ID_VADU0D_N,-4507.28
ID_VADU0D_P,-8.376319999999993
ID_VADU0D_K,-783.032
ID_VADU0D_Ca,-14762.712
ID_VADU0D_Mg,-3603.5679999999993
ID_VADU0D_S,-14.36928
ID_VADU0D_Fe,-368.11599999999993
ID_VADU0D_Mn,-302.33600000000007
ID_VADU0D_Zn,-3.732080000000001
ID_VADU0D_Cu,-9.896079999999998
ID_VADU0D_B,-0.46935999999999994
ID_pidSug_N,-4692.606
ID_pidSug_P,26.493024
ID_pidSug_K,-627.9422
ID_pidSug_Ca,-4878.8524
ID_pidSug_Mg,-1789.6854
ID_pidSug_S,-19.838449999999995
ID_pidSug_Fe,-254.84532
ID_pidSug_Mn,-394.68
ID_pidSug_Zn,-3.5812640000000004
ID_pidSug_Cu,-8.590530000000003
ID_pidSug_B,-0.5554600000000004
ID_zdXm2a_N,-4228.506
ID_zdXm2a_P,-6.732490000000006
ID_zdXm2a_K,-722.1188
ID_zdXm2a_Ca,-13300.054000000002
ID_zdXm2a_Mg,-3735.4305999999997
ID_zdXm2a_S,-14.443228000000005
ID_zdXm2a_Fe,-351.27816
ID_zdXm2a_Mn,-350.7809000000001
ID_zdXm2a_Zn,-6.869472000000002
ID_zdXm2a_Cu,-8.615281999999997
ID_zdXm2a_B,-0.41337399999999974
ID_oR4Spm_N,-4375.504
ID_oR4Spm_P,-10.77539999999999
ID_oR4Spm_K,-774.2359999999999
ID_oR4Spm_Ca,-12734.596
ID_oR4Spm_Mg,-3589.2299999999996
ID_oR4Spm_S,-13.991387999999997
ID_oR4Spm_Fe,-384.4936000000001
ID_oR4Spm_Mn,-351.66480000000007
ID_oR4Spm_Zn,-6.54666
ID_oR4Spm_Cu,-8.228975999999996
ID_oR4Spm_B,-0.4283440000000001
ID_cNDn0Q_N,-3689.478
ID_cNDn0Q_P,8.131746000000003
ID_cNDn0Q_K,-1015.9944
ID_cNDn0Q_Ca,-15240.074200000001
ID_cNDn0Q_Mg,-3412.6216000000004
ID_cNDn0Q_S,-13.656113999999999
ID_cNDn0Q_Fe,-321.92878
ID_cNDn0Q_Mn,-403.5464
ID_cNDn0Q_Zn,-3.275254
ID_cNDn0Q_Cu,-8.326386000000001
ID_cNDn0Q_B,-0.7619180000000009
ID_DIdLMN_N,-3687.3680000000004
ID_DIdLMN_P,6.727428000000003
ID_DIdLMN_K,-981.1936000000001
ID_DIdLMN_Ca,-14541.746
ID_DIdLMN_Mg,-3572.5048000000006
ID_DIdLMN_S,-17.943436
ID_DIdLMN_Fe,-353.56363999999996
ID_DIdLMN_Mn,-370.94360000000006
ID_DIdLMN_Zn,-4.244784000000001
ID_DIdLMN_Cu,-9.30624
ID_DIdLMN_B,-0.7766840000000007
ID_n9GJeS_N,-4655.715999999999
ID_n9GJeS_P,3.164502000000006
ID_n9GJeS_K,-799.3974000000001
ID_n9GJeS_Ca,-13591.389799999999
ID_n9GJeS_Mg,-3592.2973999999995
ID_n9GJeS_S,-13.852036000000012
ID_n9GJeS_Fe,-403.73812000000004
ID_n9GJeS_Mn,-333.3474
ID_n9GJeS_Zn,-3.8811440000000004
ID_n9GJeS_Cu,-8.076212
ID_n9GJeS_B,-0.511906
ID_Ou8bb7_N,-3906.7940000000003
ID_Ou8bb7_P,6.772674000000002
ID_Ou8bb7_K,-933.7143999999998
ID_Ou8bb7_Ca,-14730.857800000002
ID_Ou8bb7_Mg,-3599.252
ID_Ou8bb7_S,-14.032423999999999
ID_Ou8bb7_Fe,-344.83166
ID_Ou8bb7_Mn,-391.20439999999996
ID_Ou8bb7_Zn,-4.081114000000003
ID_Ou8bb7_Cu,-12.131594
ID_Ou8bb7_B,-0.6581000000000006
ID_sgsSUW_N,-4754.240000000001
ID_sgsSUW_P,9.476799999999997
ID_sgsSUW_K,-798.4159999999998
ID_sgsSUW_Ca,-10584.576
ID_sgsSUW_Mg,-2498.848
ID_sgsSUW_S,-14.0628
ID_sgsSUW_Fe,-365.0800000000001
ID_sgsSUW_Mn,-356.12
ID_sgsSUW_Zn,-5.207120000000002
ID_sgsSUW_Cu,-7.050400000000001
ID_sgsSUW_B,-0.4609600000000002
ID_Sb56Ma_N,-5120.182000000001
ID_Sb56Ma_P,21.009533999999995
ID_Sb56Ma_K,-685.3982000000001
ID_Sb56Ma_Ca,-4976.442800000001
ID_Sb56Ma_Mg,-1809.057
ID_Sb56Ma_S,-21.371074
ID_Sb56Ma_Fe,-315.27377999999993
ID_Sb56Ma_Mn,-299.4259
ID_Sb56Ma_Zn,-3.5172540000000008
ID_Sb56Ma_Cu,-13.276254000000002
ID_Sb56Ma_B,-0.4030320000000002
ID_Rh1r2B_N,-4409.608
ID_Rh1r2B_P,8.68503999999999
ID_Rh1r2B_K,-790.0440000000001
ID_Rh1r2B_Ca,-15483.1956
ID_Rh1r2B_Mg,-3925.4752000000003
ID_Rh1r2B_S,-15.35776800000001
ID_Rh1r2B_Fe,-380.61836
ID_Rh1r2B_Mn,-311.16360000000003
ID_Rh1r2B_Zn,-4.4604800000000004
ID_Rh1r2B_Cu,-9.977240000000002
ID_Rh1r2B_B,-0.4653399999999999
ID_OtnVQr_N,-4842.784
ID_OtnVQr_P,7.423987999999994
ID_OtnVQr_K,-773.2887999999999
ID_OtnVQr_Ca,-8895.9354
ID_OtnVQr_Mg,-2753.3712
ID_OtnVQr_S,-23.875405999999998
ID_OtnVQr_Fe,-382.65132
ID_OtnVQr_Mn,-313.403
ID_OtnVQr_Zn,-4.081540000000001
ID_OtnVQr_Cu,-8.973947999999998
ID_OtnVQr_B,-0.44645600000000024
ID_hAC1Br_N,-4136.858
ID_hAC1Br_P,2.4854919999999936
ID_hAC1Br_K,-835.076
ID_hAC1Br_Ca,-10398.5724
ID_hAC1Br_Mg,-3762.5896000000002
ID_hAC1Br_S,-17.843982000000008
ID_hAC1Br_Fe,-367.47922
ID_hAC1Br_Mn,-303.3116
ID_hAC1Br_Zn,-4.085072000000001
ID_hAC1Br_Cu,-12.614386
ID_hAC1Br_B,-0.46439800000000003
ID_2pKveG_N,-4230.824
ID_2pKveG_P,5.980351999999989
ID_2pKveG_K,-847.2231999999999
ID_2pKveG_Ca,-14474.647200000001
ID_2pKveG_Mg,-3742.5784000000003
ID_2pKveG_S,-15.612071999999998
ID_2pKveG_Fe,-442.59424
ID_2pKveG_Mn,-327.8776000000001
ID_2pKveG_Zn,-4.627952000000001
ID_2pKveG_Cu,-7.509824000000001
ID_2pKveG_B,-0.48742400000000025
ID_rP7huz_N,-4129.192
ID_rP7huz_P,5.374639999999999
ID_rP7huz_K,-824.8627999999999
ID_rP7huz_Ca,-9817.749600000001
ID_rP7huz_Mg,-2957.6616
ID_rP7huz_S,-17.609668000000006
ID_rP7huz_Fe,-372.27688000000006
ID_rP7huz_Mn,-314.8292
ID_rP7huz_Zn,-3.9838300000000015
ID_rP7huz_Cu,-6.842441999999998
ID_rP7huz_B,-0.47345400000000043
ID_iM2KbN_N,-4764.904
ID_iM2KbN_P,23.418167999999998
ID_iM2KbN_K,-880.1055999999999
ID_iM2KbN_Ca,-5815.5244
ID_iM2KbN_Mg,-1354.6168
ID_iM2KbN_S,-17.259044000000003
ID_iM2KbN_Fe,-279.62228
ID_iM2KbN_Mn,-322.9436
ID_iM2KbN_Zn,-4.002815999999999
ID_iM2KbN_Cu,-8.641031999999997
ID_iM2KbN_B,-0.5793839999999998
ID_UPRIV5_N,-5286.32
ID_UPRIV5_P,23.12704
ID_UPRIV5_K,-719.96
ID_UPRIV5_Ca,-8189.255999999999
ID_UPRIV5_Mg,-2140.144
ID_UPRIV5_S,-14.47247999999999
ID_UPRIV5_Fe,-361.1296
ID_UPRIV5_Mn,-254.912
ID_UPRIV5_Zn,-3.7872800000000004
ID_UPRIV5_Cu,-10.720720000000004
ID_UPRIV5_B,-0.60088
ID_DluiA6_N,-4707.532
ID_DluiA6_P,10.091455999999997
ID_DluiA6_K,-916.8508
ID_DluiA6_Ca,-14968.428800000002
ID_DluiA6_Mg,-3478.4428000000003
ID_DluiA6_S,-12.424156000000007
ID_DluiA6_Fe,-398.71828
ID_DluiA6_Mn,-362.5744
ID_DluiA6_Zn,-4.663244000000001
ID_DluiA6_Cu,-12.383811999999995
ID_DluiA6_B,-0.5068200000000003
ID_X50M6C_N,-4400.72
ID_X50M6C_P,3.839259999999996
ID_X50M6C_K,-924.2732000000002
ID_X50M6C_Ca,-14855.622000000001
ID_X50M6C_Mg,-4159.4752
ID_X50M6C_S,-17.234015999999997
ID_X50M6C_Fe,-367.72731999999996
ID_X50M6C_Mn,-373.0388000000001
ID_X50M6C_Zn,-4.608752000000002
ID_X50M6C_Cu,-14.252452000000002
ID_X50M6C_B,-0.5215240000000002
ID_85aZcf_N,-4382.768
ID_85aZcf_P,-6.134544000000012
ID_85aZcf_K,-993.2472
ID_85aZcf_Ca,-11125.770400000001
ID_85aZcf_Mg,-3074.818
ID_85aZcf_S,-23.999760000000002
ID_85aZcf_Fe,-378.42724
ID_85aZcf_Mn,-354.37600000000003
ID_85aZcf_Zn,-5.5628720000000005
ID_85aZcf_Cu,-11.807240000000004
ID_85aZcf_B,-0.5202400000000001
ID_4WCjuD_N,-4026.75
ID_4WCjuD_P,9.833249999999992
ID_4WCjuD_K,-914.8000000000001
ID_4WCjuD_Ca,-15655.875
ID_4WCjuD_Mg,-3734.9500000000003
ID_4WCjuD_S,-17.520750000000007
ID_4WCjuD_Fe,-367.54249999999996
ID_4WCjuD_Mn,-356.05000000000007
ID_4WCjuD_Zn,-4.280000000000001
ID_4WCjuD_Cu,-14.266750000000004
ID_4WCjuD_B,-0.5897500000000002
ID_Vo2AGK_N,-4706.068
ID_Vo2AGK_P,25.345604000000005
ID_Vo2AGK_K,-842.1136000000001
ID_Vo2AGK_Ca,-7202.909199999999
ID_Vo2AGK_Mg,-1926.8955999999998
ID_Vo2AGK_S,-15.680336
ID_Vo2AGK_Fe,-345.66291999999993
ID_Vo2AGK_Mn,-310.50480000000005
ID_Vo2AGK_Zn,-4.339944000000002
ID_Vo2AGK_Cu,-12.970143999999994
ID_Vo2AGK_B,-0.5705040000000005
ID_D7dHYN_N,-4870.68
ID_D7dHYN_P,11.048813999999993
ID_D7dHYN_K,-940.805
ID_D7dHYN_Ca,-14053.3546
ID_D7dHYN_Mg,-3223.4743999999996
ID_D7dHYN_S,-12.168056
ID_D7dHYN_Fe,-345.0785
ID_D7dHYN_Mn,-346.3376
ID_D7dHYN_Zn,-4.548416000000001
ID_D7dHYN_Cu,-10.340067999999999
ID_D7dHYN_B,-0.6249460000000002
ID_kksjp1_N,-5205.236000000001
ID_kksjp1_P,24.269776000000004
ID_kksjp1_K,-878.2244
ID_kksjp1_Ca,-5081.651400000001
ID_kksjp1_Mg,-1971.9802
ID_kksjp1_S,-20.582208
ID_kksjp1_Fe,-307.11573999999996
ID_kksjp1_Mn,-340.1304200000001
ID_kksjp1_Zn,-3.8122580000000004
ID_kksjp1_Cu,-10.317976000000003
ID_kksjp1_B,-0.586168
ID_iLq97A_N,-6430.700000000001
ID_iLq97A_P,-46.215359999999976
ID_iLq97A_K,-1140.708
ID_iLq97A_Ca,-4528.3820000000005
ID_iLq97A_Mg,-710.2560000000002
ID_iLq97A_S,-20.57275999999998
ID_iLq97A_Fe,-637.4464000000002
ID_iLq97A_Mn,-401.72260000000006
ID_iLq97A_Zn,-11.533460000000009
ID_iLq97A_Cu,-7.124460000000001
ID_iLq97A_B,-0.8875600000000003
ID_66qgwB_N,-5111.216
ID_66qgwB_P,-29.994584000000003
ID_66qgwB_K,-1095.2192000000002
ID_66qgwB_Ca,-3578.1144000000004
ID_66qgwB_Mg,-606.4336000000001
ID_66qgwB_S,-22.809047999999983
ID_66qgwB_Fe,-607.2767200000001
ID_66qgwB_Mn,-450.37256
ID_66qgwB_Zn,-10.312520000000005
ID_66qgwB_Cu,-6.082576000000002
ID_66qgwB_B,-0.6410079999999999
ID_X9tRca_N,-5478.672
ID_X9tRca_P,12.524936000000007
ID_X9tRca_K,-814.636
ID_X9tRca_Ca,-7777.214399999999
ID_X9tRca_Mg,-2442.0824
ID_X9tRca_S,-16.30399999999999
ID_X9tRca_Fe,-323.39447999999993
ID_X9tRca_Mn,-441.72704
ID_X9tRca_Zn,-9.732599999999996
ID_X9tRca_Cu,-10.673376
ID_X9tRca_B,-1.0097040000000002
ID_qb01QM_N,-3422.0
ID_qb01QM_P,4.416159999999998
ID_qb01QM_K,-1551.824
ID_qb01QM_Ca,-19116.264
ID_qb01QM_Mg,-2917.888
ID_qb01QM_S,-12.838560000000001
ID_qb01QM_Fe,-269.68239999999986
ID_qb01QM_Mn,-439.47439999999995
ID_qb01QM_Zn,-4.469119999999998
ID_qb01QM_Cu,-11.954559999999992
ID_qb01QM_B,-1.2594400000000001
ID_xwVppY_N,-7372.088000000001
ID_xwVppY_P,-2.942528000000003
ID_xwVppY_K,-1243.0280000000002
ID_xwVppY_Ca,-8695.6296
ID_xwVppY_Mg,-1568.5624
ID_xwVppY_S,-11.527800000000006
ID_xwVppY_Fe,-506.13688000000013
ID_xwVppY_Mn,-407.14016000000004
ID_xwVppY_Zn,-13.014464000000002
ID_xwVppY_Cu,-7.1161359999999965
ID_xwVppY_B,-1.3423599999999996
ID_BIuLw2_N,-7533.536
ID_BIuLw2_P,-36.24368999999997
ID_BIuLw2_K,-733.2926000000001
ID_BIuLw2_Ca,-2742.3024000000005
ID_BIuLw2_Mg,-340.4696
ID_BIuLw2_S,-32.16763600000001
ID_BIuLw2_Fe,-384.35202000000004
ID_BIuLw2_Mn,-218.07948000000002
ID_BIuLw2_Zn,-8.425658000000006
ID_BIuLw2_Cu,-5.781003999999999
ID_BIuLw2_B,-0.44797800000000004
ID_mUD5Ew_N,-7811.416000000001
ID_mUD5Ew_P,-23.069363999999986
ID_mUD5Ew_K,-834.5204
ID_mUD5Ew_Ca,-2809.8896000000004
ID_mUD5Ew_Mg,-377.28880000000004
ID_mUD5Ew_S,-28.277668000000013
ID_mUD5Ew_Fe,-392.0042
ID_mUD5Ew_Mn,-217.21800000000005
ID_mUD5Ew_Zn,-9.249816000000008
ID_mUD5Ew_Cu,-6.470156000000002
ID_mUD5Ew_B,-0.6132400000000001
ID_J5HGmg_N,-6126.880000000001
ID_J5HGmg_P,-12.18598
ID_J5HGmg_K,-717.4280000000001
ID_J5HGmg_Ca,-2857.4600000000005
ID_J5HGmg_Mg,-525.0380000000001
ID_J5HGmg_S,-27.235019999999984
ID_J5HGmg_Fe,-530.0578000000002
ID_J5HGmg_Mn,-452.6284
ID_J5HGmg_Zn,-11.010300000000003
ID_J5HGmg_Cu,-8.534220000000003
ID_J5HGmg_B,-0.6966000000000004
ID_v6f1tY_N,-5306.804
ID_v6f1tY_P,10.979554000000007
ID_v6f1tY_K,-896.1680000000001
ID_v6f1tY_Ca,-6919.7352
ID_v6f1tY_Mg,-1724.887
ID_v6f1tY_S,-14.175473999999998
ID_v6f1tY_Fe,-306.4630599999999
ID_v6f1tY_Mn,-458.0645
ID_v6f1tY_Zn,-7.8838339999999985
ID_v6f1tY_Cu,-10.709548
ID_v6f1tY_B,-0.8398539999999999
ID_GRf44T_N,-6096.584000000001
ID_GRf44T_P,-81.23677800000003
ID_GRf44T_K,-1261.8316000000004
ID_GRf44T_Ca,-8497.795600000001
ID_GRf44T_Mg,-1521.5864000000001
ID_GRf44T_S,-10.940585999999993
ID_GRf44T_Fe,-519.07234
ID_GRf44T_Mn,-399.1808000000001
ID_GRf44T_Zn,-17.724729999999997
ID_GRf44T_Cu,-7.158818000000001
ID_GRf44T_B,-1.295377999999999
ID_7ZX2th_N,-5289.632000000001
ID_7ZX2th_P,-11.918192000000026
ID_7ZX2th_K,-1420.9472
ID_7ZX2th_Ca,-8574.064800000002
ID_7ZX2th_Mg,-1648.8712000000005
ID_7ZX2th_S,-11.647031999999996
ID_7ZX2th_Fe,-545.7664000000001
ID_7ZX2th_Mn,-413.5575200000002
ID_7ZX2th_Zn,-13.698752000000002
ID_7ZX2th_Cu,-6.319527999999998
ID_7ZX2th_B,-1.1103760000000003
ID_9K1Rq5_N,-5402.974000000001
ID_9K1Rq5_P,-55.40639199999998
ID_9K1Rq5_K,-1242.2224
ID_9K1Rq5_Ca,-7201.903400000002
ID_9K1Rq5_Mg,-1373.1608
ID_9K1Rq5_S,-11.187569999999997
ID_9K1Rq5_Fe,-550.6985800000002
ID_9K1Rq5_Mn,-407.7330600000001
ID_9K1Rq5_Zn,-12.167482000000003
ID_9K1Rq5_Cu,-7.0312779999999995
ID_9K1Rq5_B,-1.025042
ID_DKjdTI_N,-4389.6
ID_DKjdTI_P,9.648970000000013
ID_DKjdTI_K,-1039.925
ID_DKjdTI_Ca,-13011.451
ID_DKjdTI_Mg,-2674.95
ID_DKjdTI_S,-15.529849999999989
ID_DKjdTI_Fe,-273.2886999999999
ID_DKjdTI_Mn,-406.2055
ID_DKjdTI_Zn,-4.502679999999999
ID_DKjdTI_Cu,-11.703420000000001
ID_DKjdTI_B,-1.0212400000000008
ID_cPfJv6_N,-5485.928
ID_cPfJv6_P,-17.210372000000007
ID_cPfJv6_K,-979.7095999999999
ID_cPfJv6_Ca,-6180.7464
ID_cPfJv6_Mg,-1021.6492000000001
ID_cPfJv6_S,-10.886352000000006
ID_cPfJv6_Fe,-460.26448
ID_cPfJv6_Mn,-335.51864
ID_cPfJv6_Zn,-12.240859999999994
ID_cPfJv6_Cu,-5.894092000000001
ID_cPfJv6_B,-0.9775359999999996
ID_lCTvKF_N,-7377.594000000001
ID_lCTvKF_P,-27.114182
ID_lCTvKF_K,-1201.4070000000002
ID_lCTvKF_Ca,-4787.5528
ID_lCTvKF_Mg,-903.7766000000001
ID_lCTvKF_S,-20.35250599999999
ID_lCTvKF_Fe,-507.58327999999995
ID_lCTvKF_Mn,-384.20612
ID_lCTvKF_Zn,-9.978692
ID_lCTvKF_Cu,-6.749616000000002
ID_lCTvKF_B,-0.993672
ID_yR1LtD_N,-4324.472
ID_yR1LtD_P,-7.053311999999991
ID_yR1LtD_K,-1110.32
ID_yR1LtD_Ca,-13399.7344
ID_yR1LtD_Mg,-3080.5232
ID_yR1LtD_S,-18.648591999999987
ID_yR1LtD_Fe,-295.47096
ID_yR1LtD_Mn,-413.2629600000001
ID_yR1LtD_Zn,-4.527215999999999
ID_yR1LtD_Cu,-11.232496
ID_yR1LtD_B,-1.1257040000000007
ID_lIoyKf_N,-4256.496
ID_lIoyKf_P,-3.1844800000000006
ID_lIoyKf_K,-1329.5832
ID_lIoyKf_Ca,-11742.1408
ID_lIoyKf_Mg,-2302.2327999999998
ID_lIoyKf_S,-11.868391999999993
ID_lIoyKf_Fe,-282.2632
ID_lIoyKf_Mn,-426.93935999999997
ID_lIoyKf_Zn,-7.337432
ID_lIoyKf_Cu,-10.989360000000003
ID_lIoyKf_B,-1.06144
ID_A552mO_N,-5650.69
ID_A552mO_P,20.66735
ID_A552mO_K,-637.1719999999999
ID_A552mO_Ca,-3559.049
ID_A552mO_Mg,-850.038
ID_A552mO_S,-24.383469999999996
ID_A552mO_Fe,-458.4571
ID_A552mO_Mn,-430.5579
ID_A552mO_Zn,-6.630409999999998
ID_A552mO_Cu,-7.35757
ID_A552mO_B,-0.6829100000000005
ID_Ti7tpz_N,-5505.8240000000005
ID_Ti7tpz_P,-12.598560000000035
ID_Ti7tpz_K,-985.8144000000002
ID_Ti7tpz_Ca,-8576.6304
ID_Ti7tpz_Mg,-1842.8000000000002
ID_Ti7tpz_S,-11.354912000000006
ID_Ti7tpz_Fe,-388.16480000000007
ID_Ti7tpz_Mn,-472.78880000000004
ID_Ti7tpz_Zn,-15.544096000000009
ID_Ti7tpz_Cu,-11.420224000000001
ID_Ti7tpz_B,-0.6600960000000001
ID_gb6Pbb_N,-5708.456000000001
ID_gb6Pbb_P,-1.4002880000000033
ID_gb6Pbb_K,-779.8592000000001
ID_gb6Pbb_Ca,-6473.9832000000015
ID_gb6Pbb_Mg,-1109.2384
ID_gb6Pbb_S,-15.134135999999998
ID_gb6Pbb_Fe,-428.92119999999994
ID_gb6Pbb_Mn,-424.00328
ID_gb6Pbb_Zn,-19.792544000000014
ID_gb6Pbb_Cu,-10.050280000000004
ID_gb6Pbb_B,-0.610768
ID_SO9YOp_N,-5710.528000000001
ID_SO9YOp_P,-21.13166799999999
ID_SO9YOp_K,-1087.3573999999999
ID_SO9YOp_Ca,-4276.6884
ID_SO9YOp_Mg,-687.7354000000001
ID_SO9YOp_S,-18.500135999999976
ID_SO9YOp_Fe,-548.5273000000001
ID_SO9YOp_Mn,-432.9692600000001
ID_SO9YOp_Zn,-9.180352000000003
ID_SO9YOp_Cu,-6.723113999999998
ID_SO9YOp_B,-0.8087420000000003
ID_ba5CMa_N,-5466.582
ID_ba5CMa_P,8.405262000000015
ID_ba5CMa_K,-992.6771999999999
ID_ba5CMa_Ca,-8647.2492
ID_ba5CMa_Mg,-2045.2736
ID_ba5CMa_S,-14.142872
ID_ba5CMa_Fe,-327.25682
ID_ba5CMa_Mn,-430.00158
ID_ba5CMa_Zn,-11.692304000000005
ID_ba5CMa_Cu,-11.485800000000003
ID_ba5CMa_B,-1.2720779999999996
ID_njBzwT_N,-4281.342
ID_njBzwT_P,-7.660451999999992
ID_njBzwT_K,-1299.7448000000002
ID_njBzwT_Ca,-20059.373
ID_njBzwT_Mg,-2897.742
ID_njBzwT_S,-14.407527999999992
ID_njBzwT_Fe,-254.04087999999996
ID_njBzwT_Mn,-426.56010000000003
ID_njBzwT_Zn,-7.656538000000001
ID_njBzwT_Cu,-11.766164
ID_njBzwT_B,-1.2754099999999993
ID_tIV78m_N,-4734.56
ID_tIV78m_P,8.206480000000003
ID_tIV78m_K,-1062.848
ID_tIV78m_Ca,-13127.616000000002
ID_tIV78m_Mg,-2997.784
ID_tIV78m_S,-14.009039999999999
ID_tIV78m_Fe,-285.34959999999995
ID_tIV78m_Mn,-388.9064000000001
ID_tIV78m_Zn,-6.6823999999999995
ID_tIV78m_Cu,-12.00976
ID_tIV78m_B,-1.2306400000000002
ID_JzjQGO_N,-3956.948
ID_JzjQGO_P,-7.493138000000002
ID_JzjQGO_K,-1341.1806
ID_JzjQGO_Ca,-18441.568
ID_JzjQGO_Mg,-3189.7442
ID_JzjQGO_S,-15.940723999999985
ID_JzjQGO_Fe,-268.4827199999999
ID_JzjQGO_Mn,-409.85726
ID_JzjQGO_Zn,-4.1938759999999995
ID_JzjQGO_Cu,-11.573383999999999
ID_JzjQGO_B,-1.4724739999999996
ID_ZGXsg5_N,-4118.55
ID_ZGXsg5_P,2.9598220000000097
ID_ZGXsg5_K,-1295.9368000000002
ID_ZGXsg5_Ca,-17614.6846
ID_ZGXsg5_Mg,-3477.4148000000005
ID_ZGXsg5_S,-15.212443999999984
ID_ZGXsg5_Fe,-288.45329999999996
ID_ZGXsg5_Mn,-400.86800000000005
ID_ZGXsg5_Zn,-7.028931999999999
ID_ZGXsg5_Cu,-11.511265999999999
ID_ZGXsg5_B,-1.3732279999999997
ID_JnfLxa_N,-4797.564
ID_JnfLxa_P,-12.275034000000005
ID_JnfLxa_K,-1412.5568
ID_JnfLxa_Ca,-13710.8658
ID_JnfLxa_Mg,-2616.1641999999997
ID_JnfLxa_S,-13.988648000000001
ID_JnfLxa_Fe,-295.51238
ID_JnfLxa_Mn,-485.7388
ID_JnfLxa_Zn,-10.933798
ID_JnfLxa_Cu,-11.253274000000001
ID_JnfLxa_B,-1.21472
ID_PQTLwS_N,-4402.008
ID_PQTLwS_P,-12.990700000000004
ID_PQTLwS_K,-1227.0357999999999
ID_PQTLwS_Ca,-12115.789799999999
ID_PQTLwS_Mg,-3167.0152
ID_PQTLwS_S,-20.67335399999999
ID_PQTLwS_Fe,-289.64329999999995
ID_PQTLwS_Mn,-429.8183200000001
ID_PQTLwS_Zn,-9.152368000000006
ID_PQTLwS_Cu,-9.466845999999999
ID_PQTLwS_B,-1.554584
ID_Iur5LW_N,-4804.639999999999
ID_Iur5LW_P,-4.139654000000007
ID_Iur5LW_K,-1377.038
ID_Iur5LW_Ca,-13854.84
ID_Iur5LW_Mg,-2428.8994
ID_Iur5LW_S,-15.481661999999996
ID_Iur5LW_Fe,-269.95671999999996
ID_Iur5LW_Mn,-457.00214
ID_Iur5LW_Zn,-8.128832000000001
ID_Iur5LW_Cu,-11.638528000000003
ID_Iur5LW_B,-1.1894500000000001
ID_nFydrO_N,-4871.76
ID_nFydrO_P,-7.665328000000002
ID_nFydrO_K,-1359.6272
ID_nFydrO_Ca,-10460.48
ID_nFydrO_Mg,-2305.3415999999997
ID_nFydrO_S,-16.554791999999992
ID_nFydrO_Fe,-397.4163999999999
ID_nFydrO_Mn,-432.08976000000007
ID_nFydrO_Zn,-8.155695999999997
ID_nFydrO_Cu,-11.138536
ID_nFydrO_B,-1.0760560000000003
ID_eYlKyy_N,-5079.139999999999
ID_eYlKyy_P,-5.4532899999999955
ID_eYlKyy_K,-1640.7769999999998
ID_eYlKyy_Ca,-11515.37
ID_eYlKyy_Mg,-2279.7870000000003
ID_eYlKyy_S,-15.103660000000009
ID_eYlKyy_Fe,-306.57337999999993
ID_eYlKyy_Mn,-428.6212999999999
ID_eYlKyy_Zn,-8.699260000000004
ID_eYlKyy_Cu,-11.557830000000003
ID_eYlKyy_B,-1.4639900000000001
ID_9xquWh_N,-5079.242
ID_9xquWh_P,-15.26445799999999
ID_9xquWh_K,-1440.2102
ID_9xquWh_Ca,-10253.033
ID_9xquWh_Mg,-2059.6966
ID_9xquWh_S,-12.167987999999994
ID_9xquWh_Fe,-295.7617199999999
ID_9xquWh_Mn,-432.28830000000005
ID_9xquWh_Zn,-8.27953
ID_9xquWh_Cu,-9.503988000000003
ID_9xquWh_B,-0.9107840000000005
ID_fX1yVo_N,-5622.976000000001
ID_fX1yVo_P,-23.049951999999998
ID_fX1yVo_K,-970.2016
ID_fX1yVo_Ca,-6856.7136
ID_fX1yVo_Mg,-1713.5072
ID_fX1yVo_S,-15.196288000000006
ID_fX1yVo_Fe,-383.97376
ID_fX1yVo_Mn,-415.8592000000001
ID_fX1yVo_Zn,-7.366080000000001
ID_fX1yVo_Cu,-10.999776000000004
ID_fX1yVo_B,-0.7033280000000005
ID_4vdxVf_N,-5537.468000000001
ID_4vdxVf_P,21.77202400000001
ID_4vdxVf_K,-881.5544
ID_4vdxVf_Ca,-6636.345000000001
ID_4vdxVf_Mg,-1490.9662000000003
ID_4vdxVf_S,-13.886088000000008
ID_4vdxVf_Fe,-374.32894
ID_4vdxVf_Mn,-444.98750000000007
ID_4vdxVf_Zn,-7.242572000000001
ID_4vdxVf_Cu,-11.291164000000006
ID_4vdxVf_B,-0.5873320000000002
ID_JOOexX_N,-5760.274
ID_JOOexX_P,26.310002000000004
ID_JOOexX_K,-797.4934
ID_JOOexX_Ca,-7197.9006
ID_JOOexX_Mg,-1625.037
ID_JOOexX_S,-13.681390000000007
ID_JOOexX_Fe,-351.9374199999999
ID_JOOexX_Mn,-490.3845600000001
ID_JOOexX_Zn,-8.148483999999996
ID_JOOexX_Cu,-11.101668000000005
ID_JOOexX_B,-0.7701360000000005
ID_6MYNxv_N,-5187.776
ID_6MYNxv_P,28.390012
ID_6MYNxv_K,-857.3096
ID_6MYNxv_Ca,-4537.443599999999
ID_6MYNxv_Mg,-1132.7524
ID_6MYNxv_S,-22.115639999999992
ID_6MYNxv_Fe,-379.50172
ID_6MYNxv_Mn,-458.48192000000006
ID_6MYNxv_Zn,-4.7094799999999974
ID_6MYNxv_Cu,-12.126363999999999
ID_6MYNxv_B,-0.5980720000000003
ID_2UxPAl_N,-5668.424
ID_2UxPAl_P,14.59669600000002
ID_2UxPAl_K,-766.3911999999999
ID_2UxPAl_Ca,-4708.0326000000005
ID_2UxPAl_Mg,-969.7664
ID_2UxPAl_S,-21.079168000000003
ID_2UxPAl_Fe,-471.3298200000001
ID_2UxPAl_Mn,-454.76626
ID_2UxPAl_Zn,-12.590480000000003
ID_2UxPAl_Cu,-10.125940000000003
ID_2UxPAl_B,-0.7369900000000006
ID_TAa38E_N,-5795.209999999999
ID_TAa38E_P,-26.427049999999994
ID_TAa38E_K,-692.3761999999999
ID_TAa38E_Ca,-3683.7102
ID_TAa38E_Mg,-697.4138
ID_TAa38E_S,-25.27078999999997
ID_TAa38E_Fe,-455.75616
ID_TAa38E_Mn,-470.14330000000007
ID_TAa38E_Zn,-11.025655999999996
ID_TAa38E_Cu,-9.884572000000004
ID_TAa38E_B,-0.7568780000000002
ID_4EOZCn_N,-5789.84
ID_4EOZCn_P,14.777219999999996
ID_4EOZCn_K,-730.7820000000002
ID_4EOZCn_Ca,-4459.676
ID_4EOZCn_Mg,-902.0520000000002
ID_4EOZCn_S,-20.82488
ID_4EOZCn_Fe,-419.28780000000006
ID_4EOZCn_Mn,-452.3534
ID_4EOZCn_Zn,-14.262120000000001
ID_4EOZCn_Cu,-9.98776
ID_4EOZCn_B,-0.7531400000000003
ID_MHZ6Cd_N,-5621.192000000001
ID_MHZ6Cd_P,25.333168
ID_MHZ6Cd_K,-657.1712000000001
ID_MHZ6Cd_Ca,-3750.3096
ID_MHZ6Cd_Mg,-963.8056000000003
ID_MHZ6Cd_S,-20.989680000000007
ID_MHZ6Cd_Fe,-389.40832000000006
ID_MHZ6Cd_Mn,-452.8911200000001
ID_MHZ6Cd_Zn,-12.515288000000004
ID_MHZ6Cd_Cu,-10.300408000000003
ID_MHZ6Cd_B,-0.45524800000000004
ID_FBeMC2_N,-5497.984
ID_FBeMC2_P,27.774304
ID_FBeMC2_K,-729.6704000000001
ID_FBeMC2_Ca,-4048.6720000000005
ID_FBeMC2_Mg,-875.2992
ID_FBeMC2_S,-23.34944
ID_FBeMC2_Fe,-406.12288000000007
ID_FBeMC2_Mn,-460.9571200000001
ID_FBeMC2_Zn,-6.2024
ID_FBeMC2_Cu,-11.904736000000003
ID_FBeMC2_B,-0.46499200000000035
ID_2cRCAi_N,-5549.774
ID_2cRCAi_P,21.92452000000001
ID_2cRCAi_K,-743.7008
ID_2cRCAi_Ca,-3394.724
ID_2cRCAi_Mg,-781.644
ID_2cRCAi_S,-29.283871999999974
ID_2cRCAi_Fe,-393.37337999999994
ID_2cRCAi_Mn,-462.62202
ID_2cRCAi_Zn,-13.204070000000002
ID_2cRCAi_Cu,-10.921911999999999
ID_2cRCAi_B,-0.5333640000000002
ID_vLtNHu_N,-5177.168000000001
ID_vLtNHu_P,25.954852000000002
ID_vLtNHu_K,-1031.3732
ID_vLtNHu_Ca,-8318.7042
ID_vLtNHu_Mg,-2509.3251999999998
ID_vLtNHu_S,-12.074154
ID_vLtNHu_Fe,-389.78109999999987
ID_vLtNHu_Mn,-417.56612
ID_vLtNHu_Zn,-4.50113
ID_vLtNHu_Cu,-11.799519999999998
ID_vLtNHu_B,-0.7532740000000002
ID_NB96To_N,-5295.976
ID_NB96To_P,22.72004000000001
ID_NB96To_K,-764.877
ID_NB96To_Ca,-4384.491
ID_NB96To_Mg,-997.3609999999999
ID_NB96To_S,-22.465225999999994
ID_NB96To_Fe,-423.68676
ID_NB96To_Mn,-463.08984000000004
ID_NB96To_Zn,-12.308432
ID_NB96To_Cu,-11.677204000000001
ID_NB96To_B,-0.489068
ID_d4LkJP_N,-5288.44
ID_d4LkJP_P,-0.685849999999995
ID_d4LkJP_K,-1103.3590000000002
ID_d4LkJP_Ca,-12140.947
ID_d4LkJP_Mg,-2071.0620000000004
ID_d4LkJP_S,-11.543030000000002
ID_d4LkJP_Fe,-385.1652999999999
ID_d4LkJP_Mn,-456.725
ID_d4LkJP_Zn,-6.344059999999997
ID_d4LkJP_Cu,-12.449770000000001
ID_d4LkJP_B,-0.8935900000000002
ID_0wiI3I_N,-5811.84
ID_0wiI3I_P,7.6126999999999825
ID_0wiI3I_K,-664.21
ID_0wiI3I_Ca,-6232.4360000000015
ID_0wiI3I_Mg,-946.6680000000001
ID_0wiI3I_S,-12.840639999999993
ID_0wiI3I_Fe,-464.98619999999994
ID_0wiI3I_Mn,-457.95900000000006
ID_0wiI3I_Zn,-10.44644
ID_0wiI3I_Cu,-8.760159999999997
ID_0wiI3I_B,-0.7553400000000005
ID_6dwFYC_N,-5792.990000000002
ID_6dwFYC_P,-13.616773999999978
ID_6dwFYC_K,-1414.3322000000003
ID_6dwFYC_Ca,-5670.156600000002
ID_6dwFYC_Mg,-1026.4534000000003
ID_6dwFYC_S,-13.662311999999993
ID_6dwFYC_Fe,-478.1872
ID_6dwFYC_Mn,-426.06866
ID_6dwFYC_Zn,-14.84296400000001
ID_6dwFYC_Cu,-6.779680000000001
ID_6dwFYC_B,-0.9323200000000006
ID_wsORdN_N,-5886.674000000001
ID_wsORdN_P,-11.293543999999997
ID_wsORdN_K,-1210.5362000000005
ID_wsORdN_Ca,-8559.775200000002
ID_wsORdN_Mg,-1738.5628000000002
ID_wsORdN_S,-14.708375999999987
ID_wsORdN_Fe,-407.59564000000006
ID_wsORdN_Mn,-456.73796000000016
ID_wsORdN_Zn,-8.254892000000002
ID_wsORdN_Cu,-10.463770000000004
ID_wsORdN_B,-1.1059240000000001
ID_2t7XDT_N,-5733.938000000001
ID_2t7XDT_P,-28.101607999999985
ID_2t7XDT_K,-1141.7384000000002
ID_2t7XDT_Ca,-4808.4414
ID_2t7XDT_Mg,-898.7368000000001
ID_2t7XDT_S,-20.939915999999982
ID_2t7XDT_Fe,-450.2973400000001
ID_2t7XDT_Mn,-468.3574400000001
ID_2t7XDT_Zn,-7.469899999999998
ID_2t7XDT_Cu,-11.034976000000004
ID_2t7XDT_B,-0.8426320000000004
ID_iNcMFq_N,-5681.820000000001
ID_iNcMFq_P,-30.965179999999975
ID_iNcMFq_K,-925.9440000000001
ID_iNcMFq_Ca,-8213.492
ID_iNcMFq_Mg,-1793.9100000000003
ID_iNcMFq_S,-11.067220000000002
ID_iNcMFq_Fe,-402.3477999999999
ID_iNcMFq_Mn,-449.58360000000005
ID_iNcMFq_Zn,-8.263160000000001
ID_iNcMFq_Cu,-9.408500000000004
ID_iNcMFq_B,-1.0074599999999998
ID_xFGNGK_N,-5830.540000000001
ID_xFGNGK_P,-30.17295999999999
ID_xFGNGK_K,-1036.1640000000002
ID_xFGNGK_Ca,-4862.386000000001
ID_xFGNGK_Mg,-864.4760000000001
ID_xFGNGK_S,-23.30999999999998
ID_xFGNGK_Fe,-564.2348000000002
ID_xFGNGK_Mn,-486.1784
ID_xFGNGK_Zn,-13.26706
ID_xFGNGK_Cu,-9.203020000000008
ID_xFGNGK_B,-0.9522400000000003
ID_wSRqBo_N,-5985.034000000001
ID_wSRqBo_P,-19.643273999999998
ID_wSRqBo_K,-1020.5600000000002
ID_wSRqBo_Ca,-9486.761400000001
ID_wSRqBo_Mg,-1899.5218000000002
ID_wSRqBo_S,-12.674329999999998
ID_wSRqBo_Fe,-416.3321000000001
ID_wSRqBo_Mn,-374.2700600000001
ID_wSRqBo_Zn,-8.841891999999996
ID_wSRqBo_Cu,-8.67369
ID_wSRqBo_B,-0.9450360000000001
ID_K32Y2i_N,-5677.031999999999
ID_K32Y2i_P,5.495799999999981
ID_K32Y2i_K,-898.6664
ID_K32Y2i_Ca,-9872.0584
ID_K32Y2i_Mg,-2026.8024000000003
ID_K32Y2i_S,-13.938760000000002
ID_K32Y2i_Fe,-457.02184
ID_K32Y2i_Mn,-462.95040000000006
ID_K32Y2i_Zn,-7.0996320000000015
ID_K32Y2i_Cu,-10.619088000000001
ID_K32Y2i_B,-1.0370800000000007
ID_6SMUKT_N,-5211.332
ID_6SMUKT_P,24.540789999999994
ID_6SMUKT_K,-842.4416
ID_6SMUKT_Ca,-6832.1724
ID_6SMUKT_Mg,-1267.0425999999998
ID_6SMUKT_S,-18.569526000000003
ID_6SMUKT_Fe,-415.32922
ID_6SMUKT_Mn,-484.331
ID_6SMUKT_Zn,-7.187450000000001
ID_6SMUKT_Cu,-11.570902000000002
ID_6SMUKT_B,-0.9063100000000002
ID_002W8m_N,-5601.93
ID_002W8m_P,21.520650000000007
ID_002W8m_K,-799.0
ID_002W8m_Ca,-6331.192999999999
ID_002W8m_Mg,-1201.708
ID_002W8m_S,-15.182550000000006
ID_002W8m_Fe,-438.776
ID_002W8m_Mn,-452.4562
ID_002W8m_Zn,-7.538909999999996
ID_002W8m_Cu,-11.49964
ID_002W8m_B,-0.9340700000000003
ID_gIn9nY_N,-5499.32
ID_gIn9nY_P,27.646464000000005
ID_gIn9nY_K,-844.7496
ID_gIn9nY_Ca,-4999.2696000000005
ID_gIn9nY_Mg,-1184.7352
ID_gIn9nY_S,-21.112896
ID_gIn9nY_Fe,-430.3557599999999
ID_gIn9nY_Mn,-472.19328
ID_gIn9nY_Zn,-7.251128
ID_gIn9nY_Cu,-11.943343999999998
ID_gIn9nY_B,-0.627136
ID_CVMgX8_N,-5738.378000000001
ID_CVMgX8_P,-37.651160000000004
ID_CVMgX8_K,-754.5260000000002
ID_CVMgX8_Ca,-4929.387000000001
ID_CVMgX8_Mg,-857.2894000000001
ID_CVMgX8_S,-20.893517999999993
ID_CVMgX8_Fe,-415.49662
ID_CVMgX8_Mn,-436.8045800000001
ID_CVMgX8_Zn,-14.462900000000005
ID_CVMgX8_Cu,-10.527706000000004
ID_CVMgX8_B,-0.8610580000000005
ID_wd06cY_N,-5740.97
ID_wd06cY_P,-6.5752100000000056
ID_wd06cY_K,-814.1224000000001
ID_wd06cY_Ca,-6527.197
ID_wd06cY_Mg,-1059.2172
ID_wd06cY_S,-13.631337999999996
ID_wd06cY_Fe,-418.89781999999997
ID_wd06cY_Mn,-497.27459999999996
ID_wd06cY_Zn,-7.477456000000001
ID_wd06cY_Cu,-10.357137999999999
ID_wd06cY_B,-0.8563179999999996
ID_c1B6wl_N,-6013.14
ID_c1B6wl_P,-8.565220000000004
ID_c1B6wl_K,-622.2780000000001
ID_c1B6wl_Ca,-2751.9260000000004
ID_c1B6wl_Mg,-509.48400000000004
ID_c1B6wl_S,-30.01493999999998
ID_c1B6wl_Fe,-557.0518000000002
ID_c1B6wl_Mn,-471.5506000000001
ID_c1B6wl_Zn,-12.811440000000013
ID_c1B6wl_Cu,-8.106980000000005
ID_c1B6wl_B,-0.6427000000000006
ID_oc6ATo_N,-5805.422000000001
ID_oc6ATo_P,1.8193300000000008
ID_oc6ATo_K,-712.3682000000001
ID_oc6ATo_Ca,-4506.9654
ID_oc6ATo_Mg,-754.1260000000001
ID_oc6ATo_S,-22.03526399999999
ID_oc6ATo_Fe,-432.9569200000001
ID_oc6ATo_Mn,-446.4948800000001
ID_oc6ATo_Zn,-12.441145999999998
ID_oc6ATo_Cu,-9.828184000000002
ID_oc6ATo_B,-0.7840240000000005
ID_W7ki9G_N,-6001.040000000001
ID_W7ki9G_P,-40.39152
ID_W7ki9G_K,-1220.458
ID_W7ki9G_Ca,-4660.360000000001
ID_W7ki9G_Mg,-887.4440000000001
ID_W7ki9G_S,-21.602359999999976
ID_W7ki9G_Fe,-550.1878000000002
ID_W7ki9G_Mn,-495.48220000000003
ID_W7ki9G_Zn,-11.410480000000003
ID_W7ki9G_Cu,-7.704600000000002
ID_W7ki9G_B,-0.8671000000000003
ID_WXecQv_N,-4988.706000000001
ID_WXecQv_P,-30.645680000000013
ID_WXecQv_K,-1196.1550000000002
ID_WXecQv_Ca,-4628.654200000001
ID_WXecQv_Mg,-922.6432000000001
ID_WXecQv_S,-22.06922799999998
ID_WXecQv_Fe,-579.5273400000001
ID_WXecQv_Mn,-451.9467800000001
ID_WXecQv_Zn,-10.124948000000002
ID_WXecQv_Cu,-6.894742000000001
ID_WXecQv_B,-0.8650240000000003
ID_HBVWpF_N,-5149.420000000001
ID_HBVWpF_P,-31.990379999999988
ID_HBVWpF_K,-1135.846
ID_HBVWpF_Ca,-2501.588
ID_HBVWpF_Mg,-531.506
ID_HBVWpF_S,-32.873179999999984
ID_HBVWpF_Fe,-583.9798000000002
ID_HBVWpF_Mn,-447.3176000000002
ID_HBVWpF_Zn,-10.253500000000003
ID_HBVWpF_Cu,-7.115660000000003
ID_HBVWpF_B,-0.5503000000000001
ID_RrkLmh_N,-5788.772000000001
ID_RrkLmh_P,-30.97117999999999
ID_RrkLmh_K,-725.7326
ID_RrkLmh_Ca,-4385.8422
ID_RrkLmh_Mg,-941.9824000000001
ID_RrkLmh_S,-23.935361999999984
ID_RrkLmh_Fe,-464.7562
ID_RrkLmh_Mn,-444.83210000000014
ID_RrkLmh_Zn,-11.047874000000004
ID_RrkLmh_Cu,-11.124442
ID_RrkLmh_B,-0.8497360000000006
ID_1hqQ2U_N,-5881.568000000001
ID_1hqQ2U_P,-0.6200059999999894
ID_1hqQ2U_K,-766.7360000000001
ID_1hqQ2U_Ca,-4794.966
ID_1hqQ2U_Mg,-918.5614
ID_1hqQ2U_S,-21.15392399999999
ID_1hqQ2U_Fe,-418.3249
ID_1hqQ2U_Mn,-431.9783000000001
ID_1hqQ2U_Zn,-9.530725999999998
ID_1hqQ2U_Cu,-10.107460000000001
ID_1hqQ2U_B,-0.7631560000000005
ID_sPfogU_N,-5595.26
ID_sPfogU_P,9.076959999999996
ID_sPfogU_K,-1093.814
ID_sPfogU_Ca,-9104.579
ID_sPfogU_Mg,-1966.826
ID_sPfogU_S,-26.266250000000007
ID_sPfogU_Fe,-395.0967
ID_sPfogU_Mn,-416.29330000000004
ID_sPfogU_Zn,-9.577170000000002
ID_sPfogU_Cu,-12.226440000000006
ID_sPfogU_B,-0.9846700000000005
ID_Ol7rTd_N,-5634.176
ID_Ol7rTd_P,17.149535999999998
ID_Ol7rTd_K,-687.5136
ID_Ol7rTd_Ca,-6285.356800000001
ID_Ol7rTd_Mg,-1378.3584
ID_Ol7rTd_S,-19.23702399999999
ID_Ol7rTd_Fe,-300.2291200000001
ID_Ol7rTd_Mn,-415.40896000000015
ID_Ol7rTd_Zn,-9.931103999999998
ID_Ol7rTd_Cu,-9.672352000000002
ID_Ol7rTd_B,-0.915904
ID_ZOfYbj_N,-5529.66
ID_ZOfYbj_P,3.6081240000000108
ID_ZOfYbj_K,-800.8109999999999
ID_ZOfYbj_Ca,-6717.9184
ID_ZOfYbj_Mg,-1783.5246
ID_ZOfYbj_S,-13.312677999999991
ID_ZOfYbj_Fe,-357.8394
ID_ZOfYbj_Mn,-389.97432
ID_ZOfYbj_Zn,-13.039316000000005
ID_ZOfYbj_Cu,-8.562472000000001
ID_ZOfYbj_B,-1.072148
ID_6a2bVs_N,-5970.5
ID_6a2bVs_P,26.4625
ID_6a2bVs_K,-725.6851999999999
ID_6a2bVs_Ca,-6529.684799999999
ID_6a2bVs_Mg,-1618.8028000000002
ID_6a2bVs_S,-20.067287999999984
ID_6a2bVs_Fe,-353.75823999999994
ID_6a2bVs_Mn,-410.90288
ID_6a2bVs_Zn,-14.753107999999996
ID_6a2bVs_Cu,-8.782972000000001
ID_6a2bVs_B,-1.101268
ID_yoxAO4_N,-5139.630000000001
ID_yoxAO4_P,-42.50297199999997
ID_yoxAO4_K,-825.8206000000002
ID_yoxAO4_Ca,-7316.767600000003
ID_yoxAO4_Mg,-1476.6890000000003
ID_yoxAO4_S,-14.719605999999999
ID_yoxAO4_Fe,-533.4787600000001
ID_yoxAO4_Mn,-360.8521600000001
ID_yoxAO4_Zn,-13.344682000000006
ID_yoxAO4_Cu,-6.374662000000001
ID_yoxAO4_B,-0.6686119999999999
ID_FfEidt_N,-5225.176
ID_FfEidt_P,-25.570241999999993
ID_FfEidt_K,-1037.4954000000002
ID_FfEidt_Ca,-3812.9504
ID_FfEidt_Mg,-860.0268000000001
ID_FfEidt_S,-25.292281999999965
ID_FfEidt_Fe,-579.69854
ID_FfEidt_Mn,-448.9443600000001
ID_FfEidt_Zn,-11.632792000000002
ID_FfEidt_Cu,-6.106152
ID_FfEidt_B,-0.6283400000000002
ID_EO21VT_N,-5311.2080000000005
ID_EO21VT_P,-24.801419999999993
ID_EO21VT_K,-686.8808000000001
ID_EO21VT_Ca,-3652.1220000000003
ID_EO21VT_Mg,-690.5871999999999
ID_EO21VT_S,-18.52054799999998
ID_EO21VT_Fe,-542.5971000000001
ID_EO21VT_Mn,-481.65854000000013
ID_EO21VT_Zn,-12.015620000000009
ID_EO21VT_Cu,-6.688434000000003
ID_EO21VT_B,-0.4535400000000002
ID_bgPdtG_N,-5940.160000000001
ID_bgPdtG_P,17.339712
ID_bgPdtG_K,-668.8544000000002
ID_bgPdtG_Ca,-6282.624000000001
ID_bgPdtG_Mg,-1322.6944
ID_bgPdtG_S,-13.173344
ID_bgPdtG_Fe,-339.44256000000007
ID_bgPdtG_Mn,-426.42304000000007
ID_bgPdtG_Zn,-18.173184000000006
ID_bgPdtG_Cu,-7.749760000000001
ID_bgPdtG_B,-0.9891519999999999
ID_1ba7Jn_N,-4989.210000000001
ID_1ba7Jn_P,-38.92515599999997
ID_1ba7Jn_K,-1130.5846000000004
ID_1ba7Jn_Ca,-4711.406000000001
ID_1ba7Jn_Mg,-877.9956000000002
ID_1ba7Jn_S,-27.066471999999983
ID_1ba7Jn_Fe,-604.3178600000001
ID_1ba7Jn_Mn,-413.47518
ID_1ba7Jn_Zn,-10.540112000000008
ID_1ba7Jn_Cu,-6.263481999999996
ID_1ba7Jn_B,-0.5729100000000004
ID_KivwIj_N,-5246.03
ID_KivwIj_P,-0.6856499999999954
ID_KivwIj_K,-969.52
ID_KivwIj_Ca,-4697.727
ID_KivwIj_Mg,-867.3883999999998
ID_KivwIj_S,-23.602909999999973
ID_KivwIj_Fe,-504.4433399999999
ID_KivwIj_Mn,-420.19504
ID_KivwIj_Zn,-10.574334000000006
ID_KivwIj_Cu,-6.830182000000001
ID_KivwIj_B,-0.9657020000000002
ID_i9yeeP_N,-5790.835999999999
ID_i9yeeP_P,26.603632
ID_i9yeeP_K,-711.9368
ID_i9yeeP_Ca,-6254.7624
ID_i9yeeP_Mg,-1721.266
ID_i9yeeP_S,-21.80966399999999
ID_i9yeeP_Fe,-314.28916
ID_i9yeeP_Mn,-431.82416
ID_i9yeeP_Zn,-11.667127999999996
ID_i9yeeP_Cu,-9.404044000000003
ID_i9yeeP_B,-0.9845320000000001
ID_R5qXu2_N,-5559.416
ID_R5qXu2_P,21.277324
ID_R5qXu2_K,-681.932
ID_R5qXu2_Ca,-6373.5276
ID_R5qXu2_Mg,-1600.0383999999997
ID_R5qXu2_S,-21.41111999999999
ID_R5qXu2_Fe,-321.01971999999995
ID_R5qXu2_Mn,-403.97168
ID_R5qXu2_Zn,-8.849504
ID_R5qXu2_Cu,-11.648704000000006
ID_R5qXu2_B,-0.8910519999999998
ID_MfeEtE_N,-5106.68
ID_MfeEtE_P,19.56359200000001
ID_MfeEtE_K,-603.9272000000001
ID_MfeEtE_Ca,-2997.7872000000007
ID_MfeEtE_Mg,-524.2024
ID_MfeEtE_S,-29.325983999999977
ID_MfeEtE_Fe,-575.0041600000001
ID_MfeEtE_Mn,-405.84200000000004
ID_MfeEtE_Zn,-10.367600000000001
ID_MfeEtE_Cu,-6.373528
ID_MfeEtE_B,-0.7217920000000008
ID_WLmcrU_N,-4889.402
ID_WLmcrU_P,25.382772000000003
ID_WLmcrU_K,-1128.4432000000002
ID_WLmcrU_Ca,-4756.916399999999
ID_WLmcrU_Mg,-1513.0252
ID_WLmcrU_S,-21.366188000000008
ID_WLmcrU_Fe,-282.37121999999994
ID_WLmcrU_Mn,-367.33816
ID_WLmcrU_Zn,-4.263283999999996
ID_WLmcrU_Cu,-12.853308
ID_WLmcrU_B,-0.96751
ID_BG94Kk_N,-5416.224000000001
ID_BG94Kk_P,25.596576
ID_BG94Kk_K,-1162.5728000000004
ID_BG94Kk_Ca,-6080.240000000002
ID_BG94Kk_Mg,-1530.5216000000003
ID_BG94Kk_S,-13.420192000000004
ID_BG94Kk_Fe,-320.2883200000001
ID_BG94Kk_Mn,-423.7350400000001
ID_BG94Kk_Zn,-11.114047999999999
ID_BG94Kk_Cu,-11.542976000000003
ID_BG94Kk_B,-1.1201919999999999
ID_swsOpZ_N,-5550.41
ID_swsOpZ_P,4.68327
ID_swsOpZ_K,-1123.2310000000002
ID_swsOpZ_Ca,-11894.755
ID_swsOpZ_Mg,-2576.234
ID_swsOpZ_S,-19.715619999999987
ID_swsOpZ_Fe,-299.0648
ID_swsOpZ_Mn,-428.38210000000004
ID_swsOpZ_Zn,-11.868889999999993
ID_swsOpZ_Cu,-10.551350000000003
ID_swsOpZ_B,-1.1873
ID_iTxLdY_N,-5354.4439999999995
ID_iTxLdY_P,8.227515999999984
ID_iTxLdY_K,-926.0287999999999
ID_iTxLdY_Ca,-6547.788
ID_iTxLdY_Mg,-1853.1411999999998
ID_iTxLdY_S,-20.782751999999974
ID_iTxLdY_Fe,-313.18564000000003
ID_iTxLdY_Mn,-404.7309200000001
ID_iTxLdY_Zn,-12.065215999999992
ID_iTxLdY_Cu,-11.398816000000004
ID_iTxLdY_B,-1.120648
ID_dovTfQ_N,-5834.308
ID_dovTfQ_P,26.06506600000001
ID_dovTfQ_K,-726.1857999999999
ID_dovTfQ_Ca,-6671.611000000001
ID_dovTfQ_Mg,-1812.6786000000002
ID_dovTfQ_S,-21.85751199999998
ID_dovTfQ_Fe,-296.28378
ID_dovTfQ_Mn,-425.30490000000003
ID_dovTfQ_Zn,-12.262553999999994
ID_dovTfQ_Cu,-8.717282000000004
ID_dovTfQ_B,-1.057232
ID_dITjXH_N,-5025.120000000001
ID_dITjXH_P,-43.809219999999996
ID_dITjXH_K,-752.848
ID_dITjXH_Ca,-4518.262000000001
ID_dITjXH_Mg,-1048.3300000000002
ID_dITjXH_S,-26.93537999999998
ID_dITjXH_Fe,-523.1982
ID_dITjXH_Mn,-383.7574000000001
ID_dITjXH_Zn,-8.836480000000005
ID_dITjXH_Cu,-6.6002
ID_dITjXH_B,-0.46867999999999993
ID_2CXb7W_N,-5567.660000000001
ID_2CXb7W_P,-46.33024999999998
ID_2CXb7W_K,-756.9236000000001
ID_2CXb7W_Ca,-4544.017200000001
ID_2CXb7W_Mg,-1047.7654
ID_2CXb7W_S,-24.27058199999999
ID_2CXb7W_Fe,-492.77703999999994
ID_2CXb7W_Mn,-371.7696800000001
ID_2CXb7W_Zn,-9.737185999999998
ID_2CXb7W_Cu,-7.160632000000001
ID_2CXb7W_B,-0.5229520000000002
ID_njFERZ_N,-5098.678
ID_njFERZ_P,21.882710000000003
ID_njFERZ_K,-1146.7717999999998
ID_njFERZ_Ca,-4806.3878
ID_njFERZ_Mg,-1437.7446
ID_njFERZ_S,-20.82808200000001
ID_njFERZ_Fe,-305.15654
ID_njFERZ_Mn,-379.76138000000003
ID_njFERZ_Zn,-4.49855
ID_njFERZ_Cu,-11.363742
ID_njFERZ_B,-0.980166
ID_8WSpIg_N,-4762.144
ID_8WSpIg_P,25.90256
ID_8WSpIg_K,-835.9360000000001
ID_8WSpIg_Ca,-5752.886400000001
ID_8WSpIg_Mg,-1528.9312000000002
ID_8WSpIg_S,-19.919328000000007
ID_8WSpIg_Fe,-288.63936
ID_8WSpIg_Mn,-409.86048000000017
ID_8WSpIg_Zn,-4.526431999999998
ID_8WSpIg_Cu,-11.353696000000003
ID_8WSpIg_B,-0.9425600000000002
ID_vGptG7_N,-5522.176
ID_vGptG7_P,25.915999999999997
ID_vGptG7_K,-1036.9312000000002
ID_vGptG7_Ca,-4225.833600000001
ID_vGptG7_Mg,-1122.3936
ID_vGptG7_S,-22.513920000000006
ID_vGptG7_Fe,-361.7641600000001
ID_vGptG7_Mn,-379.92512000000005
ID_vGptG7_Zn,-4.3644799999999995
ID_vGptG7_Cu,-13.078048000000006
ID_vGptG7_B,-0.8574400000000002
ID_DE9CHN_N,-5132.984
ID_DE9CHN_P,24.673341999999998
ID_DE9CHN_K,-735.1010000000001
ID_DE9CHN_Ca,-4230.841800000001
ID_DE9CHN_Mg,-1128.4846000000002
ID_DE9CHN_S,-26.376473999999995
ID_DE9CHN_Fe,-338.35828000000004
ID_DE9CHN_Mn,-410.04470000000003
ID_DE9CHN_Zn,-4.006255999999998
ID_DE9CHN_Cu,-11.563780000000005
ID_DE9CHN_B,-0.8679400000000005
ID_I43qny_N,-5188.764
ID_I43qny_P,-25.28645999999999
ID_I43qny_K,-594.0488
ID_I43qny_Ca,-2566.5560000000005
ID_I43qny_Mg,-498.8496000000001
ID_I43qny_S,-22.61239199999998
ID_I43qny_Fe,-556.72396
ID_I43qny_Mn,-459.26264000000015
ID_I43qny_Zn,-12.87544000000001
ID_I43qny_Cu,-6.878468000000004
ID_I43qny_B,-0.462296
ID_fHepY6_N,-5369.632000000001
ID_fHepY6_P,8.56451199999999
ID_fHepY6_K,-1154.688
ID_fHepY6_Ca,-7047.136
ID_fHepY6_Mg,-1929.8912
ID_fHepY6_S,-14.439616000000001
ID_fHepY6_Fe,-281.21151999999995
ID_fHepY6_Mn,-359.0640000000001
ID_fHepY6_Zn,-4.347904
ID_fHepY6_Cu,-12.983296000000006
ID_fHepY6_B,-1.1222079999999999
ID_1Qe0kg_N,-4908.320000000001
ID_1Qe0kg_P,4.977501999999987
ID_1Qe0kg_K,-930.3056000000001
ID_1Qe0kg_Ca,-6438.143400000001
ID_1Qe0kg_Mg,-1169.7544
ID_1Qe0kg_S,-13.799508000000003
ID_1Qe0kg_Fe,-522.7958800000001
ID_1Qe0kg_Mn,-426.6680600000001
ID_1Qe0kg_Zn,-11.266988000000005
ID_1Qe0kg_Cu,-7.084930000000002
ID_1Qe0kg_B,-0.9480820000000011
ID_2RSAny_N,-5489.206
ID_2RSAny_P,17.029812000000007
ID_2RSAny_K,-1073.9545999999998
ID_2RSAny_Ca,-4672.686199999999
ID_2RSAny_Mg,-1319.524
ID_2RSAny_S,-24.568607999999998
ID_2RSAny_Fe,-305.88426000000004
ID_2RSAny_Mn,-359.505
ID_2RSAny_Zn,-4.537196
ID_2RSAny_Cu,-13.084506000000001
ID_2RSAny_B,-0.9299939999999992
ID_NnEBJ7_N,-5157.889999999999
ID_NnEBJ7_P,8.750301999999998
ID_NnEBJ7_K,-1106.5438000000001
ID_NnEBJ7_Ca,-4385.7566
ID_NnEBJ7_Mg,-1197.5291999999997
ID_NnEBJ7_S,-22.95609799999999
ID_NnEBJ7_Fe,-312.5829
ID_NnEBJ7_Mn,-398.11936000000003
ID_NnEBJ7_Zn,-4.422161999999998
ID_NnEBJ7_Cu,-11.277184000000002
ID_NnEBJ7_B,-0.9815219999999997
ID_PZKZVC_N,-5370.960000000001
ID_PZKZVC_P,-2.050360000000012
ID_PZKZVC_K,-1175.6000000000001
ID_PZKZVC_Ca,-6675.318000000001
ID_PZKZVC_Mg,-1750.152
ID_PZKZVC_S,-23.403279999999988
ID_PZKZVC_Fe,-276.32959999999997
ID_PZKZVC_Mn,-372.8542
ID_PZKZVC_Zn,-9.540919999999993
ID_PZKZVC_Cu,-13.086900000000004
ID_PZKZVC_B,-1.1440799999999993
ID_VrHXYu_N,-5169.8240000000005
ID_VrHXYu_P,21.388736
ID_VrHXYu_K,-1169.7632
ID_VrHXYu_Ca,-6364.9888
ID_VrHXYu_Mg,-1505.9712000000002
ID_VrHXYu_S,-22.403264
ID_VrHXYu_Fe,-272.82048000000003
ID_VrHXYu_Mn,-376.71968000000004
ID_VrHXYu_Zn,-10.052959999999997
ID_VrHXYu_Cu,-12.913184
ID_VrHXYu_B,-1.1199679999999999
ID_DbJNl3_N,-5223.43
ID_DbJNl3_P,4.8160939999999925
ID_DbJNl3_K,-1280.7672000000002
ID_DbJNl3_Ca,-9212.7776
ID_DbJNl3_Mg,-2480.6894
ID_DbJNl3_S,-23.81964399999999
ID_DbJNl3_Fe,-268.6258999999999
ID_DbJNl3_Mn,-399.6765
ID_DbJNl3_Zn,-11.469519999999996
ID_DbJNl3_Cu,-11.095932000000001
ID_DbJNl3_B,-1.2448119999999996
ID_FR21zD_N,-4375.298000000001
ID_FR21zD_P,21.644374000000006
ID_FR21zD_K,-991.7330000000002
ID_FR21zD_Ca,-4171.878600000001
ID_FR21zD_Mg,-1085.7052
ID_FR21zD_S,-22.625784000000003
ID_FR21zD_Fe,-313.7762200000001
ID_FR21zD_Mn,-372.72872000000007
ID_FR21zD_Zn,-4.541941999999997
ID_FR21zD_Cu,-12.095248000000005
ID_FR21zD_B,-0.8934700000000004
ID_cQ2d0Y_N,-5173.031999999999
ID_cQ2d0Y_P,23.081414000000002
ID_cQ2d0Y_K,-1027.376
ID_cQ2d0Y_Ca,-4072.3397999999997
ID_cQ2d0Y_Mg,-1071.8731999999998
ID_cQ2d0Y_S,-27.197213999999995
ID_cQ2d0Y_Fe,-336.3129
ID_cQ2d0Y_Mn,-354.27988000000005
ID_cQ2d0Y_Zn,-4.573129999999997
ID_cQ2d0Y_Cu,-12.287856000000003
ID_cQ2d0Y_B,-0.872138
ID_u3rOmv_N,-5044.608
ID_u3rOmv_P,23.035808000000007
ID_u3rOmv_K,-1202.1312000000003
ID_u3rOmv_Ca,-4152.540800000001
ID_u3rOmv_Mg,-1194.1184
ID_u3rOmv_S,-22.60419199999999
ID_u3rOmv_Fe,-345.9452800000001
ID_u3rOmv_Mn,-396.29056000000014
ID_u3rOmv_Zn,-9.953504000000002
ID_u3rOmv_Cu,-12.866367999999998
ID_u3rOmv_B,-0.9421120000000006
ID_4XiP6a_N,-4312.916
ID_4XiP6a_P,23.728731999999997
ID_4XiP6a_K,-1030.805
ID_4XiP6a_Ca,-3865.207800000001
ID_4XiP6a_Mg,-1267.7674000000002
ID_4XiP6a_S,-26.959223999999985
ID_4XiP6a_Fe,-320.70484000000005
ID_4XiP6a_Mn,-370.5131600000001
ID_4XiP6a_Zn,-4.7239819999999995
ID_4XiP6a_Cu,-11.964046000000007
ID_4XiP6a_B,-0.8774860000000003
ID_DoUPRn_N,-5244.222
ID_DoUPRn_P,25.111572000000002
ID_DoUPRn_K,-1015.4884
ID_DoUPRn_Ca,-3975.2727999999997
ID_DoUPRn_Mg,-1084.9586
ID_DoUPRn_S,-26.736399999999996
ID_DoUPRn_Fe,-320.5403600000001
ID_DoUPRn_Mn,-362.16276000000005
ID_DoUPRn_Zn,-4.805909999999998
ID_DoUPRn_Cu,-12.23791
ID_DoUPRn_B,-0.8606120000000003
ID_irYvsF_N,-4836.064000000001
ID_irYvsF_P,24.860512
ID_irYvsF_K,-1022.2368000000001
ID_irYvsF_Ca,-4151.712
ID_irYvsF_Mg,-1084.7616
ID_irYvsF_S,-20.629856000000004
ID_irYvsF_Fe,-317.23744000000005
ID_irYvsF_Mn,-370.54624000000007
ID_irYvsF_Zn,-4.303327999999999
ID_irYvsF_Cu,-12.615264000000009
ID_irYvsF_B,-0.9188160000000002
ID_0DyPKQ_N,-5013.128000000001
ID_0DyPKQ_P,22.306516000000006
ID_0DyPKQ_K,-1076.5316
ID_0DyPKQ_Ca,-4412.7048
ID_0DyPKQ_Mg,-920.3019999999999
ID_0DyPKQ_S,-23.44989599999999
ID_0DyPKQ_Fe,-358.88824000000005
ID_0DyPKQ_Mn,-407.80207999999993
ID_0DyPKQ_Zn,-11.426816000000002
ID_0DyPKQ_Cu,-12.044740000000001
ID_0DyPKQ_B,-0.9054159999999999
ID_AOgOOP_N,-5435.192
ID_AOgOOP_P,22.393696000000006
ID_AOgOOP_K,-1111.0864
ID_AOgOOP_Ca,-4459.862
ID_AOgOOP_Mg,-923.8431999999999
ID_AOgOOP_S,-22.13210199999999
ID_AOgOOP_Fe,-385.85436
ID_AOgOOP_Mn,-369.58008
ID_AOgOOP_Zn,-10.780219999999998
ID_AOgOOP_Cu,-9.374038
ID_AOgOOP_B,-0.9586959999999997
ID_sEArRB_N,-4544.816
ID_sEArRB_P,27.522244
ID_sEArRB_K,-736.8571999999999
ID_sEArRB_Ca,-4293.21
ID_sEArRB_Mg,-1124.7951999999998
ID_sEArRB_S,-23.88104399999998
ID_sEArRB_Fe,-336.59211999999997
ID_sEArRB_Mn,-411.36116
ID_sEArRB_Zn,-4.391875999999998
ID_sEArRB_Cu,-10.524892000000003
ID_sEArRB_B,-0.8921919999999998
ID_evExtA_N,-5584.000000000001
ID_evExtA_P,25.465536
ID_evExtA_K,-779.9584000000001
ID_evExtA_Ca,-4557.129600000001
ID_evExtA_Mg,-1288.8032
ID_evExtA_S,-27.00668799999999
ID_evExtA_Fe,-356.02528
ID_evExtA_Mn,-402.86944000000005
ID_evExtA_Zn,-10.520671999999998
ID_evExtA_Cu,-9.993792000000008
ID_evExtA_B,-0.951744
ID_lEgLQd_N,-5547.65
ID_lEgLQd_P,5.4802199999999885
ID_lEgLQd_K,-822.161
ID_lEgLQd_Ca,-4402.666
ID_lEgLQd_Mg,-1079.762
ID_lEgLQd_S,-26.95095999999998
ID_lEgLQd_Fe,-429.2632
ID_lEgLQd_Mn,-421.97429999999997
ID_lEgLQd_Zn,-13.98005999999999
ID_lEgLQd_Cu,-10.022120000000001
ID_lEgLQd_B,-0.8363200000000004
ID_VSCV5c_N,-5465.024
ID_VSCV5c_P,23.116372000000002
ID_VSCV5c_K,-871.7876000000001
ID_VSCV5c_Ca,-6014.7468
ID_VSCV5c_Mg,-1414.6288000000002
ID_VSCV5c_S,-14.324879999999997
ID_VSCV5c_Fe,-365.61652
ID_VSCV5c_Mn,-422.89567999999997
ID_VSCV5c_Zn,-4.501315999999997
ID_VSCV5c_Cu,-12.359836000000003
ID_VSCV5c_B,-0.8967520000000002
ID_HcRlJ3_N,-5756.864
ID_HcRlJ3_P,20.920960000000004
ID_HcRlJ3_K,-731.9780000000001
ID_HcRlJ3_Ca,-4085.16
ID_HcRlJ3_Mg,-915.6279999999999
ID_HcRlJ3_S,-23.81081999999998
ID_HcRlJ3_Fe,-361.16139999999996
ID_HcRlJ3_Mn,-406.94024
ID_HcRlJ3_Zn,-10.067708000000001
ID_HcRlJ3_Cu,-9.992740000000001
ID_HcRlJ3_B,-0.7672480000000007
ID_rfKHbW_N,-5993.984
ID_rfKHbW_P,20.741524
ID_rfKHbW_K,-966.2251999999999
ID_rfKHbW_Ca,-6930.166799999999
ID_rfKHbW_Mg,-1441.054
ID_rfKHbW_S,-11.296584
ID_rfKHbW_Fe,-466.25343999999996
ID_rfKHbW_Mn,-385.90040000000005
ID_rfKHbW_Zn,-15.481795999999997
ID_rfKHbW_Cu,-7.171695999999996
ID_rfKHbW_B,-1.1393439999999997
ID_XeCi49_N,-5376.576000000001
ID_XeCi49_P,18.78608
ID_XeCi49_K,-711.8848
ID_XeCi49_Ca,-4372.486400000001
ID_XeCi49_Mg,-1228.2560000000003
ID_XeCi49_S,-26.711231999999974
ID_XeCi49_Fe,-305.0384000000001
ID_XeCi49_Mn,-414.7078400000001
ID_XeCi49_Zn,-9.719648
ID_XeCi49_Cu,-10.030528
ID_XeCi49_B,-0.8254080000000005
ID_29025U_N,-5790.796
ID_29025U_P,23.319048000000002
ID_29025U_K,-699.5892
ID_29025U_Ca,-3900.4552
ID_29025U_Mg,-1161.616
ID_29025U_S,-27.89627199999999
ID_29025U_Fe,-449.74051999999995
ID_29025U_Mn,-399.08664000000005
ID_29025U_Zn,-4.810172
ID_29025U_Cu,-12.119436000000006
ID_29025U_B,-0.8132600000000005
ID_rkMpQ9_N,-5462.210000000001
ID_rkMpQ9_P,27.702754000000002
ID_rkMpQ9_K,-620.2826
ID_rkMpQ9_Ca,-4060.257000000001
ID_rkMpQ9_Mg,-1069.477
ID_rkMpQ9_S,-26.377361999999998
ID_rkMpQ9_Fe,-314.18026000000003
ID_rkMpQ9_Mn,-381.95504000000005
ID_rkMpQ9_Zn,-4.540166000000001
ID_rkMpQ9_Cu,-9.949618000000006
ID_rkMpQ9_B,-0.8555080000000005
ID_IJH8dt_N,-5874.0560000000005
ID_IJH8dt_P,26.930584000000003
ID_IJH8dt_K,-698.5988
ID_IJH8dt_Ca,-4481.5152
ID_IJH8dt_Mg,-1275.298
ID_IJH8dt_S,-27.093335999999987
ID_IJH8dt_Fe,-304.46919999999994
ID_IJH8dt_Mn,-445.80967999999996
ID_IJH8dt_Zn,-10.928863999999995
ID_IJH8dt_Cu,-9.788224000000003
ID_IJH8dt_B,-0.8103400000000002
ID_adZXDg_N,-6040.624000000001
ID_adZXDg_P,27.199911999999998
ID_adZXDg_K,-965.7330000000001
ID_adZXDg_Ca,-6016.354
ID_adZXDg_Mg,-1301.6350000000002
ID_adZXDg_S,-12.980183999999998
ID_adZXDg_Fe,-456.0931200000001
ID_adZXDg_Mn,-393.41700000000003
ID_adZXDg_Zn,-10.140736000000002
ID_adZXDg_Cu,-6.323868
ID_adZXDg_B,-0.9960480000000006
ID_F27SKu_N,-5389.87
ID_F27SKu_P,24.865540000000003
ID_F27SKu_K,-1171.37
ID_F27SKu_Ca,-4250.014999999999
ID_F27SKu_Mg,-650.214
ID_F27SKu_S,-25.47067999999998
ID_F27SKu_Fe,-490.0338000000001
ID_F27SKu_Mn,-385.3721
ID_F27SKu_Zn,-10.161830000000002
ID_F27SKu_Cu,-11.5116
ID_F27SKu_B,-0.8942800000000005
ID_tY6lnZ_N,-5723.328000000001
ID_tY6lnZ_P,-5.9990720000000195
ID_tY6lnZ_K,-846.3296
ID_tY6lnZ_Ca,-6414.380800000001
ID_tY6lnZ_Mg,-1265.7312000000002
ID_tY6lnZ_S,-15.037696000000008
ID_tY6lnZ_Fe,-520.6092800000001
ID_tY6lnZ_Mn,-361.01056000000005
ID_tY6lnZ_Zn,-12.421088000000003
ID_tY6lnZ_Cu,-8.804800000000002
ID_tY6lnZ_B,-0.9851200000000008
ID_jgXZqI_N,-4911.820000000001
ID_jgXZqI_P,-27.39252000000002
ID_jgXZqI_K,-636.2042000000001
ID_jgXZqI_Ca,-2843.1024000000007
ID_jgXZqI_Mg,-495.6672000000001
ID_jgXZqI_S,-24.751093999999995
ID_jgXZqI_Fe,-595.5259200000002
ID_jgXZqI_Mn,-324.0799200000001
ID_jgXZqI_Zn,-9.154722
ID_jgXZqI_Cu,-6.631247999999997
ID_jgXZqI_B,-0.6777680000000007
ID_gdJ57B_N,-4937.774000000001
ID_gdJ57B_P,-5.381696000000005
ID_gdJ57B_K,-659.9994000000002
ID_gdJ57B_Ca,-4476.521600000001
ID_gdJ57B_Mg,-771.5164000000001
ID_gdJ57B_S,-21.03154199999998
ID_gdJ57B_Fe,-557.95186
ID_gdJ57B_Mn,-447.17672000000005
ID_gdJ57B_Zn,-10.141854
ID_gdJ57B_Cu,-6.348400000000001
ID_gdJ57B_B,-0.6790580000000002
ID_oOLfuf_N,-4682.96
ID_oOLfuf_P,17.660592
ID_oOLfuf_K,-642.408
ID_oOLfuf_Ca,-2531.3408000000004
ID_oOLfuf_Mg,-407.77119999999996
ID_oOLfuf_S,-27.981135999999992
ID_oOLfuf_Fe,-592.7571200000002
ID_oOLfuf_Mn,-431.04608
ID_oOLfuf_Zn,-8.672544000000004
ID_oOLfuf_Cu,-6.648192000000001
ID_oOLfuf_B,-0.45788800000000035
ID_ua9aYV_N,-5343.830000000001
ID_ua9aYV_P,-31.174879999999973
ID_ua9aYV_K,-600.0080000000002
ID_ua9aYV_Ca,-2427.9690000000005
ID_ua9aYV_Mg,-492.40900000000005
ID_ua9aYV_S,-25.88714999999999
ID_ua9aYV_Fe,-575.4694000000001
ID_ua9aYV_Mn,-498.9254
ID_ua9aYV_Zn,-12.530750000000006
ID_ua9aYV_Cu,-6.942730000000002
ID_ua9aYV_B,-0.49288000000000026
ID_reN90v_N,-5517.424000000001
ID_reN90v_P,-10.789640000000006
ID_reN90v_K,-661.7320000000001
ID_reN90v_Ca,-2356.5482
ID_reN90v_Mg,-510.64380000000006
ID_reN90v_S,-34.41285399999998
ID_reN90v_Fe,-463.02116000000007
ID_reN90v_Mn,-437.53148000000004
ID_reN90v_Zn,-6.247691999999999
ID_reN90v_Cu,-6.936230000000004
ID_reN90v_B,-0.4839660000000003
ID_GQavHU_N,-5560.400000000001
ID_GQavHU_P,-10.694287999999979
ID_GQavHU_K,-652.7940000000001
ID_GQavHU_Ca,-2415.0608
ID_GQavHU_Mg,-475.04200000000003
ID_GQavHU_S,-28.959247999999988
ID_GQavHU_Fe,-576.45268
ID_GQavHU_Mn,-462.9768800000001
ID_GQavHU_Zn,-11.721948000000005
ID_GQavHU_Cu,-6.827164000000003
ID_GQavHU_B,-0.45445200000000013
ID_pAQc0A_N,-5126.336
ID_pAQc0A_P,-23.640295999999978
ID_pAQc0A_K,-668.4248
ID_pAQc0A_Ca,-2445.5184000000004
ID_pAQc0A_Mg,-477.46000000000004
ID_pAQc0A_S,-23.98019999999999
ID_pAQc0A_Fe,-533.6358400000001
ID_pAQc0A_Mn,-522.9334400000001
ID_pAQc0A_Zn,-11.975936000000004
ID_pAQc0A_Cu,-7.939527999999997
ID_pAQc0A_B,-0.5189680000000001
ID_X2W8Ce_N,-5735.240000000001
ID_X2W8Ce_P,7.676895999999985
ID_X2W8Ce_K,-997.1120000000001
ID_X2W8Ce_Ca,-6283.7304
ID_X2W8Ce_Mg,-1156.9744000000003
ID_X2W8Ce_S,-14.511624000000001
ID_X2W8Ce_Fe,-436.01464000000004
ID_X2W8Ce_Mn,-421.57976
ID_X2W8Ce_Zn,-16.283191999999996
ID_X2W8Ce_Cu,-4.254135999999999
ID_X2W8Ce_B,-1.4689359999999998
ID_RxoWBQ_N,-5763.386
ID_RxoWBQ_P,26.249002
ID_RxoWBQ_K,-629.7612
ID_RxoWBQ_Ca,-5922.4768
ID_RxoWBQ_Mg,-1006.4884000000002
ID_RxoWBQ_S,-8.775334
ID_RxoWBQ_Fe,-481.79782000000006
ID_RxoWBQ_Mn,-432.1667600000001
ID_RxoWBQ_Zn,-10.242648
ID_RxoWBQ_Cu,-4.903471999999998
ID_RxoWBQ_B,-0.47361799999999993
ID_8WdU9Z_N,-5268.4800000000005
ID_8WdU9Z_P,28.214096
ID_8WdU9Z_K,-602.4720000000001
ID_8WdU9Z_Ca,-3598.9008000000003
ID_8WdU9Z_Mg,-774.6832
ID_8WdU9Z_S,-10.561968000000007
ID_8WdU9Z_Fe,-472.02559999999994
ID_8WdU9Z_Mn,-402.5729600000001
ID_8WdU9Z_Zn,-10.091104000000003
ID_8WdU9Z_Cu,-3.7147679999999985
ID_8WdU9Z_B,-0.44748799999999994
ID_TPCAlF_N,-6145.046000000001
ID_TPCAlF_P,7.236562000000006
ID_TPCAlF_K,-687.6086
ID_TPCAlF_Ca,-3075.3378000000007
ID_TPCAlF_Mg,-572.2506000000002
ID_TPCAlF_S,-19.878358000000006
ID_TPCAlF_Fe,-491.20420000000007
ID_TPCAlF_Mn,-425.4433800000001
ID_TPCAlF_Zn,-12.442598000000004
ID_TPCAlF_Cu,-4.238915999999998
ID_TPCAlF_B,-0.7671480000000004
ID_5dxHoO_N,-5819.354
ID_5dxHoO_P,22.338948000000006
ID_5dxHoO_K,-703.6098000000002
ID_5dxHoO_Ca,-3057.7888000000003
ID_5dxHoO_Mg,-555.6826
ID_5dxHoO_S,-20.208191999999997
ID_5dxHoO_Fe,-456.13890000000004
ID_5dxHoO_Mn,-459.52332
ID_5dxHoO_Zn,-12.409898000000004
ID_5dxHoO_Cu,-4.212755999999998
ID_5dxHoO_B,-0.7159180000000008
ID_zvDAa4_N,-5884.318000000001
ID_zvDAa4_P,14.778926000000002
ID_zvDAa4_K,-751.8750000000001
ID_zvDAa4_Ca,-6303.024000000001
ID_zvDAa4_Mg,-1275.0172000000002
ID_zvDAa4_S,-10.95169399999999
ID_zvDAa4_Fe,-426.5454000000001
ID_zvDAa4_Mn,-444.0257000000001
ID_zvDAa4_Zn,-11.821734000000005
ID_zvDAa4_Cu,-4.988181999999999
ID_zvDAa4_B,-1.3182519999999995
ID_kBvivF_N,-5847.158
ID_kBvivF_P,24.464218
ID_kBvivF_K,-814.9100000000001
ID_kBvivF_Ca,-6612.635400000001
ID_kBvivF_Mg,-1369.7320000000002
ID_kBvivF_S,-11.128625999999993
ID_kBvivF_Fe,-422.13885999999997
ID_kBvivF_Mn,-436.9155800000001
ID_kBvivF_Zn,-15.016567999999998
ID_kBvivF_Cu,-4.880247999999997
ID_kBvivF_B,-1.0803939999999999
ID_SIVRTu_N,-6018.542000000001
ID_SIVRTu_P,23.91277
ID_SIVRTu_K,-902.7998
ID_SIVRTu_Ca,-6770.2332000000015
ID_SIVRTu_Mg,-1577.1466
ID_SIVRTu_S,-11.66675399999999
ID_SIVRTu_Fe,-488.0329
ID_SIVRTu_Mn,-417.83468000000005
ID_SIVRTu_Zn,-9.438817999999998
ID_SIVRTu_Cu,-5.632161999999998
ID_SIVRTu_B,-1.39963
ID_SRewCF_N,-5813.820000000001
ID_SRewCF_P,-9.214439999999996
ID_SRewCF_K,-838.648
ID_SRewCF_Ca,-6662.052000000001
ID_SRewCF_Mg,-1282.2120000000004
ID_SRewCF_S,-11.790359999999996
ID_SRewCF_Fe,-383.8347999999999
ID_SRewCF_Mn,-442.2158000000002
ID_SRewCF_Zn,-18.639239999999997
ID_SRewCF_Cu,-4.645939999999998
ID_SRewCF_B,-1.0378199999999997
ID_I7Cd5y_N,-5911.599999999999
ID_I7Cd5y_P,-10.357997999999995
ID_I7Cd5y_K,-1109.8434
ID_I7Cd5y_Ca,-6942.336399999999
ID_I7Cd5y_Mg,-1138.2494
ID_I7Cd5y_S,-14.409455999999995
ID_I7Cd5y_Fe,-455.36065999999994
ID_I7Cd5y_Mn,-442.07184
ID_I7Cd5y_Zn,-19.062668000000013
ID_I7Cd5y_Cu,-4.856749999999997
ID_I7Cd5y_B,-1.8658599999999994
ID_beEtHf_N,-5695.064000000001
ID_beEtHf_P,23.715760000000003
ID_beEtHf_K,-711.4736
ID_beEtHf_Ca,-6219.254400000002
ID_beEtHf_Mg,-1278.2368000000001
ID_beEtHf_S,-11.472504
ID_beEtHf_Fe,-438.70167999999995
ID_beEtHf_Mn,-425.80256
ID_beEtHf_Zn,-15.225007999999994
ID_beEtHf_Cu,-4.191927999999999
ID_beEtHf_B,-0.7721200000000001
ID_TQp5AF_N,-5808.540000000001
ID_TQp5AF_P,10.977534000000002
ID_TQp5AF_K,-657.6668
ID_TQp5AF_Ca,-3059.7132000000006
ID_TQp5AF_Mg,-549.6411999999999
ID_TQp5AF_S,-19.481111999999996
ID_TQp5AF_Fe,-493.70050000000003
ID_TQp5AF_Mn,-391.4382800000001
ID_TQp5AF_Zn,-12.977353999999995
ID_TQp5AF_Cu,-3.915219999999998
ID_TQp5AF_B,-0.9183100000000003
ID_c1QiXO_N,-6130.4400000000005
ID_c1QiXO_P,22.585288000000006
ID_c1QiXO_K,-688.7422000000001
ID_c1QiXO_Ca,-3164.652400000001
ID_c1QiXO_Mg,-564.359
ID_c1QiXO_S,-20.017441999999996
ID_c1QiXO_Fe,-492.2026400000001
ID_c1QiXO_Mn,-442.06152000000014
ID_c1QiXO_Zn,-14.636331999999996
ID_c1QiXO_Cu,-4.384103999999999
ID_c1QiXO_B,-0.9716319999999999
ID_xokvcV_N,-5362.778000000001
ID_xokvcV_P,23.814324000000006
ID_xokvcV_K,-681.4850000000001
ID_xokvcV_Ca,-3311.2060000000006
ID_xokvcV_Mg,-499.97180000000003
ID_xokvcV_S,-19.891778000000002
ID_xokvcV_Fe,-445.0369
ID_xokvcV_Mn,-452.95044
ID_xokvcV_Zn,-11.603259999999997
ID_xokvcV_Cu,-4.109103999999998
ID_xokvcV_B,-0.7237840000000005
ID_TBodsG_N,-5698.972000000001
ID_TBodsG_P,28.769280000000002
ID_TBodsG_K,-681.3566000000001
ID_TBodsG_Ca,-3252.1848
ID_TBodsG_Mg,-531.1944000000001
ID_TBodsG_S,-20.590274
ID_TBodsG_Fe,-432.87100000000004
ID_TBodsG_Mn,-412.38246000000015
ID_TBodsG_Zn,-7.655388000000004
ID_TBodsG_Cu,-3.7878899999999973
ID_TBodsG_B,-0.48410400000000015
ID_dibrcU_N,-5521.328
ID_dibrcU_P,14.715353999999994
ID_dibrcU_K,-630.1896000000002
ID_dibrcU_Ca,-3033.5864000000006
ID_dibrcU_Mg,-531.3286
ID_dibrcU_S,-18.884755999999996
ID_dibrcU_Fe,-431.29530000000005
ID_dibrcU_Mn,-384.02484000000004
ID_dibrcU_Zn,-12.659370000000004
ID_dibrcU_Cu,-3.813291999999999
ID_dibrcU_B,-0.7763420000000003
ID_l0ackL_N,-5977.028000000001
ID_l0ackL_P,9.360447999999995
ID_l0ackL_K,-737.2322
ID_l0ackL_Ca,-4520.285400000001
ID_l0ackL_Mg,-766.8688000000002
ID_l0ackL_S,-13.479828000000012
ID_l0ackL_Fe,-508.71664000000004
ID_l0ackL_Mn,-439.40420000000006
ID_l0ackL_Zn,-14.790350000000004
ID_l0ackL_Cu,-4.282845999999999
ID_l0ackL_B,-1.1156919999999997
ID_ypQvGZ_N,-5526.060000000001
ID_ypQvGZ_P,-4.975738
ID_ypQvGZ_K,-594.2586000000001
ID_ypQvGZ_Ca,-3159.7796000000008
ID_ypQvGZ_Mg,-497.57500000000005
ID_ypQvGZ_S,-18.646298
ID_ypQvGZ_Fe,-396.78418000000005
ID_ypQvGZ_Mn,-450.12136000000004
ID_ypQvGZ_Zn,-11.484276
ID_ypQvGZ_Cu,-3.9361919999999975
ID_ypQvGZ_B,-0.42803600000000014
ID_RoI2jL_N,-5036.12
ID_RoI2jL_P,-26.722634
ID_RoI2jL_K,-571.3238
ID_RoI2jL_Ca,-2827.7358000000004
ID_RoI2jL_Mg,-463.16080000000005
ID_RoI2jL_S,-16.993932
ID_RoI2jL_Fe,-379.45108
ID_RoI2jL_Mn,-393.4913
ID_RoI2jL_Zn,-9.627116000000001
ID_RoI2jL_Cu,-3.4051839999999975
ID_RoI2jL_B,-0.44014599999999987
ID_88wMJ3_N,-5175.032
ID_88wMJ3_P,-34.195411999999976
ID_88wMJ3_K,-565.1
ID_88wMJ3_Ca,-2809.7484000000004
ID_88wMJ3_Mg,-528.214
ID_88wMJ3_S,-17.816028000000003
ID_88wMJ3_Fe,-407.53048000000007
ID_88wMJ3_Mn,-413.1284000000001
ID_88wMJ3_Zn,-12.09010400000001
ID_88wMJ3_Cu,-3.345315999999998
ID_88wMJ3_B,-0.5440360000000003
ID_A6s2Vl_N,-5619.464000000001
ID_A6s2Vl_P,-23.749159999999975
ID_A6s2Vl_K,-646.9328
ID_A6s2Vl_Ca,-3291.6984000000007
ID_A6s2Vl_Mg,-548.9344
ID_A6s2Vl_S,-18.69252
ID_A6s2Vl_Fe,-587.2686400000001
ID_A6s2Vl_Mn,-442.8082400000002
ID_A6s2Vl_Zn,-10.240808000000001
ID_A6s2Vl_Cu,-4.109631999999999
ID_A6s2Vl_B,-0.5088160000000003
ID_OdmxBm_N,-6344.68
ID_OdmxBm_P,-31.472719999999995
ID_OdmxBm_K,-655.3880000000001
ID_OdmxBm_Ca,-3466.3320000000003
ID_OdmxBm_Mg,-586.198
ID_OdmxBm_S,-13.97254000000001
ID_OdmxBm_Fe,-647.2012000000002
ID_OdmxBm_Mn,-418.81000000000006
ID_OdmxBm_Zn,-14.865579999999998
ID_OdmxBm_Cu,-3.4264799999999993
ID_OdmxBm_B,-0.5355600000000003
ID_Dq29Nh_N,-5562.656000000001
ID_Dq29Nh_P,12.715960000000006
ID_Dq29Nh_K,-624.2312000000001
ID_Dq29Nh_Ca,-3699.2904000000003
ID_Dq29Nh_Mg,-602.9128
ID_Dq29Nh_S,-13.163784000000007
ID_Dq29Nh_Fe,-609.9400000000002
ID_Dq29Nh_Mn,-448.12400000000014
ID_Dq29Nh_Zn,-11.082128
ID_Dq29Nh_Cu,-3.542632
ID_Dq29Nh_B,-0.5984560000000002
ID_2pmlR2_N,-5406.488000000001
ID_2pmlR2_P,15.802531999999996
ID_2pmlR2_K,-577.1312
ID_2pmlR2_Ca,-2952.7776000000003
ID_2pmlR2_Mg,-498.78600000000006
ID_2pmlR2_S,-19.179688
ID_2pmlR2_Fe,-508.1568800000001
ID_2pmlR2_Mn,-401.02835999999996
ID_2pmlR2_Zn,-11.932888000000004
ID_2pmlR2_Cu,-4.0151959999999995
ID_2pmlR2_B,-0.7531600000000004
ID_62zkwo_N,-6276.772000000001
ID_62zkwo_P,22.173158000000004
ID_62zkwo_K,-629.0336000000001
ID_62zkwo_Ca,-3484.3962
ID_62zkwo_Mg,-524.967
ID_62zkwo_S,-16.25228000000001
ID_62zkwo_Fe,-559.6167800000001
ID_62zkwo_Mn,-414.6701200000001
ID_62zkwo_Zn,-17.601680000000005
ID_62zkwo_Cu,-4.297637999999999
ID_62zkwo_B,-0.6405380000000002
ID_AicXgY_N,-5743.144
ID_AicXgY_P,-22.700271999999977
ID_AicXgY_K,-599.5396000000001
ID_AicXgY_Ca,-2996.1952
ID_AicXgY_Mg,-457.4884
ID_AicXgY_S,-18.107392
ID_AicXgY_Fe,-599.5734
ID_AicXgY_Mn,-424.8084
ID_AicXgY_Zn,-12.278236000000001
ID_AicXgY_Cu,-3.660943999999998
ID_AicXgY_B,-0.39869600000000016
ID_zqYQy7_N,-5516.240000000001
ID_zqYQy7_P,-23.622439999999997
ID_zqYQy7_K,-1053.9859999999999
ID_zqYQy7_Ca,-5006.685
ID_zqYQy7_Mg,-875.239
ID_zqYQy7_S,-8.604780000000009
ID_zqYQy7_Fe,-570.8872000000001
ID_zqYQy7_Mn,-437.345
ID_zqYQy7_Zn,-12.04439000000001
ID_zqYQy7_Cu,-3.7419099999999985
ID_zqYQy7_B,-0.5187100000000004
ID_lLf4Dt_N,-5427.052000000001
ID_lLf4Dt_P,-5.698508000000011
ID_lLf4Dt_K,-582.5796
ID_lLf4Dt_Ca,-3050.5308000000005
ID_lLf4Dt_Mg,-535.1652
ID_lLf4Dt_S,-19.652023999999997
ID_lLf4Dt_Fe,-599.1451600000001
ID_lLf4Dt_Mn,-419.25824
ID_lLf4Dt_Zn,-10.148908000000004
ID_lLf4Dt_Cu,-3.382376000000002
ID_lLf4Dt_B,-0.5943720000000002
ID_DEJNou_N,-5421.984
ID_DEJNou_P,-31.092943999999974
ID_DEJNou_K,-586.0400000000001
ID_DEJNou_Ca,-3029.5216000000005
ID_DEJNou_Mg,-456.6304
ID_DEJNou_S,-18.731792
ID_DEJNou_Fe,-450.51424
ID_DEJNou_Mn,-420.5545600000001
ID_DEJNou_Zn,-13.807024000000004
ID_DEJNou_Cu,-3.6873119999999986
ID_DEJNou_B,-0.46267200000000036
ID_ND4cEs_N,-5247.8
ID_ND4cEs_P,0.5219999999999985
ID_ND4cEs_K,-570.7600000000001
ID_ND4cEs_Ca,-3700.36
ID_ND4cEs_Mg,-623.28
ID_ND4cEs_S,-11.868400000000005
ID_ND4cEs_Fe,-533.5200000000001
ID_ND4cEs_Mn,-422.88400000000007
ID_ND4cEs_Zn,-9.743400000000003
ID_ND4cEs_Cu,-3.621199999999999
ID_ND4cEs_B,-0.43940000000000007
ID_O3Sfpw_N,-5447.152000000001
ID_O3Sfpw_P,-1.9918720000000008
ID_O3Sfpw_K,-595.0880000000001
ID_O3Sfpw_Ca,-2948.6096
ID_O3Sfpw_Mg,-461.6224
ID_O3Sfpw_S,-18.641935999999994
ID_O3Sfpw_Fe,-556.9998400000001
ID_O3Sfpw_Mn,-427.95104000000003
ID_O3Sfpw_Zn,-12.546336000000005
ID_O3Sfpw_Cu,-3.100543999999998
ID_O3Sfpw_B,-0.46787200000000023
ID_meeX0o_N,-5196.844000000001
ID_meeX0o_P,21.742634
ID_meeX0o_K,-563.3526000000002
ID_meeX0o_Ca,-2936.6344000000004
ID_meeX0o_Mg,-506.797
ID_meeX0o_S,-16.245255999999998
ID_meeX0o_Fe,-563.2587400000001
ID_meeX0o_Mn,-407.2986200000001
ID_meeX0o_Zn,-9.877962000000002
ID_meeX0o_Cu,-3.410345999999998
ID_meeX0o_B,-0.46055200000000035
ID_erj808_N,-5256.224
ID_erj808_P,21.482308000000007
ID_erj808_K,-560.2447999999999
ID_erj808_Ca,-2872.6620000000003
ID_erj808_Mg,-467.74839999999995
ID_erj808_S,-18.640595999999995
ID_erj808_Fe,-544.4002000000002
ID_erj808_Mn,-431.88620000000003
ID_erj808_Zn,-10.056631999999999
ID_erj808_Cu,-3.936099999999998
ID_erj808_B,-0.44346400000000014
ID_VSkXul_N,-5361.456000000001
ID_VSkXul_P,20.502288
ID_VSkXul_K,-591.7392000000001
ID_VSkXul_Ca,-2882.0912000000008
ID_VSkXul_Mg,-464.7632000000001
ID_VSkXul_S,-18.348863999999992
ID_VSkXul_Fe,-546.8057600000001
ID_VSkXul_Mn,-403.2968000000001
ID_VSkXul_Zn,-11.230736000000006
ID_VSkXul_Cu,-3.7486719999999982
ID_VSkXul_B,-0.4497760000000001
ID_ZdZ9My_N,-5230.982
ID_ZdZ9My_P,20.839693999999998
ID_ZdZ9My_K,-559.1914
ID_ZdZ9My_Ca,-2813.6164
ID_ZdZ9My_Mg,-499.46439999999996
ID_ZdZ9My_S,-17.05022600000001
ID_ZdZ9My_Fe,-481.07908
ID_ZdZ9My_Mn,-390.86996
ID_ZdZ9My_Zn,-13.132585999999995
ID_ZdZ9My_Cu,-4.025233999999999
ID_ZdZ9My_B,-0.6922460000000003
ID_VIClH0_N,-5577.374000000001
ID_VIClH0_P,6.678699999999999
ID_VIClH0_K,-733.0398000000001
ID_VIClH0_Ca,-3363.3594
ID_VIClH0_Mg,-586.3116
ID_VIClH0_S,-20.446465999999987
ID_VIClH0_Fe,-490.2232000000001
ID_VIClH0_Mn,-424.0569000000001
ID_VIClH0_Zn,-19.75431800000001
ID_VIClH0_Cu,-3.9396020000000025
ID_VIClH0_B,-0.9265060000000006
ID_F4bzTF_N,-5203.34
ID_F4bzTF_P,27.936760000000003
ID_F4bzTF_K,-582.494
ID_F4bzTF_Ca,-3234.6210000000005
ID_F4bzTF_Mg,-523.72
ID_F4bzTF_S,-13.734030000000004
ID_F4bzTF_Fe,-512.6920000000001
ID_F4bzTF_Mn,-421.83440000000013
ID_F4bzTF_Zn,-8.98196
ID_F4bzTF_Cu,-3.9117999999999977
ID_F4bzTF_B,-0.4189600000000003
ID_SU94rt_N,-5700.080000000001
ID_SU94rt_P,22.913424
ID_SU94rt_K,-859.7264000000001
ID_SU94rt_Ca,-4364.382400000001
ID_SU94rt_Mg,-842.5328000000002
ID_SU94rt_S,-13.020112000000001
ID_SU94rt_Fe,-464.4044800000001
ID_SU94rt_Mn,-425.05152000000004
ID_SU94rt_Zn,-15.385328
ID_SU94rt_Cu,-3.786735999999999
ID_SU94rt_B,-0.904256
ID_ZmqvoY_N,-5255.0
ID_ZmqvoY_P,24.97534
ID_ZmqvoY_K,-605.846
ID_ZmqvoY_Ca,-3112.506
ID_ZmqvoY_Mg,-520.7380000000002
ID_ZmqvoY_S,-12.543330000000019
ID_ZmqvoY_Fe,-503.8951000000001
ID_ZmqvoY_Mn,-429.6548
ID_ZmqvoY_Zn,-9.461390000000005
ID_ZmqvoY_Cu,-4.176609999999998
ID_ZmqvoY_B,-0.46579
ID_DqMf8F_N,-5911.260000000001
ID_DqMf8F_P,11.046442000000006
ID_DqMf8F_K,-631.2378
ID_DqMf8F_Ca,-3281.7382000000007
ID_DqMf8F_Mg,-543.5636000000001
ID_DqMf8F_S,-20.973334
ID_DqMf8F_Fe,-454.48072
ID_DqMf8F_Mn,-370.78728000000007
ID_DqMf8F_Zn,-16.849256
ID_DqMf8F_Cu,-3.8602219999999994
ID_DqMf8F_B,-0.9514800000000002
ID_nIlsNr_N,-5558.704000000001
ID_nIlsNr_P,3.208672000000007
ID_nIlsNr_K,-1087.0548000000001
ID_nIlsNr_Ca,-4638.3472
ID_nIlsNr_Mg,-968.0904
ID_nIlsNr_S,-12.83325600000001
ID_nIlsNr_Fe,-535.8864800000002
ID_nIlsNr_Mn,-401.33576000000005
ID_nIlsNr_Zn,-17.231404
ID_nIlsNr_Cu,-4.087275999999999
ID_nIlsNr_B,-0.9838159999999997
ID_82Jhal_N,-5919.9619999999995
ID_82Jhal_P,9.73882600000001
ID_82Jhal_K,-734.5704000000001
ID_82Jhal_Ca,-3714.0168
ID_82Jhal_Mg,-707.9906
ID_82Jhal_S,-16.055188000000005
ID_82Jhal_Fe,-485.92038
ID_82Jhal_Mn,-401.76248
ID_82Jhal_Zn,-18.63824
ID_82Jhal_Cu,-4.377629999999997
ID_82Jhal_B,-0.9379040000000002
ID_9HDncr_N,-5641.030000000001
ID_9HDncr_P,2.5347379999999973
ID_9HDncr_K,-603.4824000000001
ID_9HDncr_Ca,-3286.2092000000007
ID_9HDncr_Mg,-562.4842000000001
ID_9HDncr_S,-20.017877999999996
ID_9HDncr_Fe,-507.3340200000002
ID_9HDncr_Mn,-405.4811200000001
ID_9HDncr_Zn,-17.612904000000004
ID_9HDncr_Cu,-4.090021999999999
ID_9HDncr_B,-1.0777979999999998
ID_K6ALMT_N,-5131.28
ID_K6ALMT_P,0.15352000000000032
ID_K6ALMT_K,-1219.8560000000002
ID_K6ALMT_Ca,-11930.063999999998
ID_K6ALMT_Mg,-2291.8
ID_K6ALMT_S,-17.683919999999986
ID_K6ALMT_Fe,-436.09839999999997
ID_K6ALMT_Mn,-456.21439999999996
ID_K6ALMT_Zn,-10.6376
ID_K6ALMT_Cu,-7.97632
ID_K6ALMT_B,-1.5743200000000006
ID_5xYRZQ_N,-5492.608
ID_5xYRZQ_P,-52.83881600000001
ID_5xYRZQ_K,-1179.0592000000004
ID_5xYRZQ_Ca,-9976.092800000002
ID_5xYRZQ_Mg,-1674.2624000000005
ID_5xYRZQ_S,-12.344768000000002
ID_5xYRZQ_Fe,-453.36672
ID_5xYRZQ_Mn,-449.2620800000001
ID_5xYRZQ_Zn,-11.305344
ID_5xYRZQ_Cu,-5.890111999999999
ID_5xYRZQ_B,-1.455968
ID_k3lBci_N,-5780.880000000001
ID_k3lBci_P,-41.509759999999986
ID_k3lBci_K,-1110.9048
ID_k3lBci_Ca,-5700.912400000001
ID_k3lBci_Mg,-892.2368000000001
ID_k3lBci_S,-17.123499999999993
ID_k3lBci_Fe,-444.5441600000001
ID_k3lBci_Mn,-416.5616000000001
ID_k3lBci_Zn,-14.850008
ID_k3lBci_Cu,-3.6219359999999994
ID_k3lBci_B,-0.8964720000000005
ID_vARPIX_N,-6788.8
ID_vARPIX_P,-32.20072800000001
ID_vARPIX_K,-1163.9822000000001
ID_vARPIX_Ca,-5966.759000000001
ID_vARPIX_Mg,-972.4114000000002
ID_vARPIX_S,-16.868432
ID_vARPIX_Fe,-459.63125999999994
ID_vARPIX_Mn,-448.28760000000005
ID_vARPIX_Zn,-15.87588
ID_vARPIX_Cu,-4.151498000000002
ID_vARPIX_B,-1.0243879999999999
ID_oZ5y3h_N,-7014.8780000000015
ID_oZ5y3h_P,-65.39805199999999
ID_oZ5y3h_K,-1265.6588000000002
ID_oZ5y3h_Ca,-6693.066000000001
ID_oZ5y3h_Mg,-1023.7006000000001
ID_oZ5y3h_S,-10.486158000000007
ID_oZ5y3h_Fe,-572.0710000000001
ID_oZ5y3h_Mn,-390.09800000000007
ID_oZ5y3h_Zn,-15.934982000000007
ID_oZ5y3h_Cu,-3.2518780000000023
ID_oZ5y3h_B,-0.7611580000000006
ID_H6LcpA_N,-3998.848
ID_H6LcpA_P,-14.283068000000007
ID_H6LcpA_K,-1374.9740000000002
ID_H6LcpA_Ca,-14600.742400000001
ID_H6LcpA_Mg,-4037.2287999999994
ID_H6LcpA_S,-16.40377999999998
ID_H6LcpA_Fe,-384.67767999999995
ID_H6LcpA_Mn,-424.47788
ID_H6LcpA_Zn,-6.2559080000000025
ID_H6LcpA_Cu,-6.784656000000001
ID_H6LcpA_B,-1.6088160000000002
ID_JHUVw9_N,-5496.956000000001
ID_JHUVw9_P,-21.672874000000007
ID_JHUVw9_K,-660.9196000000001
ID_JHUVw9_Ca,-3349.2766000000006
ID_JHUVw9_Mg,-511.37800000000004
ID_JHUVw9_S,-29.535045999999973
ID_JHUVw9_Fe,-421.87996000000004
ID_JHUVw9_Mn,-439.11962000000005
ID_JHUVw9_Zn,-17.428554000000005
ID_JHUVw9_Cu,-3.437358000000001
ID_JHUVw9_B,-0.7040960000000006
ID_jE0AcJ_N,-5499.344000000001
ID_jE0AcJ_P,-28.74248399999999
ID_jE0AcJ_K,-1167.3604
ID_jE0AcJ_Ca,-5733.200000000001
ID_jE0AcJ_Mg,-1012.5680000000001
ID_jE0AcJ_S,-9.472632000000004
ID_jE0AcJ_Fe,-502.1424400000001
ID_jE0AcJ_Mn,-477.11516000000006
ID_jE0AcJ_Zn,-13.565924000000004
ID_jE0AcJ_Cu,-3.3162320000000007
ID_jE0AcJ_B,-0.9369639999999994
ID_1qckjJ_N,-5827.376
ID_1qckjJ_P,18.799808000000002
ID_1qckjJ_K,-687.1904000000001
ID_1qckjJ_Ca,-4322.304
ID_1qckjJ_Mg,-1072.456
ID_1qckjJ_S,-10.259744000000012
ID_1qckjJ_Fe,-481.00079999999997
ID_1qckjJ_Mn,-395.08704000000006
ID_1qckjJ_Zn,-11.933984000000008
ID_1qckjJ_Cu,-3.531728
ID_1qckjJ_B,-0.6500800000000001
ID_iPS9tT_N,-5428.400000000001
ID_iPS9tT_P,22.3292
ID_iPS9tT_K,-637.2600000000001
ID_iPS9tT_Ca,-3495.22
ID_iPS9tT_Mg,-696.2200000000001
ID_iPS9tT_S,-8.912200000000002
ID_iPS9tT_Fe,-482.104
ID_iPS9tT_Mn,-363.55600000000015
ID_iPS9tT_Zn,-16.258399999999998
ID_iPS9tT_Cu,-4.3164
ID_iPS9tT_B,-0.8268000000000001
ID_3MEIJB_N,-5496.620000000001
ID_3MEIJB_P,-43.198052000000004
ID_3MEIJB_K,-1761.7844000000002
ID_3MEIJB_Ca,-9452.859000000002
ID_3MEIJB_Mg,-1365.2476000000004
ID_3MEIJB_S,-7.469622000000001
ID_3MEIJB_Fe,-454.80393999999995
ID_3MEIJB_Mn,-456.26066000000014
ID_3MEIJB_Zn,-18.263984000000004
ID_3MEIJB_Cu,-7.074718
ID_3MEIJB_B,-1.305946
ID_dhxzDx_N,-6024.800000000001
ID_dhxzDx_P,26.757540000000002
ID_dhxzDx_K,-851.8700000000001
ID_dhxzDx_Ca,-6552.6680000000015
ID_dhxzDx_Mg,-1267.8680000000004
ID_dhxzDx_S,-11.644719999999989
ID_dhxzDx_Fe,-454.8486000000001
ID_dhxzDx_Mn,-431.32140000000004
ID_dhxzDx_Zn,-10.557540000000007
ID_dhxzDx_Cu,-4.628119999999997
ID_dhxzDx_B,-1.07434
ID_OakYUi_N,-6439.626
ID_OakYUi_P,-26.78790199999999
ID_OakYUi_K,-1135.593
ID_OakYUi_Ca,-4980.149200000001
ID_OakYUi_Mg,-837.6638000000002
ID_OakYUi_S,-8.447914000000019
ID_OakYUi_Fe,-570.3381800000001
ID_OakYUi_Mn,-433.52780000000007
ID_OakYUi_Zn,-13.313762000000006
ID_OakYUi_Cu,-3.445276000000001
ID_OakYUi_B,-0.5418840000000005
ID_oVw6i9_N,-6014.836
ID_oVw6i9_P,-26.877139999999983
ID_oVw6i9_K,-1147.8552
ID_oVw6i9_Ca,-4248.162200000001
ID_oVw6i9_Mg,-766.5944000000001
ID_oVw6i9_S,-13.947072000000006
ID_oVw6i9_Fe,-580.4154400000001
ID_oVw6i9_Mn,-446.7958
ID_oVw6i9_Zn,-12.77576600000001
ID_oVw6i9_Cu,-3.6806759999999996
ID_oVw6i9_B,-0.6418220000000008
ID_QPuDvR_N,-5705.563999999999
ID_QPuDvR_P,-15.156847999999982
ID_QPuDvR_K,-1167.8911999999998
ID_QPuDvR_Ca,-11050.9476
ID_QPuDvR_Mg,-1724.6632000000002
ID_QPuDvR_S,-9.627624000000008
ID_QPuDvR_Fe,-511.7895999999999
ID_QPuDvR_Mn,-452.2620799999999
ID_QPuDvR_Zn,-16.188596000000008
ID_QPuDvR_Cu,-6.441184
ID_QPuDvR_B,-1.4341479999999995
ID_totEmh_N,-6551.834000000002
ID_totEmh_P,-32.51595599999999
ID_totEmh_K,-1238.451
ID_totEmh_Ca,-5678.977200000001
ID_totEmh_Mg,-982.4830000000001
ID_totEmh_S,-10.614230000000006
ID_totEmh_Fe,-442.70792
ID_totEmh_Mn,-463.2860000000001
ID_totEmh_Zn,-16.400388000000003
ID_totEmh_Cu,-3.4166200000000018
ID_totEmh_B,-0.8901000000000001
ID_GnqDAG_N,-5814.994000000001
ID_GnqDAG_P,2.951771999999984
ID_GnqDAG_K,-968.2618000000002
ID_GnqDAG_Ca,-6717.180400000002
ID_GnqDAG_Mg,-1169.1128000000003
ID_GnqDAG_S,-8.229745999999999
ID_GnqDAG_Fe,-470.08653999999996
ID_GnqDAG_Mn,-409.6253000000001
ID_GnqDAG_Zn,-18.264069999999997
ID_GnqDAG_Cu,-5.722406000000001
ID_GnqDAG_B,-1.5181579999999997
ID_d2CEsT_N,-5647.280000000001
ID_d2CEsT_P,6.468920000000004
ID_d2CEsT_K,-756.214
ID_d2CEsT_Ca,-6297.688000000002
ID_d2CEsT_Mg,-1216.0140000000001
ID_d2CEsT_S,-10.770220000000009
ID_d2CEsT_Fe,-482.2628000000001
ID_d2CEsT_Mn,-435.3694000000001
ID_d2CEsT_Zn,-15.9262
ID_d2CEsT_Cu,-5.881019999999999
ID_d2CEsT_B,-0.8237600000000006
ID_8ksI5L_N,-5562.226000000001
ID_8ksI5L_P,-40.75054599999997
ID_8ksI5L_K,-1250.2756
ID_8ksI5L_Ca,-5742.481400000001
ID_8ksI5L_Mg,-992.8138000000001
ID_8ksI5L_S,-9.583184000000003
ID_8ksI5L_Fe,-502.3653600000002
ID_8ksI5L_Mn,-451.2363000000001
ID_8ksI5L_Zn,-17.400734000000003
ID_8ksI5L_Cu,-3.5664000000000007
ID_8ksI5L_B,-0.9681719999999995
ID_TcPf6e_N,-6598.808000000001
ID_TcPf6e_P,-33.74974400000001
ID_TcPf6e_K,-1167.4712000000004
ID_TcPf6e_Ca,-6071.7696000000005
ID_TcPf6e_Mg,-953.0704000000001
ID_TcPf6e_S,-17.748167999999993
ID_TcPf6e_Fe,-450.1237600000001
ID_TcPf6e_Mn,-458.7944000000001
ID_TcPf6e_Zn,-15.464119999999998
ID_TcPf6e_Cu,-3.8677120000000027
ID_TcPf6e_B,-0.7408000000000007
ID_d6ck3t_N,-5835.704000000001
ID_d6ck3t_P,-25.667268000000007
ID_d6ck3t_K,-1119.2050000000002
ID_d6ck3t_Ca,-8627.209200000001
ID_d6ck3t_Mg,-1580.1082000000001
ID_d6ck3t_S,-14.739007999999991
ID_d6ck3t_Fe,-436.8786
ID_d6ck3t_Mn,-430.29606000000007
ID_d6ck3t_Zn,-16.733492000000002
ID_d6ck3t_Cu,-5.521409999999999
ID_d6ck3t_B,-1.4263799999999993
ID_9rSWYg_N,-5709.664000000001
ID_9rSWYg_P,-6.59872
ID_9rSWYg_K,-938.7968000000001
ID_9rSWYg_Ca,-6804.7232
ID_9rSWYg_Mg,-1494.3008000000002
ID_9rSWYg_S,-17.631839999999997
ID_9rSWYg_Fe,-461.17983999999996
ID_9rSWYg_Mn,-444.07424000000003
ID_9rSWYg_Zn,-15.284479999999997
ID_9rSWYg_Cu,-5.722111999999997
ID_9rSWYg_B,-1.232639999999999
ID_EiMp0f_N,-5376.832
ID_EiMp0f_P,-0.9165279999999996
ID_EiMp0f_K,-1200.9704000000002
ID_EiMp0f_Ca,-14941.7552
ID_EiMp0f_Mg,-2915.5728
ID_EiMp0f_S,-18.665447999999998
ID_EiMp0f_Fe,-470.74968
ID_EiMp0f_Mn,-449.7646400000001
ID_EiMp0f_Zn,-10.736688
ID_EiMp0f_Cu,-8.538528000000001
ID_EiMp0f_B,-1.5915199999999996
ID_x7BSWW_N,-5726.0
ID_x7BSWW_P,-10.616500000000002
ID_x7BSWW_K,-1198.4750000000001
ID_x7BSWW_Ca,-15039.575
ID_x7BSWW_Mg,-3592.0
ID_x7BSWW_S,-19.5215
ID_x7BSWW_Fe,-462.4375
ID_x7BSWW_Mn,-445.67500000000007
ID_x7BSWW_Zn,-6.602250000000003
ID_x7BSWW_Cu,-7.22225
ID_x7BSWW_B,-1.3989999999999991
ID_22vRyd_N,-5779.864000000001
ID_22vRyd_P,-22.46638599999998
ID_22vRyd_K,-1158.4482000000003
ID_22vRyd_Ca,-5829.986000000001
ID_22vRyd_Mg,-940.1270000000001
ID_22vRyd_S,-10.645266000000007
ID_22vRyd_Fe,-418.0536400000001
ID_22vRyd_Mn,-444.23850000000004
ID_22vRyd_Zn,-17.263132
ID_22vRyd_Cu,-3.767131999999998
ID_22vRyd_B,-0.6033020000000003
ID_yXLaH0_N,-6844.400000000001
ID_yXLaH0_P,-1.2620480000000214
ID_yXLaH0_K,-641.1440000000001
ID_yXLaH0_Ca,-3469.9200000000005
ID_yXLaH0_Mg,-514.936
ID_yXLaH0_S,-16.469879999999996
ID_yXLaH0_Fe,-520.0904800000002
ID_yXLaH0_Mn,-395.2688000000001
ID_yXLaH0_Zn,-18.78944
ID_yXLaH0_Cu,-3.972255999999999
ID_yXLaH0_B,-0.8194240000000004
ID_RnzSAi_N,-4730.84
ID_RnzSAi_P,27.757983999999997
ID_RnzSAi_K,-771.3056000000001
ID_RnzSAi_Ca,-4001.4528
ID_RnzSAi_Mg,-773.0776000000002
ID_RnzSAi_S,-11.920704000000008
ID_RnzSAi_Fe,-433.80928000000006
ID_RnzSAi_Mn,-425.8954400000001
ID_RnzSAi_Zn,-14.183456000000005
ID_RnzSAi_Cu,-3.0309279999999994
ID_RnzSAi_B,-0.7950160000000004
ID_uztx8N_N,-4831.496000000001
ID_uztx8N_P,23.071863999999994
ID_uztx8N_K,-683.6744
ID_uztx8N_Ca,-3252.0840000000007
ID_uztx8N_Mg,-543.5344000000001
ID_uztx8N_S,-11.346360000000011
ID_uztx8N_Fe,-457.26688000000007
ID_uztx8N_Mn,-396.73112000000003
ID_uztx8N_Zn,-13.869824
ID_uztx8N_Cu,-3.2631280000000005
ID_uztx8N_B,-0.5770720000000004
ID_Pj3BK8_N,-4863.5560000000005
ID_Pj3BK8_P,22.852591999999998
ID_Pj3BK8_K,-743.4028000000001
ID_Pj3BK8_Ca,-2966.7272
ID_Pj3BK8_Mg,-525.922
ID_Pj3BK8_S,-11.977200000000007
ID_Pj3BK8_Fe,-430.53096000000005
ID_Pj3BK8_Mn,-386.16080000000005
ID_Pj3BK8_Zn,-14.7898
ID_Pj3BK8_Cu,-2.678324000000001
ID_Pj3BK8_B,-0.728992
ID_62iCUM_N,-5463.786
ID_62iCUM_P,-48.26622600000003
ID_62iCUM_K,-1460.7446
ID_62iCUM_Ca,-7158.091400000002
ID_62iCUM_Mg,-1072.8712000000003
ID_62iCUM_S,-10.00626200000001
ID_62iCUM_Fe,-477.4258
ID_62iCUM_Mn,-388.73546000000016
ID_62iCUM_Zn,-16.769862000000014
ID_62iCUM_Cu,-4.509284
ID_62iCUM_B,-1.7321520000000004
ID_WY9iUp_N,-5677.994000000001
ID_WY9iUp_P,7.978497999999988
ID_WY9iUp_K,-984.6290000000001
ID_WY9iUp_Ca,-7008.328200000001
ID_WY9iUp_Mg,-1918.2718000000004
ID_WY9iUp_S,-11.925828
ID_WY9iUp_Fe,-468.17055999999997
ID_WY9iUp_Mn,-422.7075800000002
ID_WY9iUp_Zn,-9.446143999999999
ID_WY9iUp_Cu,-5.051632000000001
ID_WY9iUp_B,-1.1569839999999998
ID_0oTv9p_N,-5966.372000000001
ID_0oTv9p_P,-6.619778000000025
ID_0oTv9p_K,-1054.1594000000002
ID_0oTv9p_Ca,-7881.1878
ID_0oTv9p_Mg,-1239.1738000000003
ID_0oTv9p_S,-12.250836
ID_0oTv9p_Fe,-497.0083600000001
ID_0oTv9p_Mn,-391.6120400000001
ID_0oTv9p_Zn,-14.251555999999994
ID_0oTv9p_Cu,-4.176285999999999
ID_0oTv9p_B,-1.4917600000000002
ID_LTFfLE_N,-5925.320000000001
ID_LTFfLE_P,19.089687999999995
ID_LTFfLE_K,-793.4024
ID_LTFfLE_Ca,-6170.5896
ID_LTFfLE_Mg,-1140.0832
ID_LTFfLE_S,-9.116808000000002
ID_LTFfLE_Fe,-511.75288000000006
ID_LTFfLE_Mn,-409.3412000000002
ID_LTFfLE_Zn,-12.865639999999999
ID_LTFfLE_Cu,-5.017479999999998
ID_LTFfLE_B,-0.7341039999999998
ID_uwlIMs_N,-5583.8240000000005
ID_uwlIMs_P,1.5003759999999886
ID_uwlIMs_K,-825.8024
ID_uwlIMs_Ca,-4354.418400000001
ID_uwlIMs_Mg,-892.0072
ID_uwlIMs_S,-10.61412
ID_uwlIMs_Fe,-405.75088
ID_uwlIMs_Mn,-391.2922400000001
ID_uwlIMs_Zn,-14.52236
ID_uwlIMs_Cu,-3.4393839999999996
ID_uwlIMs_B,-0.8710480000000002
ID_pGD3YY_N,-6858.872
ID_pGD3YY_P,18.205167999999986
ID_pGD3YY_K,-545.9096000000001
ID_pGD3YY_Ca,-3248.7360000000003
ID_pGD3YY_Mg,-481.90960000000007
ID_pGD3YY_S,-17.922912000000004
ID_pGD3YY_Fe,-523.7646400000001
ID_pGD3YY_Mn,-453.94304000000005
ID_pGD3YY_Zn,-15.313784000000002
ID_pGD3YY_Cu,-3.0317920000000016
ID_pGD3YY_B,-0.6518080000000003
ID_DkDIIY_N,-5985.908
ID_DkDIIY_P,-62.13909199999996
ID_DkDIIY_K,-1083.1748
ID_DkDIIY_Ca,-7421.958600000002
ID_DkDIIY_Mg,-1218.7942000000003
ID_DkDIIY_S,-11.243177999999997
ID_DkDIIY_Fe,-426.71205999999995
ID_DkDIIY_Mn,-417.72590000000014
ID_DkDIIY_Zn,-18.044204000000015
ID_DkDIIY_Cu,-3.8628220000000004
ID_DkDIIY_B,-1.931763999999999
ID_FZjRkN_N,-5591.1680000000015
ID_FZjRkN_P,-29.062112
ID_FZjRkN_K,-1032.1376
ID_FZjRkN_Ca,-9249.638400000002
ID_FZjRkN_Mg,-1190.6912000000002
ID_FZjRkN_S,-7.5666240000000045
ID_FZjRkN_Fe,-503.95487999999995
ID_FZjRkN_Mn,-422.09536000000014
ID_FZjRkN_Zn,-16.422848000000005
ID_FZjRkN_Cu,-4.921984000000001
ID_FZjRkN_B,-1.6813119999999995
ID_lxPdfM_N,-5381.610000000001
ID_lxPdfM_P,-4.165056000000014
ID_lxPdfM_K,-620.0722000000001
ID_lxPdfM_Ca,-4619.322800000001
ID_lxPdfM_Mg,-717.5258000000001
ID_lxPdfM_S,-11.428896000000002
ID_lxPdfM_Fe,-506.24838
ID_lxPdfM_Mn,-431.15280000000007
ID_lxPdfM_Zn,-14.861090000000003
ID_lxPdfM_Cu,-2.5853860000000006
ID_lxPdfM_B,-0.7961420000000006
ID_DzMFM0_N,-5655.05
ID_DzMFM0_P,-20.67824000000001
ID_DzMFM0_K,-902.408
ID_DzMFM0_Ca,-6223.383000000001
ID_DzMFM0_Mg,-957.2860000000001
ID_DzMFM0_S,-10.31796
ID_DzMFM0_Fe,-464.46969999999993
ID_DzMFM0_Mn,-406.05500000000006
ID_DzMFM0_Zn,-14.571529999999996
ID_DzMFM0_Cu,-4.12033
ID_DzMFM0_B,-1.50697
ID_OcbH1y_N,-5447.528000000001
ID_OcbH1y_P,-86.08481600000003
ID_OcbH1y_K,-1198.1432000000002
ID_OcbH1y_Ca,-7843.423200000001
ID_OcbH1y_Mg,-983.7640000000001
ID_OcbH1y_S,-10.537008000000007
ID_OcbH1y_Fe,-482.75704000000013
ID_OcbH1y_Mn,-406.27184000000005
ID_OcbH1y_Zn,-14.628415999999996
ID_OcbH1y_Cu,-4.0770159999999995
ID_OcbH1y_B,-1.6978960000000005
ID_TBniqk_N,-4693.46
ID_TBniqk_P,-40.63664
ID_TBniqk_K,-737.705
ID_TBniqk_Ca,-2977.434
ID_TBniqk_Mg,-570.319
ID_TBniqk_S,-12.107790000000008
ID_TBniqk_Fe,-470.86000000000007
ID_TBniqk_Mn,-437.5928000000001
ID_TBniqk_Zn,-11.66849000000001
ID_TBniqk_Cu,-2.9844399999999984
ID_TBniqk_B,-0.6151000000000001
ID_QuWjXA_N,-4711.31
ID_QuWjXA_P,-20.301919999999974
ID_QuWjXA_K,-1097.393
ID_QuWjXA_Ca,-6858.318000000001
ID_QuWjXA_Mg,-1029.295
ID_QuWjXA_S,-7.924799999999994
ID_QuWjXA_Fe,-402.8998000000001
ID_QuWjXA_Mn,-435.75110000000006
ID_QuWjXA_Zn,-15.510650000000004
ID_QuWjXA_Cu,-2.7106000000000003
ID_QuWjXA_B,-1.4483799999999998
ID_mPocW8_N,-6742.376
ID_mPocW8_P,22.171537999999998
ID_mPocW8_K,-927.258
ID_mPocW8_Ca,-4741.887399999999
ID_mPocW8_Mg,-973.7891999999998
ID_mPocW8_S,-12.069678000000003
ID_mPocW8_Fe,-660.88054
ID_mPocW8_Mn,-466.177
ID_mPocW8_Zn,-14.86584799999999
ID_mPocW8_Cu,-3.8187320000000007
ID_mPocW8_B,-0.7021860000000004
ID_QHKFb6_N,-5058.860000000001
ID_QHKFb6_P,2.3360800000000026
ID_QHKFb6_K,-760.9310000000002
ID_QHKFb6_Ca,-4367.886
ID_QHKFb6_Mg,-726.58
ID_QHKFb6_S,-9.12369000000001
ID_QHKFb6_Fe,-439.0702000000001
ID_QHKFb6_Mn,-385.43510000000003
ID_QHKFb6_Zn,-14.831929999999998
ID_QHKFb6_Cu,-2.8401699999999996
ID_QHKFb6_B,-0.9042699999999998
ID_Xru3Mz_N,-4987.8
ID_Xru3Mz_P,-50.68360000000001
ID_Xru3Mz_K,-1037.22
ID_Xru3Mz_Ca,-7647.640000000001
ID_Xru3Mz_Mg,-1083.66
ID_Xru3Mz_S,-9.442800000000002
ID_Xru3Mz_Fe,-374.71400000000006
ID_Xru3Mz_Mn,-392.374
ID_Xru3Mz_Zn,-14.233400000000001
ID_Xru3Mz_Cu,-2.7656000000000014
ID_Xru3Mz_B,-1.532399999999999
ID_QkBf31_N,-6194.330000000001
ID_QkBf31_P,21.75163
ID_QkBf31_K,-1051.382
ID_QkBf31_Ca,-5398.818
ID_QkBf31_Mg,-890.0020000000001
ID_QkBf31_S,-14.719139999999996
ID_QkBf31_Fe,-566.9056000000002
ID_QkBf31_Mn,-417.07370000000003
ID_QkBf31_Zn,-15.456050000000003
ID_QkBf31_Cu,-3.4193500000000006
ID_QkBf31_B,-0.7348000000000005
ID_o7zqzl_N,-5556.448
ID_o7zqzl_P,-28.270065999999986
ID_o7zqzl_K,-950.2476000000001
ID_o7zqzl_Ca,-4693.6246
ID_o7zqzl_Mg,-971.6706000000003
ID_o7zqzl_S,-8.97842000000001
ID_o7zqzl_Fe,-597.4156000000002
ID_o7zqzl_Mn,-421.09440000000006
ID_o7zqzl_Zn,-10.527268000000005
ID_o7zqzl_Cu,-2.8561340000000013
ID_o7zqzl_B,-0.5142780000000003
ID_H0la64_N,-5877.124000000001
ID_H0la64_P,-46.42348399999997
ID_H0la64_K,-727.4590000000001
ID_H0la64_Ca,-5111.872
ID_H0la64_Mg,-852.9692000000001
ID_H0la64_S,-10.375520000000009
ID_H0la64_Fe,-674.3067600000002
ID_H0la64_Mn,-445.62146000000007
ID_H0la64_Zn,-15.093478
ID_H0la64_Cu,-3.5779400000000026
ID_H0la64_B,-0.6500820000000004
ID_9iduZC_N,-4893.8
ID_9iduZC_P,-46.161599999999964
ID_9iduZC_K,-999.2
ID_9iduZC_Ca,-5687.260000000001
ID_9iduZC_Mg,-970.56
ID_9iduZC_S,-7.234999999999999
ID_9iduZC_Fe,-473.13800000000003
ID_9iduZC_Mn,-405.2280000000001
ID_9iduZC_Zn,-14.368599999999999
ID_9iduZC_Cu,-2.5876000000000006
ID_9iduZC_B,-1.1999999999999984
ID_QM627n_N,-5955.776000000001
ID_QM627n_P,-16.538216000000027
ID_QM627n_K,-887.9456000000002
ID_QM627n_Ca,-6135.468000000001
ID_QM627n_Mg,-984.6496000000002
ID_QM627n_S,-9.647088
ID_QM627n_Fe,-498.7
ID_QM627n_Mn,-384.29384000000016
ID_QM627n_Zn,-15.27404
ID_QM627n_Cu,-4.195383999999998
ID_QM627n_B,-1.6130079999999989
ID_od5EeX_N,-5310.8
ID_od5EeX_P,12.400816000000006
ID_od5EeX_K,-756.5312
ID_od5EeX_Ca,-4195.010400000001
ID_od5EeX_Mg,-715.0600000000001
ID_od5EeX_S,-17.02824
ID_od5EeX_Fe,-446.22064
ID_od5EeX_Mn,-429.08360000000005
ID_od5EeX_Zn,-14.068327999999998
ID_od5EeX_Cu,-3.261831999999999
ID_od5EeX_B,-0.8122960000000005
ID_f6F22h_N,-6073.064000000001
ID_f6F22h_P,-4.014319999999998
ID_f6F22h_K,-768.5192000000002
ID_f6F22h_Ca,-4453.9296
ID_f6F22h_Mg,-1124.2287999999999
ID_f6F22h_S,-12.23844
ID_f6F22h_Fe,-537.7441600000001
ID_f6F22h_Mn,-383.5486400000001
ID_f6F22h_Zn,-13.13564000000001
ID_f6F22h_Cu,-4.877727999999999
ID_f6F22h_B,-0.8181280000000004
ID_6L58bC_N,-4874.542000000001
ID_6L58bC_P,-57.180912000000006
ID_6L58bC_K,-1141.4628000000002
ID_6L58bC_Ca,-7812.674000000001
ID_6L58bC_Mg,-1239.0472
ID_6L58bC_S,-10.757892000000002
ID_6L58bC_Fe,-446.1763
ID_6L58bC_Mn,-426.01236000000006
ID_6L58bC_Zn,-16.303596000000006
ID_6L58bC_Cu,-3.360376
ID_6L58bC_B,-2.005824
ID_XNKVbn_N,-5762.238000000001
ID_XNKVbn_P,-4.221081999999996
ID_XNKVbn_K,-609.9570000000001
ID_XNKVbn_Ca,-3022.3856000000005
ID_XNKVbn_Mg,-537.5668000000001
ID_XNKVbn_S,-19.371072000000005
ID_XNKVbn_Fe,-553.0682400000002
ID_XNKVbn_Mn,-451.5597800000001
ID_XNKVbn_Zn,-12.925032000000002
ID_XNKVbn_Cu,-3.0630240000000013
ID_XNKVbn_B,-0.6943360000000005
ID_UpUffb_N,-5734.18
ID_UpUffb_P,-34.833439999999996
ID_UpUffb_K,-938.2200000000001
ID_UpUffb_Ca,-4746.512000000001
ID_UpUffb_Mg,-945.5900000000001
ID_UpUffb_S,-10.089540000000007
ID_UpUffb_Fe,-511.92980000000006
ID_UpUffb_Mn,-435.0064000000001
ID_UpUffb_Zn,-10.546980000000008
ID_UpUffb_Cu,-3.2973399999999997
ID_UpUffb_B,-0.6059600000000003
ID_kavkuy_N,-5493.724
ID_kavkuy_P,-34.32418199999999
ID_kavkuy_K,-589.6282000000001
ID_kavkuy_Ca,-3184.3578
ID_kavkuy_Mg,-561.0956
ID_kavkuy_S,-11.475760000000005
ID_kavkuy_Fe,-550.2108600000001
ID_kavkuy_Mn,-390.28106
ID_kavkuy_Zn,-13.479868000000005
ID_kavkuy_Cu,-3.525921999999999
ID_kavkuy_B,-0.5923840000000001
ID_TgrKjB_N,-5351.888000000001
ID_TgrKjB_P,0.9696319999999901
ID_TgrKjB_K,-880.5264000000002
ID_TgrKjB_Ca,-5935.448
ID_TgrKjB_Mg,-1005.6256
ID_TgrKjB_S,-7.192991999999997
ID_TgrKjB_Fe,-395.01984000000004
ID_TgrKjB_Mn,-397.92624
ID_TgrKjB_Zn,-15.21143999999999
ID_TgrKjB_Cu,-2.5961440000000002
ID_TgrKjB_B,-0.8077440000000001
ID_ngAqLH_N,-6795.584000000002
ID_ngAqLH_P,20.180487999999997
ID_ngAqLH_K,-528.5
ID_ngAqLH_Ca,-3305.9976000000006
ID_ngAqLH_Mg,-533.3608000000002
ID_ngAqLH_S,-17.74622400000001
ID_ngAqLH_Fe,-628.0494400000001
ID_ngAqLH_Mn,-434.01488000000006
ID_ngAqLH_Zn,-14.508752
ID_ngAqLH_Cu,-3.799240000000002
ID_ngAqLH_B,-0.7183360000000004
ID_TDvFjQ_N,-6032.598000000001
ID_TDvFjQ_P,-8.14208200000001
ID_TDvFjQ_K,-934.7754000000001
ID_TDvFjQ_Ca,-6315.723200000001
ID_TDvFjQ_Mg,-1201.742
ID_TDvFjQ_S,-10.750982000000008
ID_TDvFjQ_Fe,-475.43131999999997
ID_TDvFjQ_Mn,-402.47640000000007
ID_TDvFjQ_Zn,-13.113672
ID_TDvFjQ_Cu,-3.279212
ID_TDvFjQ_B,-1.331543999999999
ID_FhsEC2_N,-5602.84
ID_FhsEC2_P,23.91052
ID_FhsEC2_K,-874.2880000000004
ID_FhsEC2_Ca,-5757.852000000001
ID_FhsEC2_Mg,-1128.1680000000003
ID_FhsEC2_S,-8.634240000000005
ID_FhsEC2_Fe,-482.5532
ID_FhsEC2_Mn,-443.26520000000005
ID_FhsEC2_Zn,-9.39836
ID_FhsEC2_Cu,-4.736579999999999
ID_FhsEC2_B,-0.92386
ID_R6hjLq_N,-6863.408
ID_R6hjLq_P,19.889319999999994
ID_R6hjLq_K,-534.3320000000001
ID_R6hjLq_Ca,-3214.0464
ID_R6hjLq_Mg,-539.1928000000001
ID_R6hjLq_S,-18.386880000000005
ID_R6hjLq_Fe,-647.8566400000002
ID_R6hjLq_Mn,-449.5820000000001
ID_R6hjLq_Zn,-14.451512
ID_R6hjLq_Cu,-4.172704000000001
ID_R6hjLq_B,-0.6639040000000006
ID_81e3cO_N,-5136.14
ID_81e3cO_P,-69.38711000000004
ID_81e3cO_K,-1306.0490000000002
ID_81e3cO_Ca,-6411.186000000001
ID_81e3cO_Mg,-1085.827
ID_81e3cO_S,-7.677
ID_81e3cO_Fe,-438.73420000000016
ID_81e3cO_Mn,-421.2464000000001
ID_81e3cO_Zn,-16.82672000000001
ID_81e3cO_Cu,-2.787040000000001
ID_81e3cO_B,-1.7736700000000003
ID_TMmeFq_N,-5252.91
ID_TMmeFq_P,26.858848000000002
ID_TMmeFq_K,-649.533
ID_TMmeFq_Ca,-3815.4182
ID_TMmeFq_Mg,-739.3268
ID_TMmeFq_S,-11.182004000000003
ID_TMmeFq_Fe,-497.86420000000015
ID_TMmeFq_Mn,-417.55958000000015
ID_TMmeFq_Zn,-13.654349999999997
ID_TMmeFq_Cu,-3.497082
ID_TMmeFq_B,-0.6057740000000004
ID_HtIqZZ_N,-5306.182000000001
ID_HtIqZZ_P,2.0076139999999967
ID_HtIqZZ_K,-760.922
ID_HtIqZZ_Ca,-3642.813600000001
ID_HtIqZZ_Mg,-594.9662
ID_HtIqZZ_S,-11.916780000000006
ID_HtIqZZ_Fe,-446.6668000000001
ID_HtIqZZ_Mn,-392.85456000000016
ID_HtIqZZ_Zn,-14.146921999999998
ID_HtIqZZ_Cu,-3.3093639999999978
ID_HtIqZZ_B,-0.8292780000000004
ID_M19KOh_N,-5877.976000000001
ID_M19KOh_P,12.993956000000008
ID_M19KOh_K,-617.7716
ID_M19KOh_Ca,-3062.8056000000006
ID_M19KOh_Mg,-537.9212000000001
ID_M19KOh_S,-18.890095999999996
ID_M19KOh_Fe,-491.7777600000001
ID_M19KOh_Mn,-409.76700000000005
ID_M19KOh_Zn,-13.389328000000004
ID_M19KOh_Cu,-3.508516000000001
ID_M19KOh_B,-0.7105480000000003
ID_L4FLIM_N,-5538.896000000001
ID_L4FLIM_P,20.262135999999998
ID_L4FLIM_K,-578.0720000000001
ID_L4FLIM_Ca,-3447.2616000000003
ID_L4FLIM_Mg,-628.1416
ID_L4FLIM_S,-12.844968000000016
ID_L4FLIM_Fe,-578.9742400000001
ID_L4FLIM_Mn,-438.65888000000007
ID_L4FLIM_Zn,-13.873711999999998
ID_L4FLIM_Cu,-3.830344000000001
ID_L4FLIM_B,-0.6485680000000004
ID_1qOx5X_N,-4857.404
ID_1qOx5X_P,4.142919999999997
ID_1qOx5X_K,-792.6212
ID_1qOx5X_Ca,-4057.4940000000006
ID_1qOx5X_Mg,-883.48
ID_1qOx5X_S,-7.961808000000005
ID_1qOx5X_Fe,-363.70107999999993
ID_1qOx5X_Mn,-378.42188
ID_1qOx5X_Zn,-12.821036000000001
ID_1qOx5X_Cu,-2.7832959999999978
ID_1qOx5X_B,-1.0519959999999995
ID_Ikq6yc_N,-5977.372
ID_Ikq6yc_P,4.097732000000008
ID_Ikq6yc_K,-581.3306
ID_Ikq6yc_Ca,-3107.4658
ID_Ikq6yc_Mg,-496.79800000000006
ID_Ikq6yc_S,-11.498660000000015
ID_Ikq6yc_Fe,-496.61692000000005
ID_Ikq6yc_Mn,-379.70744
ID_Ikq6yc_Zn,-14.016537999999997
ID_Ikq6yc_Cu,-3.5590180000000005
ID_Ikq6yc_B,-0.74416
ID_U2fB14_N,-5115.836
ID_U2fB14_P,5.094200000000001
ID_U2fB14_K,-708.868
ID_U2fB14_Ca,-4022.9112000000005
ID_U2fB14_Mg,-665.2696000000001
ID_U2fB14_S,-10.19131200000001
ID_U2fB14_Fe,-434.224
ID_U2fB14_Mn,-383.48112000000003
ID_U2fB14_Zn,-12.098460000000003
ID_U2fB14_Cu,-2.9952640000000006
ID_U2fB14_B,-0.7306880000000001
ID_tN6nIh_N,-6362.330000000001
ID_tN6nIh_P,2.437720000000006
ID_tN6nIh_K,-596.627
ID_tN6nIh_Ca,-3049.1910000000007
ID_tN6nIh_Mg,-486.88599999999997
ID_tN6nIh_S,-11.992290000000008
ID_tN6nIh_Fe,-520.3423000000003
ID_tN6nIh_Mn,-372.03290000000004
ID_tN6nIh_Zn,-12.53075000000001
ID_tN6nIh_Cu,-2.64676
ID_tN6nIh_B,-0.81502
ID_f1XcqE_N,-6693.752
ID_f1XcqE_P,22.927983999999988
ID_f1XcqE_K,-530.4524000000001
ID_f1XcqE_Ca,-3453.4152000000013
ID_f1XcqE_Mg,-577.2428
ID_f1XcqE_S,-13.620450000000002
ID_f1XcqE_Fe,-583.7430200000001
ID_f1XcqE_Mn,-420.08058000000017
ID_f1XcqE_Zn,-13.982986
ID_f1XcqE_Cu,-3.7440560000000027
ID_f1XcqE_B,-0.6808200000000005
ID_NUmehM_N,-6732.494000000001
ID_NUmehM_P,17.66480199999999
ID_NUmehM_K,-554.4818000000001
ID_NUmehM_Ca,-3331.9416000000006
ID_NUmehM_Mg,-471.2092000000002
ID_NUmehM_S,-17.930262000000006
ID_NUmehM_Fe,-542.2164400000001
ID_NUmehM_Mn,-434.14280000000014
ID_NUmehM_Zn,-14.373434000000001
ID_NUmehM_Cu,-2.9210980000000015
ID_NUmehM_B,-0.6073120000000002
ID_Q6IKYB_N,-4954.040000000001
ID_Q6IKYB_P,4.361139999999999
ID_Q6IKYB_K,-846.5566000000001
ID_Q6IKYB_Ca,-5818.5886
ID_Q6IKYB_Mg,-959.4588
ID_Q6IKYB_S,-9.473812000000002
ID_Q6IKYB_Fe,-394.8190200000001
ID_Q6IKYB_Mn,-402.51728000000014
ID_Q6IKYB_Zn,-14.401550000000004
ID_Q6IKYB_Cu,-3.1752179999999988
ID_Q6IKYB_B,-0.9978719999999998
ID_q4qsI4_N,-5413.59
ID_q4qsI4_P,0.5959080000000085
ID_q4qsI4_K,-926.0674000000001
ID_q4qsI4_Ca,-5906.483
ID_q4qsI4_Mg,-994.8286000000003
ID_q4qsI4_S,-8.253507999999997
ID_q4qsI4_Fe,-387.89522000000005
ID_q4qsI4_Mn,-373.54150000000016
ID_q4qsI4_Zn,-13.79257600000001
ID_q4qsI4_Cu,-3.303853999999999
ID_q4qsI4_B,-0.987286
ID_NxPvbO_N,-5344.6
ID_NxPvbO_P,3.9797999999999973
ID_NxPvbO_K,-793.84
ID_NxPvbO_Ca,-5477.46
ID_NxPvbO_Mg,-920.4000000000001
ID_NxPvbO_S,-8.263200000000001
ID_NxPvbO_Fe,-386.3
ID_NxPvbO_Mn,-387.4240000000001
ID_NxPvbO_Zn,-13.848799999999995
ID_NxPvbO_Cu,-2.854400000000001
ID_NxPvbO_B,-0.8540000000000001
ID_JNtGMy_N,-4920.236000000001
ID_JNtGMy_P,11.183572000000012
ID_JNtGMy_K,-709.328
ID_JNtGMy_Ca,-2855.2812
ID_JNtGMy_Mg,-540.1072
ID_JNtGMy_S,-18.092652
ID_JNtGMy_Fe,-415.44772000000006
ID_JNtGMy_Mn,-388.11188000000004
ID_JNtGMy_Zn,-12.347960000000002
ID_JNtGMy_Cu,-2.6900679999999997
ID_JNtGMy_B,-0.7237600000000002
ID_y4RbPS_N,-5235.234
ID_y4RbPS_P,1.9822579999999945
ID_y4RbPS_K,-646.7528000000001
ID_y4RbPS_Ca,-3169.388200000001
ID_y4RbPS_Mg,-567.4674000000001
ID_y4RbPS_S,-20.0679
ID_y4RbPS_Fe,-511.4068600000001
ID_y4RbPS_Mn,-424.6147
ID_y4RbPS_Zn,-14.346312000000001
ID_y4RbPS_Cu,-2.5650939999999993
ID_y4RbPS_B,-0.8842840000000006
ID_SYi9TX_N,-6073.024000000001
ID_SYi9TX_P,6.357040000000005
ID_SYi9TX_K,-942.4272
ID_SYi9TX_Ca,-5652.6096
ID_SYi9TX_Mg,-970.9936
ID_SYi9TX_S,-9.996832000000005
ID_SYi9TX_Fe,-438.33792000000005
ID_SYi9TX_Mn,-412.23872000000006
ID_SYi9TX_Zn,-15.091215999999998
ID_SYi9TX_Cu,-2.763376
ID_SYi9TX_B,-1.289263999999999
ID_pYPXBa_N,-5223.658
ID_pYPXBa_P,4.277334000000003
ID_pYPXBa_K,-599.2278000000001
ID_pYPXBa_Ca,-2955.1828000000005
ID_pYPXBa_Mg,-527.2497999999999
ID_pYPXBa_S,-17.770296
ID_pYPXBa_Fe,-469.46916000000004
ID_pYPXBa_Mn,-379.11586000000005
ID_pYPXBa_Zn,-12.841680000000002
ID_pYPXBa_Cu,-3.6497279999999996
ID_pYPXBa_B,-0.94382
ID_g884vu_N,-4972.48
ID_g884vu_P,5.375031999999997
ID_g884vu_K,-611.9892
ID_g884vu_Ca,-3907.7255999999998
ID_g884vu_Mg,-653.4216
ID_g884vu_S,-9.040796000000007
ID_g884vu_Fe,-424.5474400000001
ID_g884vu_Mn,-371.55704000000003
ID_g884vu_Zn,-13.910155999999999
ID_g884vu_Cu,-2.599272
ID_g884vu_B,-0.788672
ID_3sEZHD_N,-5032.490000000001
ID_3sEZHD_P,-80.55882199999996
ID_3sEZHD_K,-1217.7016000000003
ID_3sEZHD_Ca,-5937.692
ID_3sEZHD_Mg,-897.8438000000001
ID_3sEZHD_S,-8.626574000000005
ID_3sEZHD_Fe,-471.10274
ID_3sEZHD_Mn,-428.49612
ID_3sEZHD_Zn,-17.247814000000016
ID_3sEZHD_Cu,-2.838912
ID_3sEZHD_B,-1.258793999999999
ID_wzHaAQ_N,-5441.912
ID_wzHaAQ_P,-61.25950400000001
ID_wzHaAQ_K,-1177.1912000000002
ID_wzHaAQ_Ca,-6188.9928
ID_wzHaAQ_Mg,-1022.0176000000001
ID_wzHaAQ_S,-19.0878
ID_wzHaAQ_Fe,-520.5959200000001
ID_wzHaAQ_Mn,-469.12352000000016
ID_wzHaAQ_Zn,-16.720592000000003
ID_wzHaAQ_Cu,-2.7715120000000004
ID_wzHaAQ_B,-1.192455999999999
ID_dmDvRY_N,-5784.696000000001
ID_dmDvRY_P,-37.36240399999997
ID_dmDvRY_K,-592.1408
ID_dmDvRY_Ca,-2917.9884
ID_dmDvRY_Mg,-536.3312
ID_dmDvRY_S,-17.796388000000004
ID_dmDvRY_Fe,-588.56848
ID_dmDvRY_Mn,-416.01040000000006
ID_dmDvRY_Zn,-13.561895999999999
ID_dmDvRY_Cu,-3.854712000000001
ID_dmDvRY_B,-0.7137280000000004
ID_pnJGjj_N,-5202.756000000001
ID_pnJGjj_P,-23.877931999999987
ID_pnJGjj_K,-591.5684000000001
ID_pnJGjj_Ca,-3232.9780000000005
ID_pnJGjj_Mg,-563.2976000000001
ID_pnJGjj_S,-12.798912000000005
ID_pnJGjj_Fe,-554.5552
ID_pnJGjj_Mn,-447.6259600000002
ID_pnJGjj_Zn,-9.087636000000002
ID_pnJGjj_Cu,-2.803615999999999
ID_pnJGjj_B,-0.5186880000000003
ID_g6XlU8_N,-4708.872
ID_g6XlU8_P,3.8719620000000177
ID_g6XlU8_K,-675.2284000000001
ID_g6XlU8_Ca,-2674.0463999999997
ID_g6XlU8_Mg,-499.0578
ID_g6XlU8_S,-15.142734000000008
ID_g6XlU8_Fe,-441.14170000000007
ID_g6XlU8_Mn,-394.76248000000004
ID_g6XlU8_Zn,-13.061660000000003
ID_g6XlU8_Cu,-2.690987999999999
ID_g6XlU8_B,-0.6378000000000004
ID_7aQoV8_N,-5882.5740000000005
ID_7aQoV8_P,-4.601709999999997
ID_7aQoV8_K,-895.4934000000002
ID_7aQoV8_Ca,-6295.873600000001
ID_7aQoV8_Mg,-1067.2414
ID_7aQoV8_S,-8.714142000000006
ID_7aQoV8_Fe,-487.06437999999997
ID_7aQoV8_Mn,-402.19586000000015
ID_7aQoV8_Zn,-12.237896
ID_7aQoV8_Cu,-4.676005999999998
ID_7aQoV8_B,-0.9180039999999995
ID_Srp4S5_N,-5464.576000000001
ID_Srp4S5_P,-53.88356399999999
ID_Srp4S5_K,-1096.7856000000002
ID_Srp4S5_Ca,-7259.663600000002
ID_Srp4S5_Mg,-1066.5856
ID_Srp4S5_S,-8.522024000000005
ID_Srp4S5_Fe,-478.85212
ID_Srp4S5_Mn,-427.74672000000004
ID_Srp4S5_Zn,-14.250683999999998
ID_Srp4S5_Cu,-4.4989799999999995
ID_Srp4S5_B,-1.6350800000000003
ID_w6wuPc_N,-5911.720000000001
ID_w6wuPc_P,-4.050159999999998
ID_w6wuPc_K,-883.2640000000001
ID_w6wuPc_Ca,-6504.070000000001
ID_w6wuPc_Mg,-1217.796
ID_w6wuPc_S,-10.585420000000006
ID_w6wuPc_Fe,-502.3092
ID_w6wuPc_Mn,-420.66020000000015
ID_w6wuPc_Zn,-11.941119999999996
ID_w6wuPc_Cu,-4.881779999999998
ID_w6wuPc_B,-1.0177999999999996
ID_RP5154_N,-5930.948
ID_RP5154_P,-19.19304199999999
ID_RP5154_K,-888.4872000000001
ID_RP5154_Ca,-6072.983
ID_RP5154_Mg,-1104.0724
ID_RP5154_S,-10.468716000000004
ID_RP5154_Fe,-489.87417999999997
ID_RP5154_Mn,-400.1652000000001
ID_RP5154_Zn,-13.614431999999997
ID_RP5154_Cu,-4.390085999999999
ID_RP5154_B,-1.4331939999999996
ID_dgsjyI_N,-5839.784000000001
ID_dgsjyI_P,19.85584
ID_dgsjyI_K,-817.616
ID_dgsjyI_Ca,-6075.376800000001
ID_dgsjyI_Mg,-1197.8200000000002
ID_dgsjyI_S,-9.994200000000006
ID_dgsjyI_Fe,-513.8524
ID_dgsjyI_Mn,-409.1144000000001
ID_dgsjyI_Zn,-13.578655999999995
ID_dgsjyI_Cu,-5.103231999999997
ID_dgsjyI_B,-0.6684400000000001
ID_CJldbQ_N,-5532.164000000001
ID_CJldbQ_P,-2.0099400000000003
ID_CJldbQ_K,-841.648
ID_CJldbQ_Ca,-6185.1378
ID_CJldbQ_Mg,-1075.5683999999999
ID_CJldbQ_S,-10.017798000000003
ID_CJldbQ_Fe,-507.03204
ID_CJldbQ_Mn,-351.37492000000003
ID_CJldbQ_Zn,-13.196418
ID_CJldbQ_Cu,-2.6154759999999975
ID_CJldbQ_B,-0.9378779999999994
ID_KD9f6M_N,-5746.472000000001
ID_KD9f6M_P,-37.16556800000001
ID_KD9f6M_K,-860.5568000000002
ID_KD9f6M_Ca,-4318.9296
ID_KD9f6M_Mg,-847.4248
ID_KD9f6M_S,-9.526344000000009
ID_KD9f6M_Fe,-504.94672
ID_KD9f6M_Mn,-456.4400000000001
ID_KD9f6M_Zn,-11.274367999999999
ID_KD9f6M_Cu,-3.2143119999999987
ID_KD9f6M_B,-0.560224
ID_k5OSEX_N,-5813.316000000001
ID_k5OSEX_P,13.869516000000004
ID_k5OSEX_K,-892.6296000000001
ID_k5OSEX_Ca,-5939.073200000002
ID_k5OSEX_Mg,-1077.0372000000002
ID_k5OSEX_S,-8.697772000000004
ID_k5OSEX_Fe,-390.43752000000006
ID_k5OSEX_Mn,-431.6030000000001
ID_k5OSEX_Zn,-14.692704000000006
ID_k5OSEX_Cu,-2.643980000000001
ID_k5OSEX_B,-0.8865079999999995
ID_AwbsJc_N,-6144.560000000001
ID_AwbsJc_P,19.154055999999997
ID_AwbsJc_K,-822.6488000000002
ID_AwbsJc_Ca,-5758.008000000001
ID_AwbsJc_Mg,-1070.8552000000002
ID_AwbsJc_S,-9.91104
ID_AwbsJc_Fe,-411.5224
ID_AwbsJc_Mn,-432.3063200000001
ID_AwbsJc_Zn,-20.642936000000006
ID_AwbsJc_Cu,-2.9862159999999993
ID_AwbsJc_B,-0.8120799999999999
ID_2N9F5H_N,-5426.362000000001
ID_2N9F5H_P,8.201427999999996
ID_2N9F5H_K,-744.6432000000001
ID_2N9F5H_Ca,-4071.5174000000006
ID_2N9F5H_Mg,-952.2896000000001
ID_2N9F5H_S,-9.012617999999996
ID_2N9F5H_Fe,-519.8753000000002
ID_2N9F5H_Mn,-373.8917
ID_2N9F5H_Zn,-11.562213999999999
ID_2N9F5H_Cu,-3.806905999999999
ID_2N9F5H_B,-0.7411159999999997
ID_VPqPrp_N,-5838.704000000001
ID_VPqPrp_P,-9.503528000000003
ID_VPqPrp_K,-915.3128000000002
ID_VPqPrp_Ca,-6267.940800000001
ID_VPqPrp_Mg,-1149.3712000000003
ID_VPqPrp_S,-12.437160000000006
ID_VPqPrp_Fe,-361.68904
ID_VPqPrp_Mn,-403.8332000000001
ID_VPqPrp_Zn,-16.268288000000013
ID_VPqPrp_Cu,-4.140735999999999
ID_VPqPrp_B,-1.8348399999999996
ID_IJE19b_N,-5680.354
ID_IJE19b_P,5.428085999999993
ID_IJE19b_K,-789.9830000000001
ID_IJE19b_Ca,-6014.989000000001
ID_IJE19b_Mg,-1144.4756
ID_IJE19b_S,-9.209754
ID_IJE19b_Fe,-487.52232000000004
ID_IJE19b_Mn,-389.0778600000001
ID_IJE19b_Zn,-14.147719999999998
ID_IJE19b_Cu,-3.9355499999999974
ID_IJE19b_B,-0.9026879999999995
ID_A3w8B1_N,-5463.792000000001
ID_A3w8B1_P,1.2570880000000102
ID_A3w8B1_K,-730.6624
ID_A3w8B1_Ca,-4236.8576
ID_A3w8B1_Mg,-897.2367999999999
ID_A3w8B1_S,-10.091472
ID_A3w8B1_Fe,-449.7051200000001
ID_A3w8B1_Mn,-347.3011200000001
ID_A3w8B1_Zn,-12.483936
ID_A3w8B1_Cu,-3.6521599999999976
ID_A3w8B1_B,-0.7902720000000002
ID_MsxkLZ_N,-5838.02
ID_MsxkLZ_P,4.952019999999997
ID_MsxkLZ_K,-912.9420000000002
ID_MsxkLZ_Ca,-6210.59
ID_MsxkLZ_Mg,-1176.4360000000001
ID_MsxkLZ_S,-9.810360000000003
ID_MsxkLZ_Fe,-521.3832000000001
ID_MsxkLZ_Mn,-405.08200000000005
ID_MsxkLZ_Zn,-13.064660000000003
ID_MsxkLZ_Cu,-3.522179999999998
ID_MsxkLZ_B,-1.0752199999999998
ID_rPCCrq_N,-5945.794000000001
ID_rPCCrq_P,2.407425999999994
ID_rPCCrq_K,-827.1068000000001
ID_rPCCrq_Ca,-5859.1324
ID_rPCCrq_Mg,-1131.7476000000004
ID_rPCCrq_S,-9.523139999999998
ID_rPCCrq_Fe,-509.57288
ID_rPCCrq_Mn,-389.8527
ID_rPCCrq_Zn,-15.073858000000001
ID_rPCCrq_Cu,-4.260933999999997
ID_rPCCrq_B,-0.8613240000000003
ID_SSbNkm_N,-5719.946000000001
ID_SSbNkm_P,-46.264998000000034
ID_SSbNkm_K,-1957.0880000000002
ID_SSbNkm_Ca,-6946.058600000001
ID_SSbNkm_Mg,-1320.0342000000003
ID_SSbNkm_S,-9.930800000000005
ID_SSbNkm_Fe,-480.73366000000004
ID_SSbNkm_Mn,-424.7457800000001
ID_SSbNkm_Zn,-16.29444
ID_SSbNkm_Cu,-4.805715999999999
ID_SSbNkm_B,-1.6762080000000008
ID_0Ad9Gk_N,-5942.176000000001
ID_0Ad9Gk_P,14.53792
ID_0Ad9Gk_K,-762.7328000000002
ID_0Ad9Gk_Ca,-6072.153600000001
ID_0Ad9Gk_Mg,-1234.1696000000002
ID_0Ad9Gk_S,-10.103648000000007
ID_0Ad9Gk_Fe,-553.5731200000001
ID_0Ad9Gk_Mn,-410.1561600000001
ID_0Ad9Gk_Zn,-14.015072000000009
ID_0Ad9Gk_Cu,-4.607936
ID_0Ad9Gk_B,-0.6536000000000002
ID_3uQvbg_N,-5809.9
ID_3uQvbg_P,-34.58655399999999
ID_3uQvbg_K,-756.3342
ID_3uQvbg_Ca,-4707.558
ID_3uQvbg_Mg,-933.8776
ID_3uQvbg_S,-11.208618000000001
ID_3uQvbg_Fe,-551.431
ID_3uQvbg_Mn,-424.95234000000005
ID_3uQvbg_Zn,-16.006244000000006
ID_3uQvbg_Cu,-3.374189999999998
ID_3uQvbg_B,-0.88276
ID_D5zGjj_N,-5641.808000000001
ID_D5zGjj_P,-7.810364000000021
ID_D5zGjj_K,-1047.8324
ID_D5zGjj_Ca,-7797.7824
ID_D5zGjj_Mg,-1186.1380000000001
ID_D5zGjj_S,-7.823268000000002
ID_D5zGjj_Fe,-483.83932000000004
ID_D5zGjj_Mn,-437.6659400000001
ID_D5zGjj_Zn,-13.437037999999996
ID_D5zGjj_Cu,-4.785454
ID_D5zGjj_B,-1.5710139999999997
ID_ddsiGL_N,-5946.0560000000005
ID_ddsiGL_P,-32.81381599999999
ID_ddsiGL_K,-970.7816000000001
ID_ddsiGL_Ca,-5844.624000000001
ID_ddsiGL_Mg,-1169.5888
ID_ddsiGL_S,-14.024975999999999
ID_ddsiGL_Fe,-513.36424
ID_ddsiGL_Mn,-387.4107200000001
ID_ddsiGL_Zn,-15.597824000000006
ID_ddsiGL_Cu,-3.4704879999999982
ID_ddsiGL_B,-1.5950799999999987
ID_QEBQ8i_N,-6062.4800000000005
ID_QEBQ8i_P,-1.548248000000001
ID_QEBQ8i_K,-910.6256000000002
ID_QEBQ8i_Ca,-6527.529600000001
ID_QEBQ8i_Mg,-1192.2904000000003
ID_QEBQ8i_S,-9.327624
ID_QEBQ8i_Fe,-505.02880000000005
ID_QEBQ8i_Mn,-415.22504000000015
ID_QEBQ8i_Zn,-16.179080000000003
ID_QEBQ8i_Cu,-4.4999439999999975
ID_QEBQ8i_B,-1.6045839999999996
ID_WC6xKx_N,-5623.604000000001
ID_WC6xKx_P,17.979154
ID_WC6xKx_K,-926.2874
ID_WC6xKx_Ca,-6237.966
ID_WC6xKx_Mg,-1192.6870000000001
ID_WC6xKx_S,-13.670747999999993
ID_WC6xKx_Fe,-484.87384000000003
ID_WC6xKx_Mn,-415.1706800000001
ID_WC6xKx_Zn,-12.242899999999999
ID_WC6xKx_Cu,-4.311705999999996
ID_WC6xKx_B,-1.5028600000000003
ID_rx5q1w_N,-5563.088000000001
ID_rx5q1w_P,-79.66119200000001
ID_rx5q1w_K,-1286.4224000000002
ID_rx5q1w_Ca,-6793.7496
ID_rx5q1w_Mg,-1243.2448
ID_rx5q1w_S,-11.264712000000006
ID_rx5q1w_Fe,-461.03175999999996
ID_rx5q1w_Mn,-385.7086400000001
ID_rx5q1w_Zn,-17.631463999999998
ID_rx5q1w_Cu,-3.812199999999998
ID_rx5q1w_B,-1.6406560000000003
ID_xxFKBB_N,-5864.394
ID_xxFKBB_P,2.586593999999998
ID_xxFKBB_K,-850.8874000000002
ID_xxFKBB_Ca,-5990.571600000001
ID_xxFKBB_Mg,-974.902
ID_xxFKBB_S,-8.827550000000006
ID_xxFKBB_Fe,-487.0386800000001
ID_xxFKBB_Mn,-389.86752
ID_xxFKBB_Zn,-14.045428000000005
ID_xxFKBB_Cu,-3.7230479999999972
ID_xxFKBB_B,-1.0464959999999994
ID_COtlQv_N,-5456.320000000001
ID_COtlQv_P,-35.82454000000004
ID_COtlQv_K,-1047.208
ID_COtlQv_Ca,-5585.218000000001
ID_COtlQv_Mg,-984.508
ID_COtlQv_S,-7.470659999999995
ID_COtlQv_Fe,-411.87160000000006
ID_COtlQv_Mn,-169.45980000000003
ID_COtlQv_Zn,-7.981120000000004
ID_COtlQv_Cu,-3.4762000000000013
ID_COtlQv_B,-0.8902000000000002
ID_XekPK4_N,-5619.2300000000005
ID_XekPK4_P,17.391001999999993
ID_XekPK4_K,-868.1126
ID_XekPK4_Ca,-5730.294400000001
ID_XekPK4_Mg,-653.0632
ID_XekPK4_S,-9.375989999999998
ID_XekPK4_Fe,-425.82382000000007
ID_XekPK4_Mn,-150.74594
ID_XekPK4_Zn,-7.671450000000002
ID_XekPK4_Cu,-2.879468000000001
ID_XekPK4_B,-0.7492720000000004
ID_6ZBgne_N,-5876.39
ID_6ZBgne_P,12.213429999999999
ID_6ZBgne_K,-504.31100000000004
ID_6ZBgne_Ca,-4025.817000000001
ID_6ZBgne_Mg,-471.1780000000001
ID_6ZBgne_S,-9.490350000000003
ID_6ZBgne_Fe,-508.87
ID_6ZBgne_Mn,-259.06130000000013
ID_6ZBgne_Zn,-10.581110000000004
ID_6ZBgne_Cu,-5.025640000000005
ID_6ZBgne_B,-0.7501300000000007
ID_36wLt4_N,-5432.14
ID_36wLt4_P,22.092148
ID_36wLt4_K,-414.9724000000001
ID_36wLt4_Ca,-3823.3980000000006
ID_36wLt4_Mg,-619.1384
ID_36wLt4_S,-13.036563999999991
ID_36wLt4_Fe,-455.898032
ID_36wLt4_Mn,-258.73396
ID_36wLt4_Zn,-10.876704000000005
ID_36wLt4_Cu,-3.924884000000004
ID_36wLt4_B,-0.6486440000000004
ID_T7nkDq_N,-5729.408
ID_T7nkDq_P,15.95145599999999
ID_T7nkDq_K,-305.0528
ID_T7nkDq_Ca,-3338.5264000000006
ID_T7nkDq_Mg,-441.28000000000003
ID_T7nkDq_S,-10.234160000000006
ID_T7nkDq_Fe,-475.52416000000005
ID_T7nkDq_Mn,-240.73856
ID_T7nkDq_Zn,-11.303120000000005
ID_T7nkDq_Cu,-5.094016000000006
ID_T7nkDq_B,-0.6939680000000004
ID_UjM79D_N,-5452.2300000000005
ID_UjM79D_P,21.969858000000002
ID_UjM79D_K,-361.53360000000004
ID_UjM79D_Ca,-3266.2018
ID_UjM79D_Mg,-492.4818
ID_UjM79D_S,-12.216667999999999
ID_UjM79D_Fe,-514.6190000000001
ID_UjM79D_Mn,-260.1920800000001
ID_UjM79D_Zn,-11.282687999999998
ID_UjM79D_Cu,-4.462204000000003
ID_UjM79D_B,-0.5846840000000003
ID_7b4Uvk_N,-5242.976000000001
ID_7b4Uvk_P,28.95570399999999
ID_7b4Uvk_K,-935.4656000000001
ID_7b4Uvk_Ca,-5871.494400000001
ID_7b4Uvk_Mg,-836.7112000000002
ID_7b4Uvk_S,-9.083760000000005
ID_7b4Uvk_Fe,-435.0728800000001
ID_7b4Uvk_Mn,-191.83568
ID_7b4Uvk_Zn,-6.785672000000001
ID_7b4Uvk_Cu,-3.6862720000000015
ID_7b4Uvk_B,-0.6960880000000006
ID_rwCnUA_N,-5185.124
ID_rwCnUA_P,1.9881039999999999
ID_rwCnUA_K,-990.2359999999999
ID_rwCnUA_Ca,-5648.2728
ID_rwCnUA_Mg,-971.6175999999998
ID_rwCnUA_S,-10.445748000000012
ID_rwCnUA_Fe,-534.116044
ID_rwCnUA_Mn,-311.84959999999995
ID_rwCnUA_Zn,-7.9736899999999995
ID_rwCnUA_Cu,-4.819300000000003
ID_rwCnUA_B,-0.8864200000000002
ID_Q5eW4V_N,-5314.738
ID_Q5eW4V_P,3.3008760000000095
ID_Q5eW4V_K,-566.8952
ID_Q5eW4V_Ca,-4810.118
ID_Q5eW4V_Mg,-957.7325999999999
ID_Q5eW4V_S,-13.434584000000001
ID_Q5eW4V_Fe,-532.9711680000001
ID_Q5eW4V_Mn,-282.54392000000007
ID_Q5eW4V_Zn,-9.259467999999996
ID_Q5eW4V_Cu,-4.262976
ID_Q5eW4V_B,-0.8946099999999999
ID_YdfZYX_N,-5547.68
ID_YdfZYX_P,-11.899519999999988
ID_YdfZYX_K,-793.232
ID_YdfZYX_Ca,-6109.704
ID_YdfZYX_Mg,-858.0159999999998
ID_YdfZYX_S,-10.972080000000005
ID_YdfZYX_Fe,-578.46064
ID_YdfZYX_Mn,-345.8864
ID_YdfZYX_Zn,-8.218640000000004
ID_YdfZYX_Cu,-5.113600000000001
ID_YdfZYX_B,-0.9241599999999998
ID_oGOdrj_N,-2927.88
ID_oGOdrj_P,-53.26696400000003
ID_oGOdrj_K,-1996.1732000000002
ID_oGOdrj_Ca,-12807.968399999998
ID_oGOdrj_Mg,-1490.6943999999999
ID_oGOdrj_S,-6.999179999999999
ID_oGOdrj_Fe,-489.1393040000001
ID_oGOdrj_Mn,-456.41576
ID_oGOdrj_Zn,-7.164979999999998
ID_oGOdrj_Cu,-6.454019999999999
ID_oGOdrj_B,-1.6628600000000007
ID_X8gbyg_N,-3903.032
ID_X8gbyg_P,-62.10068000000001
ID_X8gbyg_K,-2167.9104
ID_X8gbyg_Ca,-25985.996
ID_X8gbyg_Mg,-1257.9984000000002
ID_X8gbyg_S,-11.163636000000007
ID_X8gbyg_Fe,-138.437404
ID_X8gbyg_Mn,-497.86443999999995
ID_X8gbyg_Zn,-7.290059999999999
ID_X8gbyg_Cu,-8.881043999999997
ID_X8gbyg_B,-1.9687159999999992
ID_ltJQnI_N,-3702.5
ID_ltJQnI_P,-63.552488
ID_ltJQnI_K,-2208.1124
ID_ltJQnI_Ca,-31554.249
ID_ltJQnI_Mg,-1356.5944
ID_ltJQnI_S,-28.31937
ID_ltJQnI_Fe,-130.29194800000002
ID_ltJQnI_Mn,-436.08253999999994
ID_ltJQnI_Zn,-7.497266000000005
ID_ltJQnI_Cu,-6.097407999999998
ID_ltJQnI_B,-2.3451760000000004
ID_xsnEWi_N,-3901.3799999999997
ID_xsnEWi_P,-42.84898
ID_xsnEWi_K,-933.9607999999998
ID_xsnEWi_Ca,-11218.673600000002
ID_xsnEWi_Mg,-1768.1124
ID_xsnEWi_S,-6.931684000000001
ID_xsnEWi_Fe,-492.6016600000001
ID_xsnEWi_Mn,-360.35904000000005
ID_xsnEWi_Zn,-7.590487999999998
ID_xsnEWi_Cu,-6.6381000000000006
ID_xsnEWi_B,-1.229092
ID_1aZ58Z_N,-3977.12
ID_1aZ58Z_P,-55.57076799999999
ID_1aZ58Z_K,-1615.8000000000002
ID_1aZ58Z_Ca,-12248.252
ID_1aZ58Z_Mg,-1857.1336000000003
ID_1aZ58Z_S,-9.450263999999994
ID_1aZ58Z_Fe,-472.39292800000004
ID_1aZ58Z_Mn,-407.93448
ID_1aZ58Z_Zn,-7.341816
ID_1aZ58Z_Cu,-8.854232
ID_1aZ58Z_B,-1.8707680000000009
ID_KXtNf7_N,-3710.3680000000004
ID_KXtNf7_P,-48.099215999999984
ID_KXtNf7_K,-2048.7136
ID_KXtNf7_Ca,-23274.3504
ID_KXtNf7_Mg,-1095.9488
ID_KXtNf7_S,-12.511728000000009
ID_KXtNf7_Fe,-145.65255200000004
ID_KXtNf7_Mn,-491.92952
ID_KXtNf7_Zn,-7.460391999999996
ID_KXtNf7_Cu,-5.913199999999999
ID_KXtNf7_B,-1.8068559999999991
ID_UaxH4N_N,-4018.0
ID_UaxH4N_P,-41.37840799999998
ID_UaxH4N_K,-1931.2287999999999
ID_UaxH4N_Ca,-11350.153599999998
ID_UaxH4N_Mg,-1290.1791999999998
ID_UaxH4N_S,-7.536023999999998
ID_UaxH4N_Fe,-342.01827999999995
ID_UaxH4N_Mn,-506.04208000000006
ID_UaxH4N_Zn,-8.525503999999994
ID_UaxH4N_Cu,-7.076912
ID_UaxH4N_B,-1.7275120000000013
ID_N7mz0y_N,-3708.584
ID_N7mz0y_P,-74.37264800000001
ID_N7mz0y_K,-1890.6211999999996
ID_N7mz0y_Ca,-9100.895999999999
ID_N7mz0y_Mg,-1032.0363999999997
ID_N7mz0y_S,-7.633769999999998
ID_N7mz0y_Fe,-368.9317
ID_N7mz0y_Mn,-479.78672
ID_N7mz0y_Zn,-8.779585999999991
ID_N7mz0y_Cu,-5.533468
ID_N7mz0y_B,-1.7330320000000001
ID_iUutuH_N,-3236.76
ID_iUutuH_P,-42.27636200000002
ID_iUutuH_K,-1544.1945999999998
ID_iUutuH_Ca,-14627.760799999998
ID_iUutuH_Mg,-1858.4674
ID_iUutuH_S,-6.416201999999995
ID_iUutuH_Fe,-481.97514600000005
ID_iUutuH_Mn,-391.6455
ID_iUutuH_Zn,-7.2207599999999985
ID_iUutuH_Cu,-8.412267999999997
ID_iUutuH_B,-1.7357020000000003
ID_GyHoXH_N,-4009.184
ID_GyHoXH_P,-74.69917600000002
ID_GyHoXH_K,-2124.0904
ID_GyHoXH_Ca,-27939.2672
ID_GyHoXH_Mg,-1087.9679999999998
ID_GyHoXH_S,-31.008392000000015
ID_GyHoXH_Fe,-134.77221599999996
ID_GyHoXH_Mn,-502.87064000000015
ID_GyHoXH_Zn,-11.821527999999995
ID_GyHoXH_Cu,-5.550352000000002
ID_GyHoXH_B,-1.7815679999999994
ID_MHKvar_N,-3969.026
ID_MHKvar_P,-39.46476199999999
ID_MHKvar_K,-2020.3741999999997
ID_MHKvar_Ca,-29190.2172
ID_MHKvar_Mg,-1348.6384
ID_MHKvar_S,-16.71226800000001
ID_MHKvar_Fe,-145.72354599999997
ID_MHKvar_Mn,-480.8093000000001
ID_MHKvar_Zn,-10.905007999999993
ID_MHKvar_Cu,-8.594187999999992
ID_MHKvar_B,-1.6881039999999992
ID_Em9640_N,-3587.0280000000002
ID_Em9640_P,-62.925028
ID_Em9640_K,-2218.674
ID_Em9640_Ca,-31715.061200000004
ID_Em9640_Mg,-1318.7684000000002
ID_Em9640_S,-21.392584000000006
ID_Em9640_Fe,-126.49084799999999
ID_Em9640_Mn,-454.8770400000001
ID_Em9640_Zn,-7.5515479999999995
ID_Em9640_Cu,-5.8854960000000025
ID_Em9640_B,-2.0852999999999997
ID_gzgC5j_N,-5171.272
ID_gzgC5j_P,29.109455999999994
ID_gzgC5j_K,-646.4592
ID_gzgC5j_Ca,-7184.7328
ID_gzgC5j_Mg,-874.3191999999999
ID_gzgC5j_S,-9.119423999999995
ID_gzgC5j_Fe,-702.1832
ID_gzgC5j_Mn,-255.36143999999996
ID_gzgC5j_Zn,-9.460463999999995
ID_gzgC5j_Cu,-4.770599999999999
ID_gzgC5j_B,-0.6215680000000006
ID_oJuH7j_N,-5548.384000000001
ID_oJuH7j_P,-36.57955199999999
ID_oJuH7j_K,-763.0016
ID_oJuH7j_Ca,-5594.1152
ID_oJuH7j_Mg,-861.1424000000002
ID_oJuH7j_S,-12.155712000000008
ID_oJuH7j_Fe,-520.4121600000001
ID_oJuH7j_Mn,-258.65376000000003
ID_oJuH7j_Zn,-6.258176000000001
ID_oJuH7j_Cu,-5.421952000000001
ID_oJuH7j_B,-0.6820480000000005
ID_ID9v6f_N,-4248.150000000001
ID_ID9v6f_P,-56.679350000000014
ID_ID9v6f_K,-1857.828
ID_ID9v6f_Ca,-10750.022
ID_ID9v6f_Mg,-1179.2830000000001
ID_ID9v6f_S,-6.426449999999992
ID_ID9v6f_Fe,-451.18265999999994
ID_ID9v6f_Mn,-484.87469999999996
ID_ID9v6f_Zn,-9.662039999999998
ID_ID9v6f_Cu,-7.687389999999998
ID_ID9v6f_B,-1.68433
ID_397yyS_N,-5187.7
ID_397yyS_P,21.10918
ID_397yyS_K,-551.727
ID_397yyS_Ca,-7005.691000000001
ID_397yyS_Mg,-1109.57
ID_397yyS_S,-11.175489999999996
ID_397yyS_Fe,-589.8928999999999
ID_397yyS_Mn,-295.64680000000004
ID_397yyS_Zn,-5.831160000000002
ID_397yyS_Cu,-4.968099999999996
ID_397yyS_B,-0.5543400000000002
ID_QGFpJC_N,-3612.948
ID_QGFpJC_P,-67.12039200000002
ID_QGFpJC_K,-2025.2452000000003
ID_QGFpJC_Ca,-12462.7196
ID_QGFpJC_Mg,-1991.9216000000001
ID_QGFpJC_S,-8.333251999999995
ID_QGFpJC_Fe,-353.7883639999999
ID_QGFpJC_Mn,-482.73464
ID_QGFpJC_Zn,-6.687223999999999
ID_QGFpJC_Cu,-9.499487999999998
ID_QGFpJC_B,-1.855896
ID_8wLo3Z_N,-4077.9079999999994
ID_8wLo3Z_P,-44.640456
ID_8wLo3Z_K,-1843.4340000000002
ID_8wLo3Z_Ca,-12373.586800000001
ID_8wLo3Z_Mg,-1559.63
ID_8wLo3Z_S,-6.4839919999999935
ID_8wLo3Z_Fe,-524.7554799999999
ID_8wLo3Z_Mn,-453.54128
ID_8wLo3Z_Zn,-7.900119999999996
ID_8wLo3Z_Cu,-6.8778760000000005
ID_8wLo3Z_B,-1.7886480000000007
ID_4ZbzQx_N,-5426.67
ID_4ZbzQx_P,0.3946900000000184
ID_4ZbzQx_K,-872.899
ID_4ZbzQx_Ca,-6183.142
ID_4ZbzQx_Mg,-734.026
ID_4ZbzQx_S,-9.610569999999992
ID_4ZbzQx_Fe,-521.668
ID_4ZbzQx_Mn,-254.45150000000004
ID_4ZbzQx_Zn,-9.71195
ID_4ZbzQx_Cu,-5.1475
ID_4ZbzQx_B,-0.7231600000000004
ID_c9zbuj_N,-5402.64
ID_c9zbuj_P,16.440420000000003
ID_c9zbuj_K,-622.6080000000001
ID_c9zbuj_Ca,-4452.02
ID_c9zbuj_Mg,-652.8140000000001
ID_c9zbuj_S,-11.62843999999999
ID_c9zbuj_Fe,-533.272
ID_c9zbuj_Mn,-181.50040000000004
ID_c9zbuj_Zn,-6.844600000000002
ID_c9zbuj_Cu,-3.531860000000001
ID_c9zbuj_B,-0.6897800000000004
ID_G3G4GH_N,-5043.600000000001
ID_G3G4GH_P,29.816419999999994
ID_G3G4GH_K,-586.5720000000001
ID_G3G4GH_Ca,-5771.492000000002
ID_G3G4GH_Mg,-712.4120000000001
ID_G3G4GH_S,-7.538200000000007
ID_G3G4GH_Fe,-651.8520000000002
ID_G3G4GH_Mn,-247.76880000000003
ID_G3G4GH_Zn,-8.90402
ID_G3G4GH_Cu,-4.259399999999999
ID_G3G4GH_B,-0.5551400000000005
ID_e8dVCa_N,-3951.4500000000003
ID_e8dVCa_P,-54.58428000000001
ID_e8dVCa_K,-1172.2439999999997
ID_e8dVCa_Ca,-10801.496000000001
ID_e8dVCa_Mg,-1569.708
ID_e8dVCa_S,-6.569050000000001
ID_e8dVCa_Fe,-452.57599999999996
ID_e8dVCa_Mn,-390.4965000000001
ID_e8dVCa_Zn,-8.01593
ID_e8dVCa_Cu,-7.766739999999996
ID_e8dVCa_B,-1.4777900000000006
ID_8tPgoY_N,-3742.152
ID_8tPgoY_P,-60.63347999999998
ID_8tPgoY_K,-2136.6184000000003
ID_8tPgoY_Ca,-25698.356
ID_8tPgoY_Mg,-1123.2784
ID_8tPgoY_S,-14.492080000000012
ID_8tPgoY_Fe,-143.70328799999996
ID_8tPgoY_Mn,-542.1343200000001
ID_8tPgoY_Zn,-11.294191999999994
ID_8tPgoY_Cu,-5.57448
ID_8tPgoY_B,-2.0049839999999985
ID_q5G7pf_N,-4533.434
ID_q5G7pf_P,-43.43527399999999
ID_q5G7pf_K,-922.4227999999999
ID_q5G7pf_Ca,-7778.9832
ID_q5G7pf_Mg,-1408.9168
ID_q5G7pf_S,-8.451132000000005
ID_q5G7pf_Fe,-544.31236
ID_q5G7pf_Mn,-347.85518
ID_q5G7pf_Zn,-10.195051999999997
ID_q5G7pf_Cu,-5.991406000000002
ID_q5G7pf_B,-1.3591000000000006
ID_ZRhD28_N,-5104.272
ID_ZRhD28_P,-11.769667999999982
ID_ZRhD28_K,-630.2051999999999
ID_ZRhD28_Ca,-4909.9924
ID_ZRhD28_Mg,-811.2268
ID_ZRhD28_S,-11.958719999999996
ID_ZRhD28_Fe,-594.0582960000002
ID_ZRhD28_Mn,-327.43232000000006
ID_ZRhD28_Zn,-11.838487999999995
ID_ZRhD28_Cu,-4.820664
ID_ZRhD28_B,-0.7953240000000005
ID_VbI4Iz_N,-5476.88
ID_VbI4Iz_P,-40.67575999999997
ID_VbI4Iz_K,-938.1199999999999
ID_VbI4Iz_Ca,-9613.775999999998
ID_VbI4Iz_Mg,-1278.496
ID_VbI4Iz_S,-8.668800000000005
ID_VbI4Iz_Fe,-501.80824
ID_VbI4Iz_Mn,-344.144
ID_VbI4Iz_Zn,-6.19376
ID_VbI4Iz_Cu,-6.239439999999999
ID_VbI4Iz_B,-1.1140000000000005
ID_3kMf9w_N,-5867.72
ID_3kMf9w_P,-13.08923399999999
ID_3kMf9w_K,-1092.6842000000001
ID_3kMf9w_Ca,-6814.723199999999
ID_3kMf9w_Mg,-1081.7744
ID_3kMf9w_S,-10.032406000000002
ID_3kMf9w_Fe,-554.8024760000001
ID_3kMf9w_Mn,-342.7076
ID_3kMf9w_Zn,-7.854620000000008
ID_3kMf9w_Cu,-5.576056
ID_3kMf9w_B,-1.116932
ID_L230Y8_N,-5430.644
ID_L230Y8_P,3.396314000000004
ID_L230Y8_K,-799.7068000000002
ID_L230Y8_Ca,-5619.675
ID_L230Y8_Mg,-827.5228
ID_L230Y8_S,-10.088065999999994
ID_L230Y8_Fe,-577.358644
ID_L230Y8_Mn,-314.24076
ID_L230Y8_Zn,-7.462329999999999
ID_L230Y8_Cu,-5.055040000000003
ID_L230Y8_B,-0.7944120000000005
ID_OddLgi_N,-4353.792
ID_OddLgi_P,-40.91519600000001
ID_OddLgi_K,-1833.8524000000002
ID_OddLgi_Ca,-11100.9332
ID_OddLgi_Mg,-1491.426
ID_OddLgi_S,-6.547712000000001
ID_OddLgi_Fe,-488.363808
ID_OddLgi_Mn,-372.3572800000001
ID_OddLgi_Zn,-8.273708000000001
ID_OddLgi_Cu,-6.772383999999997
ID_OddLgi_B,-1.563504
ID_arTb8U_N,-5584.532
ID_arTb8U_P,-14.627864000000002
ID_arTb8U_K,-721.0652
ID_arTb8U_Ca,-6261.163199999999
ID_arTb8U_Mg,-919.2439999999999
ID_arTb8U_S,-9.340772000000005
ID_arTb8U_Fe,-697.9016
ID_arTb8U_Mn,-269.03412000000003
ID_arTb8U_Zn,-8.526699999999996
ID_arTb8U_Cu,-5.5949800000000005
ID_arTb8U_B,-1.0155120000000006
ID_Fnv2iI_N,-5732.48
ID_Fnv2iI_P,-48.589200000000005
ID_Fnv2iI_K,-694.692
ID_Fnv2iI_Ca,-6267.2192
ID_Fnv2iI_Mg,-924.9648
ID_Fnv2iI_S,-9.460928
ID_Fnv2iI_Fe,-703.0068
ID_Fnv2iI_Mn,-235.46047999999996
ID_Fnv2iI_Zn,-8.910159999999996
ID_Fnv2iI_Cu,-5.505112
ID_Fnv2iI_B,-1.0157360000000009
ID_YQYvCk_N,-6087.9039999999995
ID_YQYvCk_P,-33.651183999999986
ID_YQYvCk_K,-633.5136
ID_YQYvCk_Ca,-6102.9632
ID_YQYvCk_Mg,-734.2144000000001
ID_YQYvCk_S,-11.478399999999993
ID_YQYvCk_Fe,-744.0592
ID_YQYvCk_Mn,-239.68519999999995
ID_YQYvCk_Zn,-11.487911999999994
ID_YQYvCk_Cu,-4.595440000000001
ID_YQYvCk_B,-1.059120000000001
ID_bBsgpo_N,-5143.428000000001
ID_bBsgpo_P,-4.968033999999989
ID_bBsgpo_K,-662.1394
ID_bBsgpo_Ca,-5833.1318
ID_bBsgpo_Mg,-643.6514000000001
ID_bBsgpo_S,-8.519389999999998
ID_bBsgpo_Fe,-710.7286000000001
ID_bBsgpo_Mn,-195.79948
ID_bBsgpo_Zn,-10.524486000000001
ID_bBsgpo_Cu,-4.376176000000001
ID_bBsgpo_B,-0.7051660000000004
ID_e8nKgw_N,-5459.138
ID_e8nKgw_P,-54.40379
ID_e8nKgw_K,-803.3168000000001
ID_e8nKgw_Ca,-8326.870799999999
ID_e8nKgw_Mg,-1081.0594
ID_e8nKgw_S,-9.715901999999996
ID_e8nKgw_Fe,-670.2652
ID_e8nKgw_Mn,-247.18136
ID_e8nKgw_Zn,-12.316028000000003
ID_e8nKgw_Cu,-5.676909999999999
ID_e8nKgw_B,-1.4702500000000007
ID_88Fybn_N,-5116.860000000001
ID_88Fybn_P,-27.17414000000005
ID_88Fybn_K,-1045.4040000000002
ID_88Fybn_Ca,-6275.908
ID_88Fybn_Mg,-1231.9640000000002
ID_88Fybn_S,-7.689340000000001
ID_88Fybn_Fe,-547.8206000000001
ID_88Fybn_Mn,-240.3372
ID_88Fybn_Zn,-5.513600000000001
ID_88Fybn_Cu,-5.262160000000002
ID_88Fybn_B,-0.8594000000000009
ID_k3xqxA_N,-5387.732
ID_k3xqxA_P,-26.418224000000023
ID_k3xqxA_K,-986.0156
ID_k3xqxA_Ca,-8906.4024
ID_k3xqxA_Mg,-1140.4587999999999
ID_k3xqxA_S,-8.967791999999996
ID_k3xqxA_Fe,-599.524
ID_k3xqxA_Mn,-263.49632
ID_k3xqxA_Zn,-8.923375999999996
ID_k3xqxA_Cu,-5.420427999999999
ID_k3xqxA_B,-1.3051000000000004
ID_qlVcKH_N,-5746.958
ID_qlVcKH_P,-55.88992400000001
ID_qlVcKH_K,-943.1318
ID_qlVcKH_Ca,-9728.179800000002
ID_qlVcKH_Mg,-1070.0848000000003
ID_qlVcKH_S,-10.832081999999996
ID_qlVcKH_Fe,-642.2083660000001
ID_qlVcKH_Mn,-279.72608
ID_qlVcKH_Zn,-9.173407999999998
ID_qlVcKH_Cu,-5.904123999999998
ID_qlVcKH_B,-1.4777380000000004
ID_E8j2A7_N,-5366.639999999999
ID_E8j2A7_P,12.22451000000001
ID_E8j2A7_K,-556.3499999999999
ID_E8j2A7_Ca,-6679.987999999999
ID_E8j2A7_Mg,-878.5349999999999
ID_E8j2A7_S,-10.172690000000003
ID_E8j2A7_Fe,-661.2412
ID_E8j2A7_Mn,-255.4405
ID_E8j2A7_Zn,-13.182649999999999
ID_E8j2A7_Cu,-5.25813
ID_E8j2A7_B,-0.8489700000000013
ID_Ur0qu0_N,-5341.688000000001
ID_Ur0qu0_P,14.439855999999995
ID_Ur0qu0_K,-520.8968000000001
ID_Ur0qu0_Ca,-6150.9552
ID_Ur0qu0_Mg,-716.6800000000001
ID_Ur0qu0_S,-9.041640000000005
ID_Ur0qu0_Fe,-691.1776000000002
ID_Ur0qu0_Mn,-233.52367999999998
ID_Ur0qu0_Zn,-11.880247999999995
ID_Ur0qu0_Cu,-4.607512000000001
ID_Ur0qu0_B,-0.7060240000000005
ID_sCvBnE_N,-4931.012000000001
ID_sCvBnE_P,-68.03061000000005
ID_sCvBnE_K,-930.5886
ID_sCvBnE_Ca,-7201.3796
ID_sCvBnE_Mg,-1059.1458
ID_sCvBnE_S,-6.500170000000008
ID_sCvBnE_Fe,-463.51114000000007
ID_sCvBnE_Mn,-173.42706
ID_sCvBnE_Zn,-8.492242000000001
ID_sCvBnE_Cu,-4.358736
ID_sCvBnE_B,-1.1235160000000002
ID_As9Gm3_N,-5442.214000000001
ID_As9Gm3_P,-25.830332000000013
ID_As9Gm3_K,-970.1584000000001
ID_As9Gm3_Ca,-7191.0470000000005
ID_As9Gm3_Mg,-1068.9854
ID_As9Gm3_S,-7.823612000000004
ID_As9Gm3_Fe,-501.54394
ID_As9Gm3_Mn,-205.79966
ID_As9Gm3_Zn,-8.620840000000005
ID_As9Gm3_Cu,-5.187215999999999
ID_As9Gm3_B,-1.002806000000001
ID_hP5mxK_N,-4822.184000000001
ID_hP5mxK_P,-91.02728600000003
ID_hP5mxK_K,-877.5806000000001
ID_hP5mxK_Ca,-7558.311000000001
ID_hP5mxK_Mg,-994.7074000000001
ID_hP5mxK_S,-10.401354000000005
ID_hP5mxK_Fe,-606.7252000000002
ID_hP5mxK_Mn,-192.6512
ID_hP5mxK_Zn,-11.885036000000001
ID_hP5mxK_Cu,-5.247214000000002
ID_hP5mxK_B,-1.2522220000000013
ID_nJAVow_N,-5653.4400000000005
ID_nJAVow_P,-21.89546000000005
ID_nJAVow_K,-995.7940000000001
ID_nJAVow_Ca,-6866.388000000001
ID_nJAVow_Mg,-978.1500000000001
ID_nJAVow_S,-10.539439999999999
ID_nJAVow_Fe,-426.4259200000001
ID_nJAVow_Mn,-148.4476
ID_nJAVow_Zn,-7.809519999999999
ID_nJAVow_Cu,-3.608200000000001
ID_nJAVow_B,-1.0142799999999994
ID_LFFSak_N,-5035.832
ID_LFFSak_P,-101.41205
ID_LFFSak_K,-955.5104
ID_LFFSak_Ca,-8085.7806
ID_LFFSak_Mg,-939.4191999999999
ID_LFFSak_S,-9.639851999999994
ID_LFFSak_Fe,-601.2118
ID_LFFSak_Mn,-239.06857999999997
ID_LFFSak_Zn,-13.510364000000001
ID_LFFSak_Cu,-5.586586
ID_LFFSak_B,-1.3541860000000012
ID_6PhC94_N,-5108.284
ID_6PhC94_P,-68.81842
ID_6PhC94_K,-1025.576
ID_6PhC94_Ca,-8318.918
ID_6PhC94_Mg,-960.0011999999999
ID_6PhC94_S,-10.489148
ID_6PhC94_Fe,-636.0696000000002
ID_6PhC94_Mn,-237.80187999999998
ID_6PhC94_Zn,-13.702888000000007
ID_6PhC94_Cu,-5.661059999999998
ID_6PhC94_B,-1.6694680000000013
ID_jZ7YZI_N,-5977.448
ID_jZ7YZI_P,-29.04216799999999
ID_jZ7YZI_K,-611.9282000000001
ID_jZ7YZI_Ca,-5944.6572
ID_jZ7YZI_Mg,-739.4428
ID_jZ7YZI_S,-8.907431999999996
ID_jZ7YZI_Fe,-740.7928
ID_jZ7YZI_Mn,-239.89927999999995
ID_jZ7YZI_Zn,-10.21541
ID_jZ7YZI_Cu,-4.266124000000004
ID_jZ7YZI_B,-0.9905500000000015
ID_C0JrTj_N,-5426.948
ID_C0JrTj_P,-10.378423999999995
ID_C0JrTj_K,-573.6776
ID_C0JrTj_Ca,-6243.5448
ID_C0JrTj_Mg,-737.0355999999999
ID_C0JrTj_S,-8.597975999999992
ID_C0JrTj_Fe,-725.7676000000001
ID_C0JrTj_Mn,-217.78687999999994
ID_C0JrTj_Zn,-8.513659999999998
ID_C0JrTj_Cu,-5.031232000000002
ID_C0JrTj_B,-0.6806080000000003
ID_TSHsHN_N,-5182.280000000001
ID_TSHsHN_P,-7.9340720000000005
ID_TSHsHN_K,-630.6032
ID_TSHsHN_Ca,-5799.912
ID_TSHsHN_Mg,-601.4656000000001
ID_TSHsHN_S,-8.995632
ID_TSHsHN_Fe,-717.7456000000002
ID_TSHsHN_Mn,-200.88824
ID_TSHsHN_Zn,-10.361768
ID_TSHsHN_Cu,-3.596200000000002
ID_TSHsHN_B,-0.6593680000000003
ID_z5iXrA_N,-5691.702
ID_z5iXrA_P,-17.039009999999998
ID_z5iXrA_K,-648.9842
ID_z5iXrA_Ca,-6265.3081999999995
ID_z5iXrA_Mg,-674.0002
ID_z5iXrA_S,-10.371739999999988
ID_z5iXrA_Fe,-672.0472000000001
ID_z5iXrA_Mn,-224.14455999999996
ID_z5iXrA_Zn,-10.239627999999996
ID_z5iXrA_Cu,-5.163431999999999
ID_z5iXrA_B,-0.6802640000000002
ID_trXI3C_N,-5025.44
ID_trXI3C_P,-55.32930800000001
ID_trXI3C_K,-1368.8048
ID_trXI3C_Ca,-8694.9324
ID_trXI3C_Mg,-1051.8124
ID_trXI3C_S,-12.444336000000003
ID_trXI3C_Fe,-606.25114
ID_trXI3C_Mn,-263.9204
ID_trXI3C_Zn,-13.592815999999997
ID_trXI3C_Cu,-6.7968639999999985
ID_trXI3C_B,-1.5878200000000007
ID_qdhmLw_N,-4877.64
ID_qdhmLw_P,21.851730000000003
ID_qdhmLw_K,-1045.178
ID_qdhmLw_Ca,-5256.787
ID_qdhmLw_Mg,-798.2450000000001
ID_qdhmLw_S,-7.779377999999998
ID_qdhmLw_Fe,-444.14880000000005
ID_qdhmLw_Mn,-222.00592000000006
ID_qdhmLw_Zn,-9.84097
ID_qdhmLw_Cu,-4.826860000000004
ID_qdhmLw_B,-0.8761520000000006
ID_lizK36_N,-5022.56
ID_lizK36_P,-9.616979999999998
ID_lizK36_K,-1017.2009999999998
ID_lizK36_Ca,-5788.692
ID_lizK36_Mg,-1148.624
ID_lizK36_S,-8.162719999999997
ID_lizK36_Fe,-480.9557
ID_lizK36_Mn,-295.9205
ID_lizK36_Zn,-8.680399999999999
ID_lizK36_Cu,-5.144280000000001
ID_lizK36_B,-1.2569900000000005
ID_p11Yv3_N,-4888.0
ID_p11Yv3_P,-59.71731200000001
ID_p11Yv3_K,-1003.5767999999998
ID_p11Yv3_Ca,-8220.079199999998
ID_p11Yv3_Mg,-1209.1647999999998
ID_p11Yv3_S,-8.037376000000002
ID_p11Yv3_Fe,-564.7925680000001
ID_p11Yv3_Mn,-321.6276000000001
ID_p11Yv3_Zn,-12.598960000000003
ID_p11Yv3_Cu,-5.5844559999999985
ID_p11Yv3_B,-1.4467920000000012
ID_cDVSZJ_N,-5123.624
ID_cDVSZJ_P,-5.890200000000014
ID_cDVSZJ_K,-1025.93
ID_cDVSZJ_Ca,-6600.2716
ID_cDVSZJ_Mg,-1495.4852
ID_cDVSZJ_S,-8.909364000000004
ID_cDVSZJ_Fe,-534.4267600000001
ID_cDVSZJ_Mn,-356.11104
ID_cDVSZJ_Zn,-7.796751999999998
ID_cDVSZJ_Cu,-6.192060000000002
ID_cDVSZJ_B,-1.2904520000000004
ID_1AdAdF_N,-5208.82
ID_1AdAdF_P,-48.93896000000001
ID_1AdAdF_K,-953.5723999999999
ID_1AdAdF_Ca,-8330.8124
ID_1AdAdF_Mg,-1219.6956
ID_1AdAdF_S,-8.319363999999997
ID_1AdAdF_Fe,-527.341096
ID_1AdAdF_Mn,-344.52816
ID_1AdAdF_Zn,-10.478655999999994
ID_1AdAdF_Cu,-5.835936000000001
ID_1AdAdF_B,-1.3190080000000008
ID_uKVpHe_N,-4287.944
ID_uKVpHe_P,-68.70857800000002
ID_uKVpHe_K,-965.9972
ID_uKVpHe_Ca,-11125.1062
ID_uKVpHe_Mg,-1688.2264
ID_uKVpHe_S,-8.15472800000001
ID_uKVpHe_Fe,-487.640942
ID_uKVpHe_Mn,-370.76508
ID_uKVpHe_Zn,-9.415277999999994
ID_uKVpHe_Cu,-6.471940000000004
ID_uKVpHe_B,-1.5067940000000002
ID_HoixNr_N,-4336.896
ID_HoixNr_P,-30.854428
ID_HoixNr_K,-1047.1955999999998
ID_HoixNr_Ca,-10113.1948
ID_HoixNr_Mg,-1464.9304
ID_HoixNr_S,-7.490964000000005
ID_HoixNr_Fe,-480.28967600000004
ID_HoixNr_Mn,-312.2176800000001
ID_HoixNr_Zn,-6.687224000000002
ID_HoixNr_Cu,-6.927240000000002
ID_HoixNr_B,-1.572368
ID_gc6OIY_N,-4584.679999999999
ID_gc6OIY_P,-29.327647999999996
ID_gc6OIY_K,-968.7782
ID_gc6OIY_Ca,-8837.669399999999
ID_gc6OIY_Mg,-1210.3911999999998
ID_gc6OIY_S,-7.194551999999998
ID_gc6OIY_Fe,-500.86089999999996
ID_gc6OIY_Mn,-291.78175999999996
ID_gc6OIY_Zn,-6.447542000000001
ID_gc6OIY_Cu,-5.712712
ID_gc6OIY_B,-1.3485700000000012
ID_Be9eug_N,-5529.02
ID_Be9eug_P,-13.094809999999995
ID_Be9eug_K,-923.7750000000001
ID_Be9eug_Ca,-5946.173000000001
ID_Be9eug_Mg,-781.7280000000001
ID_Be9eug_S,-10.479969999999994
ID_Be9eug_Fe,-536.48322
ID_Be9eug_Mn,-321.00660000000005
ID_Be9eug_Zn,-9.673999999999998
ID_Be9eug_Cu,-5.062170000000002
ID_Be9eug_B,-1.04217
ID_gbRsZr_N,-4658.552
ID_gbRsZr_P,-41.424576000000016
ID_gbRsZr_K,-914.5352000000001
ID_gbRsZr_Ca,-9671.888799999999
ID_gbRsZr_Mg,-1416.2944
ID_gbRsZr_S,-7.992136000000002
ID_gbRsZr_Fe,-502.05999999999995
ID_gbRsZr_Mn,-319.1104
ID_gbRsZr_Zn,-7.512592000000001
ID_gbRsZr_Cu,-5.8268960000000005
ID_gbRsZr_B,-1.4087440000000004
ID_K4Vc56_N,-5549.368
ID_K4Vc56_P,-9.960255999999994
ID_K4Vc56_K,-842.2984000000001
ID_K4Vc56_Ca,-5749.680399999999
ID_K4Vc56_Mg,-791.9456
ID_K4Vc56_S,-9.497240000000005
ID_K4Vc56_Fe,-512.237096
ID_K4Vc56_Mn,-311.28992000000005
ID_K4Vc56_Zn,-7.983191999999999
ID_K4Vc56_Cu,-5.4743840000000015
ID_K4Vc56_B,-0.9956880000000002
ID_PeD7k0_N,-5872.88
ID_PeD7k0_P,-19.253119999999996
ID_PeD7k0_K,-916.5679999999999
ID_PeD7k0_Ca,-6982.224000000001
ID_PeD7k0_Mg,-1093.384
ID_PeD7k0_S,-9.537119999999998
ID_PeD7k0_Fe,-555.30064
ID_PeD7k0_Mn,-347.9648000000001
ID_PeD7k0_Zn,-9.447439999999997
ID_PeD7k0_Cu,-5.85712
ID_PeD7k0_B,-1.0468000000000004
ID_QzRPv2_N,-5551.968000000001
ID_QzRPv2_P,-48.52076800000002
ID_QzRPv2_K,-637.5168000000001
ID_QzRPv2_Ca,-5801.942400000002
ID_QzRPv2_Mg,-773.5808000000002
ID_QzRPv2_S,-9.012992
ID_QzRPv2_Fe,-713.4240000000002
ID_QzRPv2_Mn,-224.36832
ID_QzRPv2_Zn,-12.10435200000001
ID_QzRPv2_Cu,-5.260448
ID_QzRPv2_B,-0.9568960000000007
ID_1n9mqC_N,-5237.570000000001
ID_1n9mqC_P,-6.365480000000012
ID_1n9mqC_K,-408.887
ID_1n9mqC_Ca,-3603.4440000000004
ID_1n9mqC_Mg,-502.594
ID_1n9mqC_S,-8.755139999999994
ID_1n9mqC_Fe,-475.48651
ID_1n9mqC_Mn,-231.461
ID_1n9mqC_Zn,-15.994489999999997
ID_1n9mqC_Cu,-4.050820000000002
ID_1n9mqC_B,-0.5399200000000006
ID_yaY9O1_N,-5033.6720000000005
ID_yaY9O1_P,-8.235175999999996
ID_yaY9O1_K,-427.4768
ID_yaY9O1_Ca,-3471.2592
ID_yaY9O1_Mg,-559.5400000000001
ID_yaY9O1_S,-10.349952000000005
ID_yaY9O1_Fe,-490.17685600000004
ID_yaY9O1_Mn,-246.11647999999997
ID_yaY9O1_Zn,-6.942056000000001
ID_yaY9O1_Cu,-4.378984000000002
ID_yaY9O1_B,-0.5604400000000005
ID_BitsKL_N,-5387.68
ID_BitsKL_P,6.124400000000016
ID_BitsKL_K,-440.53600000000006
ID_BitsKL_Ca,-4431.164
ID_BitsKL_Mg,-539.0300000000001
ID_BitsKL_S,-7.831239999999994
ID_BitsKL_Fe,-485.14040000000006
ID_BitsKL_Mn,-230.37120000000002
ID_BitsKL_Zn,-13.690120000000011
ID_BitsKL_Cu,-4.718540000000002
ID_BitsKL_B,-0.5890200000000007
ID_5ldhG5_N,-4557.744000000001
ID_5ldhG5_P,-11.81529599999999
ID_5ldhG5_K,-758.4304000000002
ID_5ldhG5_Ca,-6624.947200000001
ID_5ldhG5_Mg,-1299.6336000000001
ID_5ldhG5_S,-10.288448000000002
ID_5ldhG5_Fe,-523.9424000000001
ID_5ldhG5_Mn,-242.60639999999998
ID_5ldhG5_Zn,-6.1859040000000025
ID_5ldhG5_Cu,-4.525344000000002
ID_5ldhG5_B,-0.8067040000000004
ID_YOGIqu_N,-3255.4759999999997
ID_YOGIqu_P,-67.33966399999993
ID_YOGIqu_K,-1341.5132
ID_YOGIqu_Ca,-18276.153599999998
ID_YOGIqu_Mg,-2432.3295999999996
ID_YOGIqu_S,-8.013383999999999
ID_YOGIqu_Fe,-452.735776
ID_YOGIqu_Mn,-365.82272
ID_YOGIqu_Zn,-5.275831999999999
ID_YOGIqu_Cu,-7.308039999999996
ID_YOGIqu_B,-1.3821640000000002
ID_qDlOWH_N,-6187.008000000002
ID_qDlOWH_P,-5.593408000000011
ID_qDlOWH_K,-405.40800000000013
ID_qDlOWH_Ca,-3637.632000000001
ID_qDlOWH_Mg,-515.1968
ID_qDlOWH_S,-13.122047999999989
ID_qDlOWH_Fe,-548.4950400000002
ID_qDlOWH_Mn,-249.4832000000001
ID_qDlOWH_Zn,-14.980512000000003
ID_qDlOWH_Cu,-4.691264000000002
ID_qDlOWH_B,-0.6692800000000002
ID_gqebrO_N,-5180.492000000001
ID_gqebrO_P,-4.393117999999994
ID_gqebrO_K,-610.2260000000001
ID_gqebrO_Ca,-4578.738
ID_gqebrO_Mg,-683.4634000000001
ID_gqebrO_S,-10.123188000000003
ID_gqebrO_Fe,-543.231202
ID_gqebrO_Mn,-251.903
ID_gqebrO_Zn,-14.260658000000005
ID_gqebrO_Cu,-4.647370000000002
ID_gqebrO_B,-0.6124180000000005
ID_ofZNbC_N,-4256.528000000001
ID_ofZNbC_P,4.000701999999997
ID_ofZNbC_K,-781.2992000000003
ID_ofZNbC_Ca,-6139.242600000001
ID_ofZNbC_Mg,-940.3174000000001
ID_ofZNbC_S,-9.728028000000009
ID_ofZNbC_Fe,-504.79678600000005
ID_ofZNbC_Mn,-272.4402200000001
ID_ofZNbC_Zn,-5.030564000000002
ID_ofZNbC_Cu,-4.669126000000002
ID_ofZNbC_B,-0.7358500000000007
ID_36zB0N_N,-4697.792
ID_36zB0N_P,-5.3042720000000045
ID_36zB0N_K,-494.8904000000001
ID_36zB0N_Ca,-5262.6552
ID_36zB0N_Mg,-744.5440000000001
ID_36zB0N_S,-9.034296000000001
ID_36zB0N_Fe,-510.09896800000007
ID_36zB0N_Mn,-250.16864000000007
ID_36zB0N_Zn,-5.4507920000000025
ID_36zB0N_Cu,-4.6708000000000025
ID_36zB0N_B,-0.572968
ID_eU3Ir4_N,-4713.984
ID_eU3Ir4_P,7.475423999999997
ID_eU3Ir4_K,-656.4000000000001
ID_eU3Ir4_Ca,-6199.923200000001
ID_eU3Ir4_Mg,-839.3024000000001
ID_eU3Ir4_S,-8.479872000000011
ID_eU3Ir4_Fe,-512.8924800000001
ID_eU3Ir4_Mn,-263.52352
ID_eU3Ir4_Zn,-5.925088000000001
ID_eU3Ir4_Cu,-4.974400000000005
ID_eU3Ir4_B,-0.7311040000000008
ID_tVxkvi_N,-4554.272
ID_tVxkvi_P,11.323520000000002
ID_tVxkvi_K,-490.46080000000006
ID_tVxkvi_Ca,-5168.896000000001
ID_tVxkvi_Mg,-758.6624000000002
ID_tVxkvi_S,-10.29987199999999
ID_tVxkvi_Fe,-525.5081600000001
ID_tVxkvi_Mn,-266.5340800000001
ID_tVxkvi_Zn,-5.097856000000001
ID_tVxkvi_Cu,-4.400960000000001
ID_tVxkvi_B,-0.6912320000000002
ID_vp8mnr_N,-4901.260000000001
ID_vp8mnr_P,-12.440080000000016
ID_vp8mnr_K,-544.244
ID_vp8mnr_Ca,-5051.476000000001
ID_vp8mnr_Mg,-656.4880000000002
ID_vp8mnr_S,-6.172440000000002
ID_vp8mnr_Fe,-539.3033000000001
ID_vp8mnr_Mn,-263.56480000000005
ID_vp8mnr_Zn,-16.40866000000001
ID_vp8mnr_Cu,-4.923360000000004
ID_vp8mnr_B,-0.5366600000000005
ID_zJbXDX_N,-4536.692000000001
ID_zJbXDX_P,0.0004840000000072564
ID_zJbXDX_K,-611.6024000000002
ID_zJbXDX_Ca,-5998.1172000000015
ID_zJbXDX_Mg,-800.2798
ID_zJbXDX_S,-8.429994000000008
ID_zJbXDX_Fe,-515.4099400000001
ID_zJbXDX_Mn,-286.20200000000006
ID_zJbXDX_Zn,-5.3833220000000015
ID_zJbXDX_Cu,-4.589428000000003
ID_zJbXDX_B,-0.7331860000000006
ID_XOgLPh_N,-4527.146000000001
ID_XOgLPh_P,0.026236000000004367
ID_XOgLPh_K,-612.6902000000001
ID_XOgLPh_Ca,-5964.684000000001
ID_XOgLPh_Mg,-883.8406000000001
ID_XOgLPh_S,-8.824044000000004
ID_XOgLPh_Fe,-515.43214
ID_XOgLPh_Mn,-285.9134000000001
ID_XOgLPh_Zn,-5.282312000000001
ID_XOgLPh_Cu,-4.611628000000002
ID_XOgLPh_B,-0.7063240000000005
ID_7RR43z_N,-4591.308
ID_7RR43z_P,5.540198000000018
ID_7RR43z_K,-631.0172
ID_7RR43z_Ca,-6538.632600000001
ID_7RR43z_Mg,-873.2869999999999
ID_7RR43z_S,-9.384345999999997
ID_7RR43z_Fe,-522.493056
ID_7RR43z_Mn,-296.75384
ID_7RR43z_Zn,-5.048408
ID_7RR43z_Cu,-5.054500000000001
ID_7RR43z_B,-0.8047899999999998
ID_cAhXGG_N,-3486.8500000000004
ID_cAhXGG_P,-4.284659999999995
ID_cAhXGG_K,-836.8349999999999
ID_cAhXGG_Ca,-9151.475999999999
ID_cAhXGG_Mg,-1468.278
ID_cAhXGG_S,-9.067079999999994
ID_cAhXGG_Fe,-484.83189000000004
ID_cAhXGG_Mn,-289.06879999999995
ID_cAhXGG_Zn,-4.663909999999998
ID_cAhXGG_Cu,-5.868090000000001
ID_cAhXGG_B,-1.2512399999999992
ID_TlWsgh_N,-4487.574
ID_TlWsgh_P,-0.14686599999998862
ID_TlWsgh_K,-721.6432
ID_TlWsgh_Ca,-6316.1582
ID_TlWsgh_Mg,-844.1555999999999
ID_TlWsgh_S,-8.460458
ID_TlWsgh_Fe,-529.78246
ID_TlWsgh_Mn,-273.07356
ID_TlWsgh_Zn,-6.358756
ID_TlWsgh_Cu,-4.620353999999999
ID_TlWsgh_B,-0.7302100000000002
ID_fboU5S_N,-4381.568000000001
ID_fboU5S_P,12.005151999999995
ID_fboU5S_K,-704.0224000000001
ID_fboU5S_Ca,-6089.536000000001
ID_fboU5S_Mg,-1048.9216000000001
ID_fboU5S_S,-10.343775999999998
ID_fboU5S_Fe,-523.6872640000003
ID_fboU5S_Mn,-291.42496000000006
ID_fboU5S_Zn,-5.5886400000000025
ID_fboU5S_Cu,-4.5272960000000015
ID_fboU5S_B,-0.7266240000000005
ID_O0VTAB_N,-4072.3020000000006
ID_O0VTAB_P,-12.703897999999995
ID_O0VTAB_K,-797.7640000000001
ID_O0VTAB_Ca,-7012.287000000001
ID_O0VTAB_Mg,-1667.9840000000002
ID_O0VTAB_S,-9.608814000000006
ID_O0VTAB_Fe,-553.9847120000001
ID_O0VTAB_Mn,-292.4873600000001
ID_O0VTAB_Zn,-4.8727659999999995
ID_O0VTAB_Cu,-5.078870000000001
ID_O0VTAB_B,-0.8713520000000002
ID_nY2rwk_N,-3951.3200000000006
ID_nY2rwk_P,-33.38189200000001
ID_nY2rwk_K,-878.2984000000001
ID_nY2rwk_Ca,-7463.0564
ID_nY2rwk_Mg,-1275.0876
ID_nY2rwk_S,-8.050324000000003
ID_nY2rwk_Fe,-473.036324
ID_nY2rwk_Mn,-283.56552000000005
ID_nY2rwk_Zn,-4.616980000000001
ID_nY2rwk_Cu,-4.929764000000001
ID_nY2rwk_B,-1.15172
ID_wBfne1_N,-3461.8240000000005
ID_wBfne1_P,-38.098048000000006
ID_wBfne1_K,-979.0272
ID_wBfne1_Ca,-10812.6656
ID_wBfne1_Mg,-1743.9936000000002
ID_wBfne1_S,-7.543775999999998
ID_wBfne1_Fe,-482.53510400000005
ID_wBfne1_Mn,-320.20224
ID_wBfne1_Zn,-4.215968
ID_wBfne1_Cu,-5.627135999999999
ID_wBfne1_B,-1.3907840000000007
ID_9fRorR_N,-3379.3
ID_9fRorR_P,-32.35689999999998
ID_9fRorR_K,-1037.198
ID_9fRorR_Ca,-9511.162000000002
ID_9fRorR_Mg,-1458.3220000000001
ID_9fRorR_S,-5.763900000000007
ID_9fRorR_Fe,-439.684
ID_9fRorR_Mn,-300.8482000000001
ID_9fRorR_Zn,-4.458920000000002
ID_9fRorR_Cu,-7.539820000000001
ID_9fRorR_B,-1.2270199999999996
ID_GiQzTk_N,-3445.8560000000007
ID_GiQzTk_P,-22.348831999999994
ID_GiQzTk_K,-915.7664000000003
ID_GiQzTk_Ca,-9786.1704
ID_GiQzTk_Mg,-1517.4568000000002
ID_GiQzTk_S,-5.266608000000005
ID_GiQzTk_Fe,-435.7982080000001
ID_GiQzTk_Mn,-293.5004000000001
ID_GiQzTk_Zn,-4.622864
ID_GiQzTk_Cu,-7.257615999999998
ID_GiQzTk_B,-1.2125439999999996
ID_Dd8w9m_N,-3334.2000000000003
ID_Dd8w9m_P,-20.25866
ID_Dd8w9m_K,-1374.766
ID_Dd8w9m_Ca,-15146.352000000003
ID_Dd8w9m_Mg,-1994.6600000000003
ID_Dd8w9m_S,-6.561399999999999
ID_Dd8w9m_Fe,-448.81422000000003
ID_Dd8w9m_Mn,-346.26500000000004
ID_Dd8w9m_Zn,-4.539439999999998
ID_Dd8w9m_Cu,-5.62472
ID_Dd8w9m_B,-1.47386
ID_h2bh00_N,-3253.0200000000004
ID_h2bh00_P,-26.039599999999993
ID_h2bh00_K,-1392.7620000000004
ID_h2bh00_Ca,-17453.888000000003
ID_h2bh00_Mg,-1947.1840000000004
ID_h2bh00_S,-5.623980000000003
ID_h2bh00_Fe,-337.28389999999996
ID_h2bh00_Mn,-375.2038000000001
ID_h2bh00_Zn,-4.205480000000002
ID_h2bh00_Cu,-6.931739999999998
ID_h2bh00_B,-1.344060000000001
ID_a1BtxW_N,-5232.922
ID_a1BtxW_P,-7.687355999999973
ID_a1BtxW_K,-706.5237999999999
ID_a1BtxW_Ca,-6801.448
ID_a1BtxW_Mg,-799.6336000000001
ID_a1BtxW_S,-8.78273399999999
ID_a1BtxW_Fe,-473.05985000000004
ID_a1BtxW_Mn,-336.6338
ID_a1BtxW_Zn,-9.545130000000006
ID_a1BtxW_Cu,-4.648604000000001
ID_a1BtxW_B,-0.8936080000000002
ID_ypl08x_N,-4693.686
ID_ypl08x_P,10.395129999999998
ID_ypl08x_K,-443.844
ID_ypl08x_Ca,-4433.148800000001
ID_ypl08x_Mg,-607.0364
ID_ypl08x_S,-11.613157999999988
ID_ypl08x_Fe,-515.6203959999999
ID_ypl08x_Mn,-282.55199999999996
ID_ypl08x_Zn,-5.898167999999999
ID_ypl08x_Cu,-4.177846000000001
ID_ypl08x_B,-0.6316740000000004
ID_QiSs5W_N,-4475.8640000000005
ID_QiSs5W_P,-241.37678600000004
ID_QiSs5W_K,-554.726
ID_QiSs5W_Ca,-5287.251
ID_QiSs5W_Mg,-668.1010000000001
ID_QiSs5W_S,-7.884540000000005
ID_QiSs5W_Fe,-581.008942
ID_QiSs5W_Mn,-273.3704000000001
ID_QiSs5W_Zn,-13.175743999999998
ID_QiSs5W_Cu,-4.628944000000003
ID_QiSs5W_B,-0.6561520000000003
ID_kOEzis_N,-4822.720000000001
ID_kOEzis_P,-10.818240000000031
ID_kOEzis_K,-477.4960000000001
ID_kOEzis_Ca,-5622.618000000001
ID_kOEzis_Mg,-699.4100000000001
ID_kOEzis_S,-8.510819999999995
ID_kOEzis_Fe,-571.2354200000001
ID_kOEzis_Mn,-226.73240000000007
ID_kOEzis_Zn,-16.53868000000001
ID_kOEzis_Cu,-4.386560000000004
ID_kOEzis_B,-0.5800000000000003
ID_h4qVua_N,-4597.52
ID_h4qVua_P,3.8111140000000105
ID_h4qVua_K,-532.4372000000001
ID_h4qVua_Ca,-5684.0982
ID_h4qVua_Mg,-936.7876000000002
ID_h4qVua_S,-7.767324000000006
ID_h4qVua_Fe,-567.6121300000002
ID_h4qVua_Mn,-302.3058800000002
ID_h4qVua_Zn,-5.619752
ID_h4qVua_Cu,-4.664464000000003
ID_h4qVua_B,-0.6743560000000001
ID_yAX9TW_N,-4540.900000000001
ID_yAX9TW_P,-13.969740000000002
ID_yAX9TW_K,-671.448
ID_yAX9TW_Ca,-6062.024000000001
ID_yAX9TW_Mg,-911.3800000000001
ID_yAX9TW_S,-10.087560000000007
ID_yAX9TW_Fe,-638.3118800000002
ID_yAX9TW_Mn,-284.06880000000007
ID_yAX9TW_Zn,-5.644500000000002
ID_yAX9TW_Cu,-4.415160000000003
ID_yAX9TW_B,-0.7069400000000005
ID_iMJjNB_N,-4740.2119999999995
ID_iMJjNB_P,-2.3881640000000033
ID_iMJjNB_K,-699.602
ID_iMJjNB_Ca,-6205.970399999999
ID_iMJjNB_Mg,-877.5291999999998
ID_iMJjNB_S,-11.219976000000006
ID_iMJjNB_Fe,-570.211864
ID_iMJjNB_Mn,-303.45560000000006
ID_iMJjNB_Zn,-5.374556000000003
ID_iMJjNB_Cu,-4.779520000000004
ID_iMJjNB_B,-0.7426240000000002
ID_V7v10K_N,-4726.984
ID_V7v10K_P,-14.730714000000006
ID_V7v10K_K,-715.4682000000001
ID_V7v10K_Ca,-5505.0056
ID_V7v10K_Mg,-890.9284000000002
ID_V7v10K_S,-8.901594000000006
ID_V7v10K_Fe,-617.1074520000002
ID_V7v10K_Mn,-312.1512800000001
ID_V7v10K_Zn,-5.190321999999999
ID_V7v10K_Cu,-4.493876000000003
ID_V7v10K_B,-0.774074
ID_W3skyM_N,-4770.992000000001
ID_W3skyM_P,-2.902181999999989
ID_W3skyM_K,-735.1762
ID_W3skyM_Ca,-5829.310000000001
ID_W3skyM_Mg,-927.1546000000003
ID_W3skyM_S,-8.263754000000002
ID_W3skyM_Fe,-548.6345560000001
ID_W3skyM_Mn,-313.54398000000003
ID_W3skyM_Zn,-5.048474000000002
ID_W3skyM_Cu,-4.7034740000000035
ID_W3skyM_B,-0.8735320000000003
ID_jrGPsk_N,-4790.660000000001
ID_jrGPsk_P,-9.118610000000018
ID_jrGPsk_K,-733.4582
ID_jrGPsk_Ca,-6034.236600000001
ID_jrGPsk_Mg,-795.4846000000002
ID_jrGPsk_S,-8.99964600000001
ID_jrGPsk_Fe,-637.7497000000001
ID_jrGPsk_Mn,-286.76144000000005
ID_jrGPsk_Zn,-16.99370000000001
ID_jrGPsk_Cu,-5.258980000000003
ID_jrGPsk_B,-0.8282020000000004
ID_8DAJVI_N,-3447.3680000000004
ID_8DAJVI_P,-15.962576000000027
ID_8DAJVI_K,-922.2464000000002
ID_8DAJVI_Ca,-11210.625600000001
ID_8DAJVI_Mg,-1961.9848
ID_8DAJVI_S,-7.7309519999999985
ID_8DAJVI_Fe,-464.8923280000001
ID_8DAJVI_Mn,-305.32856
ID_8DAJVI_Zn,-4.2532879999999995
ID_8DAJVI_Cu,-5.202376
ID_8DAJVI_B,-1.2492639999999995
ID_feWyoX_N,-4198.8
ID_feWyoX_P,-22.246579999999994
ID_feWyoX_K,-858.6680000000001
ID_feWyoX_Ca,-8551.148000000001
ID_feWyoX_Mg,-1177.558
ID_feWyoX_S,-8.568020000000011
ID_feWyoX_Fe,-506.0569
ID_feWyoX_Mn,-315.2648000000001
ID_feWyoX_Zn,-4.983179999999999
ID_feWyoX_Cu,-5.271839999999999
ID_feWyoX_B,-1.08556
ID_W6zGf1_N,-4459.112
ID_W6zGf1_P,-6.326600000000013
ID_W6zGf1_K,-726.6584000000001
ID_W6zGf1_Ca,-5603.503200000001
ID_W6zGf1_Mg,-870.6448
ID_W6zGf1_S,-8.028384000000006
ID_W6zGf1_Fe,-549.147232
ID_W6zGf1_Mn,-330.00224000000003
ID_W6zGf1_Zn,-6.072656000000002
ID_W6zGf1_Cu,-4.646824000000001
ID_W6zGf1_B,-0.8790400000000002
ID_xifVoY_N,-3726.0080000000003
ID_xifVoY_P,-18.763663999999984
ID_xifVoY_K,-961.1048
ID_xifVoY_Ca,-8510.2152
ID_xifVoY_Mg,-1191.0808000000002
ID_xifVoY_S,-6.936287999999998
ID_xifVoY_Fe,-442.3935520000001
ID_xifVoY_Mn,-326.26544000000007
ID_xifVoY_Zn,-5.311688000000002
ID_xifVoY_Cu,-5.173432000000001
ID_xifVoY_B,-1.3164399999999994
ID_EfNC9B_N,-4556.698
ID_EfNC9B_P,-9.110604000000002
ID_EfNC9B_K,-873.5190000000001
ID_EfNC9B_Ca,-7105.351200000001
ID_EfNC9B_Mg,-951.5706
ID_EfNC9B_S,-7.548278000000003
ID_EfNC9B_Fe,-496.44121399999995
ID_EfNC9B_Mn,-339.03472000000005
ID_EfNC9B_Zn,-6.984532
ID_EfNC9B_Cu,-5.3040639999999994
ID_EfNC9B_B,-1.1392740000000001
ID_UiWHEa_N,-4055.2380000000003
ID_UiWHEa_P,-21.803199999999997
ID_UiWHEa_K,-789.8974000000003
ID_UiWHEa_Ca,-8176.0252
ID_UiWHEa_Mg,-1394.2992
ID_UiWHEa_S,-7.439974000000003
ID_UiWHEa_Fe,-499.64028400000007
ID_UiWHEa_Mn,-306.42464
ID_UiWHEa_Zn,-4.659174000000002
ID_UiWHEa_Cu,-5.573292000000001
ID_UiWHEa_B,-0.949126
ID_0hSrFq_N,-3445.1240000000007
ID_0hSrFq_P,-17.36505399999998
ID_0hSrFq_K,-868.7136
ID_0hSrFq_Ca,-8544.533200000002
ID_0hSrFq_Mg,-1304.5476000000003
ID_0hSrFq_S,-5.956526000000007
ID_0hSrFq_Fe,-445.7041520000001
ID_0hSrFq_Mn,-299.7285800000001
ID_0hSrFq_Zn,-4.567368000000003
ID_0hSrFq_Cu,-6.324431999999997
ID_0hSrFq_B,-1.359578
ID_QeyWn5_N,-3895.1120000000005
ID_QeyWn5_P,-44.74361600000003
ID_QeyWn5_K,-957.2564000000001
ID_QeyWn5_Ca,-12875.388600000002
ID_QeyWn5_Mg,-2574.6148000000003
ID_QeyWn5_S,-10.603151999999998
ID_QeyWn5_Fe,-437.59228000000013
ID_QeyWn5_Mn,-308.33318
ID_QeyWn5_Zn,-4.74485
ID_QeyWn5_Cu,-6.914434000000003
ID_QeyWn5_B,-1.2739780000000003
ID_W3V0QI_N,-6022.256
ID_W3V0QI_P,-98.884604
ID_W3V0QI_K,-1048.6471999999999
ID_W3V0QI_Ca,-7561.7268
ID_W3V0QI_Mg,-1180.4728
ID_W3V0QI_S,-12.365447999999997
ID_W3V0QI_Fe,-402.60267999999996
ID_W3V0QI_Mn,-328.12519999999995
ID_W3V0QI_Zn,-21.38403200000001
ID_W3V0QI_Cu,-6.327868000000002
ID_W3V0QI_B,-1.8372519999999986
ID_Hvm5q6_N,-3863.8560000000007
ID_Hvm5q6_P,-2.2327359999999743
ID_Hvm5q6_K,-765.1904000000001
ID_Hvm5q6_Ca,-8347.4576
ID_Hvm5q6_Mg,-1330.8544
ID_Hvm5q6_S,-6.421727999999998
ID_Hvm5q6_Fe,-468.402448
ID_Hvm5q6_Mn,-264.1968
ID_Hvm5q6_Zn,-4.9982240000000004
ID_Hvm5q6_Cu,-4.562992
ID_Hvm5q6_B,-0.862448
ID_nEi04u_N,-4279.184
ID_nEi04u_P,-22.330342
ID_nEi04u_K,-721.7910000000002
ID_nEi04u_Ca,-7023.7538
ID_nEi04u_Mg,-1379.5918000000001
ID_nEi04u_S,-8.640457999999999
ID_nEi04u_Fe,-507.5773080000001
ID_nEi04u_Mn,-269.65186000000006
ID_nEi04u_Zn,-5.221348000000001
ID_nEi04u_Cu,-4.597526000000001
ID_nEi04u_B,-0.8643760000000006
ID_x20xZi_N,-4133.900000000001
ID_x20xZi_P,-8.692380000000007
ID_x20xZi_K,-732.8500000000001
ID_x20xZi_Ca,-7669.432000000001
ID_x20xZi_Mg,-2085.4760000000006
ID_x20xZi_S,-6.851800000000001
ID_x20xZi_Fe,-477.3141200000001
ID_x20xZi_Mn,-284.5264
ID_x20xZi_Zn,-4.652519999999999
ID_x20xZi_Cu,-5.8002800000000025
ID_x20xZi_B,-0.8763400000000006
ID_YJ7DGb_N,-4471.856000000001
ID_YJ7DGb_P,-0.273200000000017
ID_YJ7DGb_K,-647.2136
ID_YJ7DGb_Ca,-5534.966400000001
ID_YJ7DGb_Mg,-897.2992
ID_YJ7DGb_S,-7.5728400000000065
ID_YJ7DGb_Fe,-536.1911200000001
ID_YJ7DGb_Mn,-326.69744000000003
ID_YJ7DGb_Zn,-5.334584
ID_YJ7DGb_Cu,-4.727608000000003
ID_YJ7DGb_B,-0.93088
ID_ElmwOk_N,-4566.896000000001
ID_ElmwOk_P,-11.234336000000013
ID_ElmwOk_K,-726.2696000000001
ID_ElmwOk_Ca,-6162.424800000001
ID_ElmwOk_Mg,-992.0800000000002
ID_ElmwOk_S,-8.242655999999993
ID_ElmwOk_Fe,-561.7110880000001
ID_ElmwOk_Mn,-259.6618400000001
ID_ElmwOk_Zn,-5.053568000000001
ID_ElmwOk_Cu,-4.565176000000003
ID_ElmwOk_B,-0.8531200000000003
ID_RBeJRT_N,-4572.944
ID_RBeJRT_P,-23.91828800000001
ID_RBeJRT_K,-696.98
ID_RBeJRT_Ca,-5673.012000000001
ID_RBeJRT_Mg,-976.96
ID_RBeJRT_S,-7.449072000000001
ID_RBeJRT_Fe,-548.15104
ID_RBeJRT_Mn,-312.83456000000007
ID_RBeJRT_Zn,-6.466856
ID_RBeJRT_Cu,-5.002792000000001
ID_RBeJRT_B,-1.1291680000000006
ID_AHw6lP_N,-4336.226000000001
ID_AHw6lP_P,-2.9847500000000053
ID_AHw6lP_K,-816.2420000000001
ID_AHw6lP_Ca,-6598.05
ID_AHw6lP_Mg,-1361.2516
ID_AHw6lP_S,-8.201777999999994
ID_AHw6lP_Fe,-475.3316140000002
ID_AHw6lP_Mn,-320.06144000000006
ID_AHw6lP_Zn,-5.200616000000001
ID_AHw6lP_Cu,-4.820752000000001
ID_AHw6lP_B,-0.9645100000000008
ID_Qbbpm8_N,-4299.0
ID_Qbbpm8_P,-13.021836
ID_Qbbpm8_K,-856.844
ID_Qbbpm8_Ca,-6852.666000000001
ID_Qbbpm8_Mg,-919.6696000000002
ID_Qbbpm8_S,-7.376800000000003
ID_Qbbpm8_Fe,-493.175476
ID_Qbbpm8_Mn,-337.7484800000001
ID_Qbbpm8_Zn,-6.562715999999999
ID_Qbbpm8_Cu,-4.957536
ID_Qbbpm8_B,-1.08494
ID_sqzaGF_N,-3666.0080000000003
ID_sqzaGF_P,-24.283208000000002
ID_sqzaGF_K,-966.8024000000001
ID_sqzaGF_Ca,-9663.1818
ID_sqzaGF_Mg,-1605.0964000000004
ID_sqzaGF_S,-7.414788000000005
ID_sqzaGF_Fe,-448.1634760000001
ID_sqzaGF_Mn,-324.66350000000006
ID_sqzaGF_Zn,-4.823882000000003
ID_sqzaGF_Cu,-6.777903999999999
ID_sqzaGF_B,-1.5539200000000002
ID_3awyli_N,-3408.274000000001
ID_3awyli_P,-21.55273600000001
ID_3awyli_K,-967.4988000000002
ID_3awyli_Ca,-8501.445000000002
ID_3awyli_Mg,-1246.8516
ID_3awyli_S,-7.669050000000006
ID_3awyli_Fe,-451.58182800000003
ID_3awyli_Mn,-361.3622800000001
ID_3awyli_Zn,-4.770524000000002
ID_3awyli_Cu,-5.714339999999999
ID_3awyli_B,-1.4708520000000007
ID_rQjlx3_N,-3399.392
ID_rQjlx3_P,-23.598703999999998
ID_rQjlx3_K,-945.984
ID_rQjlx3_Ca,-7031.2544
ID_rQjlx3_Mg,-957.432
ID_rQjlx3_S,-7.041776000000009
ID_rQjlx3_Fe,-435.69382400000006
ID_rQjlx3_Mn,-321.23872000000006
ID_rQjlx3_Zn,-5.052096000000001
ID_rQjlx3_Cu,-5.217984
ID_rQjlx3_B,-1.2744959999999996
ID_FXwffG_N,-3539.728000000001
ID_FXwffG_P,-31.431842000000003
ID_FXwffG_K,-1000.2860000000001
ID_FXwffG_Ca,-12574.796800000004
ID_FXwffG_Mg,-2249.5208
ID_FXwffG_S,-9.825506000000004
ID_FXwffG_Fe,-422.55164000000013
ID_FXwffG_Mn,-325.1524800000001
ID_FXwffG_Zn,-5.950776000000002
ID_FXwffG_Cu,-8.264721999999997
ID_FXwffG_B,-1.3616339999999996
ID_rAEkHO_N,-3467.06
ID_rAEkHO_P,-14.48151199999998
ID_rAEkHO_K,-1023.0883999999999
ID_rAEkHO_Ca,-7841.574
ID_rAEkHO_Mg,-1310.2047999999998
ID_rAEkHO_S,-6.503567999999998
ID_rAEkHO_Fe,-444.98856400000017
ID_rAEkHO_Mn,-348.14132000000006
ID_rAEkHO_Zn,-5.654084
ID_rAEkHO_Cu,-5.12494
ID_rAEkHO_B,-1.4108920000000003
ID_herSgX_N,-3399.1720000000005
ID_herSgX_P,-23.36836000000001
ID_herSgX_K,-984.866
ID_herSgX_Ca,-7884.630800000001
ID_herSgX_Mg,-1069.34
ID_herSgX_S,-10.027296000000003
ID_herSgX_Fe,-466.59564
ID_herSgX_Mn,-355.0986
ID_herSgX_Zn,-5.310020000000002
ID_herSgX_Cu,-5.090412000000002
ID_herSgX_B,-1.5328239999999995
ID_aDKRLX_N,-3980.608
ID_aDKRLX_P,13.036223999999997
ID_aDKRLX_K,-788.2016
ID_aDKRLX_Ca,-7023.5936
ID_aDKRLX_Mg,-1325.1808
ID_aDKRLX_S,-7.912480000000013
ID_aDKRLX_Fe,-384.75104000000005
ID_aDKRLX_Mn,-277.7654400000001
ID_aDKRLX_Zn,-5.778368000000001
ID_aDKRLX_Cu,-5.214528000000001
ID_aDKRLX_B,-0.8518400000000007
ID_NrDlmF_N,-4145.512000000001
ID_NrDlmF_P,-18.035000000000018
ID_NrDlmF_K,-752.3280000000001
ID_NrDlmF_Ca,-7807.0688
ID_NrDlmF_Mg,-1372.3532000000002
ID_NrDlmF_S,-8.384012000000002
ID_NrDlmF_Fe,-518.6436720000003
ID_NrDlmF_Mn,-285.49260000000004
ID_NrDlmF_Zn,-4.767500000000001
ID_NrDlmF_Cu,-4.6622200000000005
ID_NrDlmF_B,-0.8294800000000002
ID_Q4er9R_N,-3570.9200000000005
ID_Q4er9R_P,-8.391860000000008
ID_Q4er9R_K,-906.1440000000001
ID_Q4er9R_Ca,-9955.298000000003
ID_Q4er9R_Mg,-1394.6980000000003
ID_Q4er9R_S,-7.065639999999998
ID_Q4er9R_Fe,-460.4058
ID_Q4er9R_Mn,-291.8656000000001
ID_Q4er9R_Zn,-4.392260000000001
ID_Q4er9R_Cu,-5.309680000000002
ID_Q4er9R_B,-1.1674000000000002
ID_jyTemf_N,-3415.6160000000004
ID_jyTemf_P,-22.185136
ID_jyTemf_K,-946.1088000000002
ID_jyTemf_Ca,-9108.508800000001
ID_jyTemf_Mg,-1679.8991999999998
ID_jyTemf_S,-6.645743999999997
ID_jyTemf_Fe,-443.34552000000014
ID_jyTemf_Mn,-292.14992000000007
ID_jyTemf_Zn,-4.425184
ID_jyTemf_Cu,-5.345904
ID_jyTemf_B,-1.2324799999999998
ID_fV6xnl_N,-4459.328
ID_fV6xnl_P,-11.991847999999997
ID_fV6xnl_K,-756.1424000000001
ID_fV6xnl_Ca,-6770.659200000001
ID_fV6xnl_Mg,-929.6128000000001
ID_fV6xnl_S,-7.691640000000007
ID_fV6xnl_Fe,-496.8316
ID_fV6xnl_Mn,-326.0926400000001
ID_fV6xnl_Zn,-5.752112000000001
ID_fV6xnl_Cu,-4.9911280000000025
ID_fV6xnl_B,-0.949672
ID_8QEFpn_N,-4307.912
ID_8QEFpn_P,-12.320600000000006
ID_8QEFpn_K,-768.4544000000001
ID_8QEFpn_Ca,-7533.960000000001
ID_8QEFpn_Mg,-1090.4896
ID_8QEFpn_S,-6.417240000000003
ID_8QEFpn_Fe,-513.0886240000001
ID_8QEFpn_Mn,-276.22256000000004
ID_8QEFpn_Zn,-5.716256
ID_8QEFpn_Cu,-4.998688000000001
ID_8QEFpn_B,-0.972568
ID_O35LPk_N,-3326.792
ID_O35LPk_P,-19.364204
ID_O35LPk_K,-936.7064
ID_O35LPk_Ca,-7130.611200000001
ID_O35LPk_Mg,-1135.7056
ID_O35LPk_S,-4.733916000000001
ID_O35LPk_Fe,-411.30611200000004
ID_O35LPk_Mn,-321.92408000000006
ID_O35LPk_Zn,-4.783436
ID_O35LPk_Cu,-5.0189319999999995
ID_O35LPk_B,-1.352692
ID_ohu5MZ_N,-3926.96
ID_ohu5MZ_P,-17.320760000000007
ID_ohu5MZ_K,-916.4780000000001
ID_ohu5MZ_Ca,-8630.487000000001
ID_ohu5MZ_Mg,-1179.193
ID_ohu5MZ_S,-7.2326400000000035
ID_ohu5MZ_Fe,-468.87843999999996
ID_ohu5MZ_Mn,-345.9194000000001
ID_ohu5MZ_Zn,-5.235980000000002
ID_ohu5MZ_Cu,-5.219050000000002
ID_ohu5MZ_B,-1.29571
ID_HxCy04_N,-4005.786
ID_HxCy04_P,-17.018534000000017
ID_HxCy04_K,-656.6606
ID_HxCy04_Ca,-5889.179
ID_HxCy04_Mg,-1017.9624000000001
ID_HxCy04_S,-9.913662000000006
ID_HxCy04_Fe,-593.9702040000002
ID_HxCy04_Mn,-302.5333000000001
ID_HxCy04_Zn,-5.508080000000001
ID_HxCy04_Cu,-4.920748000000002
ID_HxCy04_B,-0.8084779999999997
ID_b6YMx9_N,-3814.9760000000006
ID_b6YMx9_P,-14.710864000000008
ID_b6YMx9_K,-754.2704000000001
ID_b6YMx9_Ca,-8100.478400000002
ID_b6YMx9_Mg,-1317.6048
ID_b6YMx9_S,-7.753344000000006
ID_b6YMx9_Fe,-488.5944640000001
ID_b6YMx9_Mn,-315.50000000000006
ID_b6YMx9_Zn,-5.450208
ID_b6YMx9_Cu,-5.287040000000004
ID_b6YMx9_B,-0.9489760000000002
ID_0d2dU1_N,-3525.1220000000003
ID_0d2dU1_P,-28.974328
ID_0d2dU1_K,-986.8353999999999
ID_0d2dU1_Ca,-9733.5156
ID_0d2dU1_Mg,-1733.2968
ID_0d2dU1_S,-9.28116
ID_0d2dU1_Fe,-428.4271760000001
ID_0d2dU1_Mn,-332.31596
ID_0d2dU1_Zn,-5.112784000000001
ID_0d2dU1_Cu,-7.7958039999999995
ID_0d2dU1_B,-1.3533499999999998
ID_e3AekG_N,-3523.5040000000004
ID_e3AekG_P,-23.534492
ID_e3AekG_K,-977.8748000000003
ID_e3AekG_Ca,-9010.126400000001
ID_e3AekG_Mg,-1530.1236
ID_e3AekG_S,-6.5667480000000005
ID_e3AekG_Fe,-402.18338000000006
ID_e3AekG_Mn,-337.5364800000001
ID_e3AekG_Zn,-4.991796000000004
ID_e3AekG_Cu,-6.707172000000002
ID_e3AekG_B,-1.3847080000000003
ID_dpmY2f_N,-3381.9940000000006
ID_dpmY2f_P,-23.23978199999999
ID_dpmY2f_K,-988.7034000000001
ID_dpmY2f_Ca,-10708.094600000002
ID_dpmY2f_Mg,-2014.2358000000004
ID_dpmY2f_S,-7.7898640000000015
ID_dpmY2f_Fe,-449.7690820000001
ID_dpmY2f_Mn,-314.4710400000001
ID_dpmY2f_Zn,-4.998578000000003
ID_dpmY2f_Cu,-6.69294
ID_dpmY2f_B,-1.320202
ID_MC76Yq_N,-3837.8360000000002
ID_MC76Yq_P,-15.010046000000017
ID_MC76Yq_K,-940.1624
ID_MC76Yq_Ca,-7718.794800000001
ID_MC76Yq_Mg,-1323.2230000000002
ID_MC76Yq_S,-8.646444000000006
ID_MC76Yq_Fe,-500.91001000000006
ID_MC76Yq_Mn,-358.63838000000004
ID_MC76Yq_Zn,-5.198396000000001
ID_MC76Yq_Cu,-6.133437999999998
ID_MC76Yq_B,-1.090162
ID_yWsT6x_N,-3571.1400000000003
ID_yWsT6x_P,-20.007860000000008
ID_yWsT6x_K,-949.9020000000003
ID_yWsT6x_Ca,-11000.518
ID_yWsT6x_Mg,-1944.1260000000007
ID_yWsT6x_S,-7.922320000000003
ID_yWsT6x_Fe,-428.8441600000001
ID_yWsT6x_Mn,-299.6404
ID_yWsT6x_Zn,-4.243760000000002
ID_yWsT6x_Cu,-5.824040000000002
ID_yWsT6x_B,-1.4230399999999999
ID_VdlrRh_N,-3125.1940000000004
ID_VdlrRh_P,-28.48599200000001
ID_VdlrRh_K,-1127.3754000000001
ID_VdlrRh_Ca,-10273.375
ID_VdlrRh_Mg,-1687.3722000000002
ID_VdlrRh_S,-6.493237999999998
ID_VdlrRh_Fe,-386.9844780000001
ID_VdlrRh_Mn,-374.45310000000006
ID_VdlrRh_Zn,-4.646762000000003
ID_VdlrRh_Cu,-6.975848000000001
ID_VdlrRh_B,-1.4693599999999998
ID_qp9RrM_N,-3424.972
ID_qp9RrM_P,-16.86951599999999
ID_qp9RrM_K,-1465.703
ID_qp9RrM_Ca,-9703.5014
ID_qp9RrM_Mg,-1517.6648000000002
ID_qp9RrM_S,-9.019151999999998
ID_qp9RrM_Fe,-451.8263940000001
ID_qp9RrM_Mn,-388.58838000000003
ID_qp9RrM_Zn,-5.460272000000002
ID_qp9RrM_Cu,-5.321230000000002
ID_qp9RrM_B,-1.5576139999999996
ID_Pj1U2K_N,-3528.0
ID_Pj1U2K_P,-25.829250000000002
ID_Pj1U2K_K,-2019.275
ID_Pj1U2K_Ca,-10766.800000000003
ID_Pj1U2K_Mg,-1535.75
ID_Pj1U2K_S,-10.372250000000008
ID_Pj1U2K_Fe,-444.21625000000006
ID_Pj1U2K_Mn,-529.5225
ID_Pj1U2K_Zn,-9.955250000000001
ID_Pj1U2K_Cu,-6.1290000000000004
ID_Pj1U2K_B,-1.7745000000000009
ID_S9K3M3_N,-3490.7400000000002
ID_S9K3M3_P,-9.155732
ID_S9K3M3_K,-977.1487999999999
ID_S9K3M3_Ca,-9115.6304
ID_S9K3M3_Mg,-1192.5084
ID_S9K3M3_S,-9.703268000000001
ID_S9K3M3_Fe,-465.05975199999995
ID_S9K3M3_Mn,-320.15172
ID_S9K3M3_Zn,-5.293264000000002
ID_S9K3M3_Cu,-4.720128
ID_S9K3M3_B,-1.479724
ID_Psq88c_N,-4046.7380000000003
ID_Psq88c_P,-24.913466
ID_Psq88c_K,-921.7808000000001
ID_Psq88c_Ca,-13738.524600000002
ID_Psq88c_Mg,-2305.1734000000006
ID_Psq88c_S,-10.366943999999997
ID_Psq88c_Fe,-464.6414260000001
ID_Psq88c_Mn,-331.89848000000006
ID_Psq88c_Zn,-4.589450000000001
ID_Psq88c_Cu,-7.5446919999999995
ID_Psq88c_B,-1.080394
ID_6nSiBE_N,-3639.428
ID_6nSiBE_P,-78.64367600000001
ID_6nSiBE_K,-1176.1903999999997
ID_6nSiBE_Ca,-13593.1704
ID_6nSiBE_Mg,-2670.7036
ID_6nSiBE_S,-12.154547999999995
ID_6nSiBE_Fe,-328.12078
ID_6nSiBE_Mn,-275.62819999999994
ID_6nSiBE_Zn,-5.301596000000001
ID_6nSiBE_Cu,-6.920895999999999
ID_6nSiBE_B,-1.3420359999999998
ID_kLMnae_N,-4302.946000000001
ID_kLMnae_P,-15.06854400000001
ID_kLMnae_K,-886.4682000000001
ID_kLMnae_Ca,-6913.772800000001
ID_kLMnae_Mg,-1089.8262000000002
ID_kLMnae_S,-6.686960000000006
ID_kLMnae_Fe,-495.3409680000001
ID_kLMnae_Mn,-316.6831800000001
ID_kLMnae_Zn,-14.340724000000007
ID_kLMnae_Cu,-4.636548000000004
ID_kLMnae_B,-1.0191560000000004
ID_VYl37E_N,-6243.506
ID_VYl37E_P,-61.97556199999998
ID_VYl37E_K,-1211.8339999999998
ID_VYl37E_Ca,-7400.5818
ID_VYl37E_Mg,-1200.0718
ID_VYl37E_S,-10.775921999999998
ID_VYl37E_Fe,-433.83861999999993
ID_VYl37E_Mn,-252.54932
ID_VYl37E_Zn,-11.732197999999999
ID_VYl37E_Cu,-5.1937
ID_VYl37E_B,-1.3174480000000006
ID_gJ9PsJ_N,-5508.56
ID_gJ9PsJ_P,-41.33312000000001
ID_gJ9PsJ_K,-1328.8400000000001
ID_gJ9PsJ_Ca,-7968.575999999998
ID_gJ9PsJ_Mg,-1211.344
ID_gJ9PsJ_S,-10.524959999999997
ID_gJ9PsJ_Fe,-425.12319999999994
ID_gJ9PsJ_Mn,-292.5536
ID_gJ9PsJ_Zn,-13.559120000000005
ID_gJ9PsJ_Cu,-5.066080000000001
ID_gJ9PsJ_B,-1.3971999999999998
ID_uh6JdH_N,-6228.53
ID_uh6JdH_P,-42.79575200000001
ID_uh6JdH_K,-845.7878000000001
ID_uh6JdH_Ca,-7100.032200000001
ID_uh6JdH_Mg,-992.6542
ID_uh6JdH_S,-12.232337999999995
ID_uh6JdH_Fe,-436.2183999999999
ID_uh6JdH_Mn,-248.80531999999994
ID_uh6JdH_Zn,-11.538212000000001
ID_uh6JdH_Cu,-4.863994000000001
ID_uh6JdH_B,-1.1204200000000009
ID_efdC4a_N,-3868.608
ID_efdC4a_P,-15.974687999999993
ID_efdC4a_K,-955.0144000000003
ID_efdC4a_Ca,-9224.124800000003
ID_efdC4a_Mg,-1582.2880000000002
ID_efdC4a_S,-6.294751999999999
ID_efdC4a_Fe,-410.948736
ID_efdC4a_Mn,-292.99296000000015
ID_efdC4a_Zn,-4.781120000000002
ID_efdC4a_Cu,-5.857855999999999
ID_efdC4a_B,-1.19792
ID_OtxMIT_N,-3607.2799999999997
ID_OtxMIT_P,-7.350127999999998
ID_OtxMIT_K,-1417.7335999999998
ID_OtxMIT_Ca,-13775.4564
ID_OtxMIT_Mg,-2034.1275999999996
ID_OtxMIT_S,-6.965723999999987
ID_OtxMIT_Fe,-418.65935199999996
ID_OtxMIT_Mn,-298.16828000000004
ID_OtxMIT_Zn,-4.756903999999999
ID_OtxMIT_Cu,-7.430475999999994
ID_OtxMIT_B,-1.4389359999999998
ID_HUaGq8_N,-3588.7400000000002
ID_HUaGq8_P,10.078239999999997
ID_HUaGq8_K,-949.7260000000002
ID_HUaGq8_Ca,-11769.044000000002
ID_HUaGq8_Mg,-1823.7200000000003
ID_HUaGq8_S,-6.704180000000001
ID_HUaGq8_Fe,-422.80252000000013
ID_HUaGq8_Mn,-281.156
ID_HUaGq8_Zn,-4.706200000000001
ID_HUaGq8_Cu,-6.493280000000001
ID_HUaGq8_B,-1.39818
ID_GSMyoa_N,-3606.6940000000004
ID_GSMyoa_P,-26.93556199999999
ID_GSMyoa_K,-979.1590000000001
ID_GSMyoa_Ca,-7308.918599999999
ID_GSMyoa_Mg,-902.2704000000002
ID_GSMyoa_S,-7.523220000000009
ID_GSMyoa_Fe,-442.1145160000001
ID_GSMyoa_Mn,-290.2013
ID_GSMyoa_Zn,-7.087218
ID_GSMyoa_Cu,-5.193228
ID_GSMyoa_B,-1.259212
ID_LlyabC_N,-3550.8039999999996
ID_LlyabC_P,-17.67090599999998
ID_LlyabC_K,-1081.0961999999997
ID_LlyabC_Ca,-7506.816599999998
ID_LlyabC_Mg,-935.7986000000001
ID_LlyabC_S,-6.307807999999994
ID_LlyabC_Fe,-465.468284
ID_LlyabC_Mn,-288.37602
ID_LlyabC_Zn,-5.496340000000002
ID_LlyabC_Cu,-4.945116000000001
ID_LlyabC_B,-1.4572519999999998
ID_vElu5P_N,-3438.918
ID_vElu5P_P,-21.428699999999992
ID_vElu5P_K,-914.9804000000003
ID_vElu5P_Ca,-11313.885800000004
ID_vElu5P_Mg,-1872.3538
ID_vElu5P_S,-6.488958
ID_vElu5P_Fe,-441.0562860000001
ID_vElu5P_Mn,-274.59642000000014
ID_vElu5P_Zn,-4.626860000000001
ID_vElu5P_Cu,-6.271788
ID_vElu5P_B,-1.304152
ID_4nitAf_N,-3370.5
ID_4nitAf_P,-37.11836000000001
ID_4nitAf_K,-1091.6260000000002
ID_4nitAf_Ca,-14898.368
ID_4nitAf_Mg,-2340.192
ID_4nitAf_S,-9.286980000000007
ID_4nitAf_Fe,-418.29339999999996
ID_4nitAf_Mn,-299.5348000000001
ID_4nitAf_Zn,-5.632180000000003
ID_4nitAf_Cu,-9.480659999999997
ID_4nitAf_B,-1.4232600000000002
ID_IP46pR_N,-3039.1660000000006
ID_IP46pR_P,-30.303708
ID_IP46pR_K,-1156.2440000000001
ID_IP46pR_Ca,-16973.415399999998
ID_IP46pR_Mg,-2104.1372
ID_IP46pR_S,-7.288248000000003
ID_IP46pR_Fe,-394.42932400000007
ID_IP46pR_Mn,-348.29588000000007
ID_IP46pR_Zn,-6.002238000000003
ID_IP46pR_Cu,-8.718877999999991
ID_IP46pR_B,-1.4017359999999999
ID_TdWa9l_N,-3667.76
ID_TdWa9l_P,-20.77112000000001
ID_TdWa9l_K,-1172.336
ID_TdWa9l_Ca,-13116.192000000003
ID_TdWa9l_Mg,-1555.816
ID_TdWa9l_S,-9.543839999999996
ID_TdWa9l_Fe,-460.46416
ID_TdWa9l_Mn,-373.80320000000006
ID_TdWa9l_Zn,-5.497279999999999
ID_TdWa9l_Cu,-5.570319999999999
ID_TdWa9l_B,-1.57
ID_e4xhGB_N,-3829.1119999999996
ID_e4xhGB_P,-22.778429999999993
ID_e4xhGB_K,-1073.0096
ID_e4xhGB_Ca,-12031.5172
ID_e4xhGB_Mg,-1566.4520000000002
ID_e4xhGB_S,-13.021590000000003
ID_e4xhGB_Fe,-496.8577540000001
ID_e4xhGB_Mn,-374.59594000000004
ID_e4xhGB_Zn,-5.702513999999999
ID_e4xhGB_Cu,-5.314212
ID_e4xhGB_B,-1.5716499999999998
ID_ETNScj_N,-3564.2479999999996
ID_ETNScj_P,-17.21258199999999
ID_ETNScj_K,-1840.9568
ID_ETNScj_Ca,-9416.774599999999
ID_ETNScj_Mg,-1323.6338
ID_ETNScj_S,-8.902826000000001
ID_ETNScj_Fe,-465.57456599999995
ID_ETNScj_Mn,-432.00792000000007
ID_ETNScj_Zn,-5.007360000000003
ID_ETNScj_Cu,-5.4670179999999995
ID_ETNScj_B,-1.6109899999999993
ID_lDa2WI_N,-3152.3720000000003
ID_lDa2WI_P,-31.83316600000002
ID_lDa2WI_K,-957.3524000000002
ID_lDa2WI_Ca,-8800.905200000001
ID_lDa2WI_Mg,-1222.1576000000005
ID_lDa2WI_S,-5.729044000000009
ID_lDa2WI_Fe,-434.65319200000005
ID_lDa2WI_Mn,-339.1773400000001
ID_lDa2WI_Zn,-4.667948000000002
ID_lDa2WI_Cu,-5.866686000000001
ID_lDa2WI_B,-1.5168679999999999
ID_sgjifJ_N,-3342.6180000000004
ID_sgjifJ_P,-40.86953
ID_sgjifJ_K,-1012.4146000000001
ID_sgjifJ_Ca,-12586.458200000001
ID_sgjifJ_Mg,-2004.6914000000002
ID_sgjifJ_S,-9.330022000000003
ID_sgjifJ_Fe,-441.28869000000003
ID_sgjifJ_Mn,-316.39918000000006
ID_sgjifJ_Zn,-5.300318000000002
ID_sgjifJ_Cu,-8.220043999999996
ID_sgjifJ_B,-1.4220660000000003
ID_jILMjL_N,-3597.4400000000005
ID_jILMjL_P,-17.52008
ID_jILMjL_K,-1279.7120000000002
ID_jILMjL_Ca,-13975.584
ID_jILMjL_Mg,-1722.064
ID_jILMjL_S,-8.829119999999993
ID_jILMjL_Fe,-444.01984000000004
ID_jILMjL_Mn,-339.08720000000005
ID_jILMjL_Zn,-5.4327200000000015
ID_jILMjL_Cu,-5.177680000000001
ID_jILMjL_B,-1.5435999999999994
ID_aulHoa_N,-5801.280000000001
ID_aulHoa_P,-69.02254000000003
ID_aulHoa_K,-981.8460000000002
ID_aulHoa_Ca,-6906.494000000001
ID_aulHoa_Mg,-1239.4440000000002
ID_aulHoa_S,-11.077780000000004
ID_aulHoa_Fe,-403.89528
ID_aulHoa_Mn,-255.07500000000002
ID_aulHoa_Zn,-14.083920000000004
ID_aulHoa_Cu,-6.299900000000004
ID_aulHoa_B,-1.5191799999999995
ID_RSANup_N,-6192.728
ID_RSANup_P,-57.16709599999997
ID_RSANup_K,-649.8362000000001
ID_RSANup_Ca,-5813.4534
ID_RSANup_Mg,-793.1692
ID_RSANup_S,-10.682321999999992
ID_RSANup_Fe,-438.2425
ID_RSANup_Mn,-210.29359999999994
ID_RSANup_Zn,-16.24208000000001
ID_RSANup_Cu,-3.596416
ID_RSANup_B,-0.8379820000000002
ID_PgSNak_N,-4532.429999999999
ID_PgSNak_P,-4.736839999999994
ID_PgSNak_K,-789.5930000000001
ID_PgSNak_Ca,-7596.400000000001
ID_PgSNak_Mg,-1152.3500000000001
ID_PgSNak_S,-7.517800000000005
ID_PgSNak_Fe,-438.45216
ID_PgSNak_Mn,-279.04540000000003
ID_PgSNak_Zn,-5.31067
ID_PgSNak_Cu,-4.89266
ID_PgSNak_B,-0.9660400000000008
ID_eAv6Xx_N,-3953.274000000001
ID_eAv6Xx_P,-15.913294
ID_eAv6Xx_K,-670.5610000000001
ID_eAv6Xx_Ca,-7304.036400000002
ID_eAv6Xx_Mg,-1313.9520000000002
ID_eAv6Xx_S,-8.453850000000003
ID_eAv6Xx_Fe,-363.46361200000007
ID_eAv6Xx_Mn,-281.63968000000006
ID_eAv6Xx_Zn,-5.305060000000001
ID_eAv6Xx_Cu,-5.105902000000003
ID_eAv6Xx_B,-0.8423580000000009
ID_kJEGGo_N,-3476.56
ID_kJEGGo_P,-24.63620800000001
ID_kJEGGo_K,-885.1440000000001
ID_kJEGGo_Ca,-6243.4336
ID_kJEGGo_Mg,-848.3360000000001
ID_kJEGGo_S,-7.433440000000008
ID_kJEGGo_Fe,-487.65908800000005
ID_kJEGGo_Mn,-306.31056
ID_kJEGGo_Zn,-19.56592000000001
ID_kJEGGo_Cu,-4.7605920000000035
ID_kJEGGo_B,-1.32712
ID_wjd9Bu_N,-3480.2900000000004
ID_wjd9Bu_P,-20.55287
ID_wjd9Bu_K,-798.122
ID_wjd9Bu_Ca,-6586.767
ID_wjd9Bu_Mg,-991.1800000000002
ID_wjd9Bu_S,-7.476029999999998
ID_wjd9Bu_Fe,-494.27941000000004
ID_wjd9Bu_Mn,-299.9105
ID_wjd9Bu_Zn,-14.048420000000005
ID_wjd9Bu_Cu,-4.679350000000002
ID_wjd9Bu_B,-1.34863
ID_4tnReL_N,-3723.2899999999995
ID_4tnReL_P,-10.747889999999984
ID_4tnReL_K,-918.8069999999998
ID_4tnReL_Ca,-12290.24
ID_4tnReL_Mg,-2206.21
ID_4tnReL_S,-8.437569999999994
ID_4tnReL_Fe,-464.34601999999995
ID_4tnReL_Mn,-279.00399999999996
ID_4tnReL_Zn,-5.19383
ID_4tnReL_Cu,-6.799590000000001
ID_4tnReL_B,-1.3977499999999996
ID_A3JVAQ_N,-3289.0400000000004
ID_A3JVAQ_P,-17.99275999999999
ID_A3JVAQ_K,-897.2768000000002
ID_A3JVAQ_Ca,-7433.800800000002
ID_A3JVAQ_Mg,-1302.4720000000002
ID_A3JVAQ_S,-7.671984000000002
ID_A3JVAQ_Fe,-440.699248
ID_A3JVAQ_Mn,-292.37072000000006
ID_A3JVAQ_Zn,-4.953560000000001
ID_A3JVAQ_Cu,-5.946064000000001
ID_A3JVAQ_B,-1.3466799999999999
ID_8Ao6HZ_N,-3511.7479999999996
ID_8Ao6HZ_P,-11.463932
ID_8Ao6HZ_K,-836.9491999999999
ID_8Ao6HZ_Ca,-6840.334799999999
ID_8Ao6HZ_Mg,-794.1951999999999
ID_8Ao6HZ_S,-8.271024
ID_8Ao6HZ_Fe,-490.01902
ID_8Ao6HZ_Mn,-316.81640000000004
ID_8Ao6HZ_Zn,-19.822232
ID_8Ao6HZ_Cu,-4.8337840000000005
ID_8Ao6HZ_B,-1.2952959999999998
ID_wW0JRO_N,-3891.560000000001
ID_wW0JRO_P,-0.3842419999999933
ID_wW0JRO_K,-832.7144000000001
ID_wW0JRO_Ca,-7590.612000000001
ID_wW0JRO_Mg,-1065.3700000000001
ID_wW0JRO_S,-8.043936000000006
ID_wW0JRO_Fe,-493.42394800000005
ID_wW0JRO_Mn,-282.36140000000006
ID_wW0JRO_Zn,-14.073734000000007
ID_wW0JRO_Cu,-5.048524000000001
ID_wW0JRO_B,-1.0706260000000005
ID_BuxqSv_N,-3232.8800000000006
ID_BuxqSv_P,-25.339783999999995
ID_BuxqSv_K,-1095.5864
ID_BuxqSv_Ca,-7843.056000000001
ID_BuxqSv_Mg,-1441.9000000000003
ID_BuxqSv_S,-6.391752
ID_BuxqSv_Fe,-410.31712
ID_BuxqSv_Mn,-325.9565600000001
ID_BuxqSv_Zn,-4.700192000000001
ID_BuxqSv_Cu,-6.737272
ID_BuxqSv_B,-1.4862159999999998
ID_E2BiW6_N,-3284.4160000000006
ID_E2BiW6_P,-24.381184000000005
ID_E2BiW6_K,-1597.2448000000002
ID_E2BiW6_Ca,-22311.324800000006
ID_E2BiW6_Mg,-1382.1440000000002
ID_E2BiW6_S,-12.264128000000007
ID_E2BiW6_Fe,-137.07760000000002
ID_E2BiW6_Mn,-402.1884800000001
ID_E2BiW6_Zn,-6.455744000000001
ID_E2BiW6_Cu,-5.345120000000001
ID_E2BiW6_B,-2.556479999999998
ID_uJO2zg_N,-3500.4760000000006
ID_uJO2zg_P,-11.853824000000003
ID_uJO2zg_K,-1215.5718
ID_uJO2zg_Ca,-9586.6396
ID_uJO2zg_Mg,-1184.2614
ID_uJO2zg_S,-7.704607999999993
ID_uJO2zg_Fe,-467.51694799999996
ID_uJO2zg_Mn,-382.10278000000005
ID_uJO2zg_Zn,-5.254330000000003
ID_uJO2zg_Cu,-5.000096000000002
ID_uJO2zg_B,-1.6345699999999999
ID_r59XIZ_N,-3289.7600000000007
ID_r59XIZ_P,-22.14801999999999
ID_r59XIZ_K,-1083.486
ID_r59XIZ_Ca,-9272.044000000002
ID_r59XIZ_Mg,-1524.3000000000002
ID_r59XIZ_S,-7.03154
ID_r59XIZ_Fe,-414.06786000000005
ID_r59XIZ_Mn,-325.82700000000006
ID_r59XIZ_Zn,-4.501820000000004
ID_r59XIZ_Cu,-6.901600000000001
ID_r59XIZ_B,-1.4756199999999997
ID_WCxLtl_N,-3586.8799999999997
ID_WCxLtl_P,-20.55895999999997
ID_WCxLtl_K,-1182.1280000000002
ID_WCxLtl_Ca,-8449.656
ID_WCxLtl_Mg,-1050.64
ID_WCxLtl_S,-9.264240000000004
ID_WCxLtl_Fe,-474.71656000000013
ID_WCxLtl_Mn,-442.4888
ID_WCxLtl_Zn,-14.592080000000001
ID_WCxLtl_Cu,-5.770000000000002
ID_WCxLtl_B,-1.7036799999999994
ID_pdbvNo_N,-3233.4400000000005
ID_pdbvNo_P,-25.21526
ID_pdbvNo_K,-1100.4040000000002
ID_pdbvNo_Ca,-9456.140000000001
ID_pdbvNo_Mg,-1558.7300000000002
ID_pdbvNo_S,-7.708479999999998
ID_pdbvNo_Fe,-410.1259
ID_pdbvNo_Mn,-323.7568000000001
ID_pdbvNo_Zn,-4.399740000000002
ID_pdbvNo_Cu,-5.454220000000002
ID_pdbvNo_B,-1.4523
ID_u6HvaL_N,-3336.632
ID_u6HvaL_P,-8.857428000000006
ID_u6HvaL_K,-1514.7096000000001
ID_u6HvaL_Ca,-23518.1204
ID_u6HvaL_Mg,-1319.146
ID_u6HvaL_S,-16.659367999999997
ID_u6HvaL_Fe,-172.15897199999992
ID_u6HvaL_Mn,-425.6744
ID_u6HvaL_Zn,-7.185039999999998
ID_u6HvaL_Cu,-5.166168000000002
ID_u6HvaL_B,-2.792591999999999
ID_4yemiz_N,-3457.024
ID_4yemiz_P,-12.481880000000004
ID_4yemiz_K,-1571.9072
ID_4yemiz_Ca,-15544.412
ID_4yemiz_Mg,-1552.9656
ID_4yemiz_S,-7.610960000000002
ID_4yemiz_Fe,-242.558952
ID_4yemiz_Mn,-437.12184
ID_4yemiz_Zn,-5.917128000000002
ID_4yemiz_Cu,-5.761936000000001
ID_4yemiz_B,-1.6430639999999994
ID_RMUTQp_N,-3423.92
ID_RMUTQp_P,-24.42152
ID_RMUTQp_K,-1392.5600000000002
ID_RMUTQp_Ca,-15106.104
ID_RMUTQp_Mg,-1779.016
ID_RMUTQp_S,-9.778080000000003
ID_RMUTQp_Fe,-449.2590399999999
ID_RMUTQp_Mn,-399.1855999999999
ID_RMUTQp_Zn,-7.243999999999995
ID_RMUTQp_Cu,-5.498080000000001
ID_RMUTQp_B,-1.61536
ID_dTENfi_N,-3424.0280000000007
ID_dTENfi_P,-25.347697999999994
ID_dTENfi_K,-1211.1800000000003
ID_dTENfi_Ca,-9008.881200000002
ID_dTENfi_Mg,-1698.7138
ID_dTENfi_S,-9.182351999999995
ID_dTENfi_Fe,-443.44997200000006
ID_dTENfi_Mn,-351.13478000000015
ID_dTENfi_Zn,-4.7377460000000005
ID_dTENfi_Cu,-5.210140000000002
ID_dTENfi_B,-1.506856
ID_TPAul6_N,-3717.4039999999995
ID_TPAul6_P,-14.579324000000014
ID_TPAul6_K,-1268.576
ID_TPAul6_Ca,-10784.712
ID_TPAul6_Mg,-1347.916
ID_TPAul6_S,-10.299995999999997
ID_TPAul6_Fe,-504.6112480000001
ID_TPAul6_Mn,-322.22228
ID_TPAul6_Zn,-5.010896000000001
ID_TPAul6_Cu,-5.398084000000001
ID_TPAul6_B,-1.077784
ID_EH2sRs_N,-3050.1440000000002
ID_EH2sRs_P,-32.377495999999994
ID_EH2sRs_K,-1149.9104000000002
ID_EH2sRs_Ca,-13300.296000000002
ID_EH2sRs_Mg,-1951.5304000000006
ID_EH2sRs_S,-6.040967999999996
ID_EH2sRs_Fe,-410.22748
ID_EH2sRs_Mn,-328.4967200000001
ID_EH2sRs_Zn,-3.9703280000000016
ID_EH2sRs_Cu,-8.64973599999999
ID_EH2sRs_B,-1.54108
ID_VBH23a_N,-3313.0160000000005
ID_VBH23a_P,-30.41902400000002
ID_VBH23a_K,-1206.2216000000003
ID_VBH23a_Ca,-15317.865600000003
ID_VBH23a_Mg,-2024.8192000000004
ID_VBH23a_S,-6.576000000000004
ID_VBH23a_Fe,-407.13198400000005
ID_VBH23a_Mn,-308.42168000000004
ID_VBH23a_Zn,-5.646056000000003
ID_VBH23a_Cu,-9.415023999999994
ID_VBH23a_B,-1.402192
ID_PJfmpN_N,-3419.828000000001
ID_PJfmpN_P,-24.706105999999977
ID_PJfmpN_K,-1074.951
ID_PJfmpN_Ca,-8952.203600000003
ID_PJfmpN_Mg,-1502.9144000000003
ID_PJfmpN_S,-10.118497999999995
ID_PJfmpN_Fe,-425.5384580000001
ID_PJfmpN_Mn,-370.6469000000001
ID_PJfmpN_Zn,-6.347972
ID_PJfmpN_Cu,-5.67728
ID_PJfmpN_B,-1.5037699999999996
ID_LhBwQQ_N,-3331.8080000000004
ID_LhBwQQ_P,-17.71865600000001
ID_LhBwQQ_K,-947.0432000000001
ID_LhBwQQ_Ca,-13357.579200000002
ID_LhBwQQ_Mg,-2086.3792000000003
ID_LhBwQQ_S,-9.058056
ID_LhBwQQ_Fe,-458.46546400000005
ID_LhBwQQ_Mn,-276.70640000000003
ID_LhBwQQ_Zn,-4.479655999999999
ID_LhBwQQ_Cu,-8.500911999999996
ID_LhBwQQ_B,-1.3438720000000004
ID_YBQqQQ_N,-3571.3380000000006
ID_YBQqQQ_P,-19.80241399999999
ID_YBQqQQ_K,-876.0696000000003
ID_YBQqQQ_Ca,-8499.047
ID_YBQqQQ_Mg,-1560.2266000000002
ID_YBQqQQ_S,-8.52971400000001
ID_YBQqQQ_Fe,-428.81717799999996
ID_YBQqQQ_Mn,-301.5583400000001
ID_YBQqQQ_Zn,-4.721692
ID_YBQqQQ_Cu,-6.343052
ID_YBQqQQ_B,-1.3180339999999997
ID_PS1wFb_N,-3515.84
ID_PS1wFb_P,-25.446487999999988
ID_PS1wFb_K,-1054.9784
ID_PS1wFb_Ca,-10864.3992
ID_PS1wFb_Mg,-2002.9816000000003
ID_PS1wFb_S,-9.065184000000002
ID_PS1wFb_Fe,-464.80852000000004
ID_PS1wFb_Mn,-312.8756
ID_PS1wFb_Zn,-4.864136000000002
ID_PS1wFb_Cu,-6.001360000000001
ID_PS1wFb_B,-1.3497039999999998
ID_vkYV3S_N,-3739.268
ID_vkYV3S_P,-235.55172800000008
ID_vkYV3S_K,-1380.1442000000004
ID_vkYV3S_Ca,-13419.222000000002
ID_vkYV3S_Mg,-2629.2934000000005
ID_vkYV3S_S,-12.079008000000002
ID_vkYV3S_Fe,-354.5320900000001
ID_vkYV3S_Mn,-262.0794800000001
ID_vkYV3S_Zn,-9.936542000000006
ID_vkYV3S_Cu,-6.775018000000003
ID_vkYV3S_B,-1.5299439999999995
ID_TC4B88_N,-4644.67
ID_TC4B88_P,-116.91382000000004
ID_TC4B88_K,-1188.7810000000002
ID_TC4B88_Ca,-13418.85
ID_TC4B88_Mg,-2721.709
ID_TC4B88_S,-14.364209999999993
ID_TC4B88_Fe,-351.27824999999996
ID_TC4B88_Mn,-278.9373
ID_TC4B88_Zn,-5.7398500000000015
ID_TC4B88_Cu,-6.6696399999999985
ID_TC4B88_B,-1.5789899999999997
ID_9nEesM_N,-4482.116
ID_9nEesM_P,-44.98084399999999
ID_9nEesM_K,-1250.906
ID_9nEesM_Ca,-9171.384
ID_9nEesM_Mg,-1211.0932
ID_9nEesM_S,-7.208544000000003
ID_9nEesM_Fe,-435.82228000000003
ID_9nEesM_Mn,-273.22508000000005
ID_9nEesM_Zn,-9.106459999999995
ID_9nEesM_Cu,-5.903560000000002
ID_9nEesM_B,-1.414768
ID_cduOd3_N,-6218.48
ID_cduOd3_P,-143.87216000000004
ID_cduOd3_K,-859.3520000000001
ID_cduOd3_Ca,-5667.024000000001
ID_cduOd3_Mg,-1156.12
ID_cduOd3_S,-14.411759999999994
ID_cduOd3_Fe,-450.4840000000001
ID_cduOd3_Mn,-269.40799999999996
ID_cduOd3_Zn,-11.19776
ID_cduOd3_Cu,-5.125840000000002
ID_cduOd3_B,-0.8519200000000003
ID_sgSK8r_N,-5939.263999999999
ID_sgSK8r_P,-216.36798799999997
ID_sgSK8r_K,-1176.0764
ID_sgSK8r_Ca,-8644.0656
ID_sgSK8r_Mg,-1218.9364
ID_sgSK8r_S,-12.304116000000004
ID_sgSK8r_Fe,-420.316
ID_sgSK8r_Mn,-271.98704
ID_sgSK8r_Zn,-15.313532
ID_sgSK8r_Cu,-5.892160000000002
ID_sgSK8r_B,-1.7227959999999987
ID_Cx8WKh_N,-4193.696
ID_Cx8WKh_P,-7.5353919999999945
ID_Cx8WKh_K,-673.0106000000001
ID_Cx8WKh_Ca,-6914.195600000001
ID_Cx8WKh_Mg,-1181.1338
ID_Cx8WKh_S,-10.359148000000005
ID_Cx8WKh_Fe,-533.4114100000002
ID_Cx8WKh_Mn,-268.3240800000001
ID_Cx8WKh_Zn,-4.583418000000002
ID_Cx8WKh_Cu,-5.252078000000001
ID_Cx8WKh_B,-0.7338420000000007
ID_6lf5PB_N,-3841.6580000000004
ID_6lf5PB_P,-3.566209999999998
ID_6lf5PB_K,-892.267
ID_6lf5PB_Ca,-10889.744
ID_6lf5PB_Mg,-1825.3364000000001
ID_6lf5PB_S,-8.030493999999994
ID_6lf5PB_Fe,-456.79638800000004
ID_6lf5PB_Mn,-277.20992000000007
ID_6lf5PB_Zn,-4.336486000000002
ID_6lf5PB_Cu,-5.507022000000001
ID_6lf5PB_B,-1.21928
ID_M9pbxi_N,-4119.820000000001
ID_M9pbxi_P,-6.361700000000006
ID_M9pbxi_K,-792.8220000000001
ID_M9pbxi_Ca,-11630.048000000003
ID_M9pbxi_Mg,-1888.4440000000004
ID_M9pbxi_S,-8.866119999999999
ID_M9pbxi_Fe,-453.4001199999999
ID_M9pbxi_Mn,-276.5228
ID_M9pbxi_Zn,-4.304040000000001
ID_M9pbxi_Cu,-6.057460000000002
ID_M9pbxi_B,-1.0138400000000003
ID_hI5Eb5_N,-3378.3199999999997
ID_hI5Eb5_P,-11.373439999999988
ID_hI5Eb5_K,-1361.096
ID_hI5Eb5_Ca,-7941.4800000000005
ID_hI5Eb5_Mg,-1077.832
ID_hI5Eb5_S,-8.81616
ID_hI5Eb5_Fe,-510.9630400000001
ID_hI5Eb5_Mn,-393.34159999999997
ID_hI5Eb5_Zn,-5.117120000000002
ID_hI5Eb5_Cu,-5.557599999999998
ID_hI5Eb5_B,-1.742799999999999
ID_0zw9HN_N,-3496.316
ID_0zw9HN_P,-20.876535999999987
ID_0zw9HN_K,-1881.6512
ID_0zw9HN_Ca,-9217.3488
ID_0zw9HN_Mg,-1214.5864000000001
ID_0zw9HN_S,-7.6969000000000065
ID_0zw9HN_Fe,-457.69137200000006
ID_0zw9HN_Mn,-429.15956
ID_0zw9HN_Zn,-6.8494839999999995
ID_0zw9HN_Cu,-5.577188
ID_0zw9HN_B,-1.498192
ID_PjxAhk_N,-3691.34
ID_PjxAhk_P,-25.296243999999987
ID_PjxAhk_K,-1475.9348
ID_PjxAhk_Ca,-9524.830800000002
ID_PjxAhk_Mg,-1469.6668
ID_PjxAhk_S,-8.719148
ID_PjxAhk_Fe,-466.35562799999997
ID_PjxAhk_Mn,-393.08516
ID_PjxAhk_Zn,-5.201696000000004
ID_PjxAhk_Cu,-5.746256000000001
ID_PjxAhk_B,-1.6590839999999991
ID_jGg1r3_N,-3490.216
ID_jGg1r3_P,-20.583736000000002
ID_jGg1r3_K,-1972.0288
ID_jGg1r3_Ca,-10029.234400000001
ID_jGg1r3_Mg,-1223.1264
ID_jGg1r3_S,-7.883072000000006
ID_jGg1r3_Fe,-342.449684
ID_jGg1r3_Mn,-524.1731599999999
ID_jGg1r3_Zn,-8.023611999999998
ID_jGg1r3_Cu,-5.622816000000001
ID_jGg1r3_B,-1.6953439999999997
ID_gXMFVw_N,-3322.370000000001
ID_gXMFVw_P,-25.843819999999994
ID_gXMFVw_K,-998.4620000000002
ID_gXMFVw_Ca,-7790.802000000001
ID_gXMFVw_Mg,-1273.3990000000003
ID_gXMFVw_S,-6.10746
ID_gXMFVw_Fe,-420.10384000000005
ID_gXMFVw_Mn,-343.8278000000001
ID_gXMFVw_Zn,-6.096349999999999
ID_gXMFVw_Cu,-7.896339999999996
ID_gXMFVw_B,-1.5412000000000003
ID_HbdOXW_N,-3634.224
ID_HbdOXW_P,-25.28371199999998
ID_HbdOXW_K,-883.6048000000001
ID_HbdOXW_Ca,-8454.390400000002
ID_HbdOXW_Mg,-1525.5008000000003
ID_HbdOXW_S,-8.572239999999994
ID_HbdOXW_Fe,-458.84568
ID_HbdOXW_Mn,-325.82304000000005
ID_HbdOXW_Zn,-5.366800000000001
ID_HbdOXW_Cu,-7.379727999999997
ID_HbdOXW_B,-1.0361280000000002
ID_4CWhqT_N,-3772.3300000000004
ID_4CWhqT_P,-31.765113999999997
ID_4CWhqT_K,-974.3654000000004
ID_4CWhqT_Ca,-8482.302000000001
ID_4CWhqT_Mg,-1574.0164000000004
ID_4CWhqT_S,-8.463322000000002
ID_4CWhqT_Fe,-435.56140800000003
ID_4CWhqT_Mn,-345.27848
ID_4CWhqT_Zn,-5.089742000000003
ID_4CWhqT_Cu,-5.632998
ID_4CWhqT_B,-1.4064439999999998
ID_iOgbKL_N,-3813.62
ID_iOgbKL_P,-30.733580000000003
ID_iOgbKL_K,-810.5695999999998
ID_iOgbKL_Ca,-8024.817599999999
ID_iOgbKL_Mg,-1853.3919999999998
ID_iOgbKL_S,-9.332592000000002
ID_iOgbKL_Fe,-520.6959640000001
ID_iOgbKL_Mn,-326.6112800000001
ID_iOgbKL_Zn,-4.5291320000000015
ID_iOgbKL_Cu,-5.823304000000003
ID_iOgbKL_B,-0.9827080000000007
ID_sTrA3k_N,-3934.2000000000003
ID_sTrA3k_P,-30.693259999999995
ID_sTrA3k_K,-936.7009999999999
ID_sTrA3k_Ca,-7502.605999999999
ID_sTrA3k_Mg,-1457.698
ID_sTrA3k_S,-8.752900000000004
ID_sTrA3k_Fe,-460.7547999999999
ID_sTrA3k_Mn,-318.1477000000001
ID_sTrA3k_Zn,-5.15174
ID_sTrA3k_Cu,-5.715600000000001
ID_sTrA3k_B,-1.1647600000000007
ID_F23WcU_N,-3293.9159999999997
ID_F23WcU_P,-59.664216000000025
ID_F23WcU_K,-2027.0656
ID_F23WcU_Ca,-26252.487200000003
ID_F23WcU_Mg,-1194.8212
ID_F23WcU_S,-10.385544
ID_F23WcU_Fe,-138.8173639999999
ID_F23WcU_Mn,-417.16659999999996
ID_F23WcU_Zn,-6.907975999999998
ID_F23WcU_Cu,-6.07996
ID_F23WcU_B,-2.5650879999999994
ID_mvSW55_N,-3292.0280000000002
ID_mvSW55_P,-34.98121200000001
ID_mvSW55_K,-2035.5852
ID_mvSW55_Ca,-34659.7984
ID_mvSW55_Mg,-1212.356
ID_mvSW55_S,-11.928984000000003
ID_mvSW55_Fe,-102.35229599999998
ID_mvSW55_Mn,-418.91536
ID_mvSW55_Zn,-4.820084
ID_mvSW55_Cu,-6.207400000000002
ID_mvSW55_B,-2.7321759999999986
ID_LTOanB_N,-3670.2260000000006
ID_LTOanB_P,-20.080747999999986
ID_LTOanB_K,-979.7894000000001
ID_LTOanB_Ca,-11548.028400000003
ID_LTOanB_Mg,-1952.5708000000004
ID_LTOanB_S,-7.965570000000003
ID_LTOanB_Fe,-454.2447220000001
ID_LTOanB_Mn,-302.4812600000001
ID_LTOanB_Zn,-5.681912000000003
ID_LTOanB_Cu,-7.424812
ID_LTOanB_B,-1.4125059999999996
ID_3du0ku_N,-3426.1820000000002
ID_3du0ku_P,-48.842314000000016
ID_3du0ku_K,-2052.4320000000002
ID_3du0ku_Ca,-20998.9482
ID_3du0ku_Mg,-2829.208
ID_3du0ku_S,-8.705277999999993
ID_3du0ku_Fe,-333.36860399999995
ID_3du0ku_Mn,-296.84134000000006
ID_3du0ku_Zn,-4.90827
ID_3du0ku_Cu,-7.811893999999996
ID_3du0ku_B,-1.4917899999999995
ID_ZPpqgC_N,-3362.4799999999996
ID_ZPpqgC_P,-76.38319999999999
ID_ZPpqgC_K,-2242.064
ID_ZPpqgC_Ca,-27105.168
ID_ZPpqgC_Mg,-2231.248
ID_ZPpqgC_S,-10.313759999999998
ID_ZPpqgC_Fe,-157.29976
ID_ZPpqgC_Mn,-328.42400000000004
ID_ZPpqgC_Zn,-5.009840000000002
ID_ZPpqgC_Cu,-7.8805599999999965
ID_ZPpqgC_B,-2.843200000000001
ID_T14rM8_N,-3402.4759999999997
ID_T14rM8_P,-60.515468
ID_T14rM8_K,-1293.9788
ID_T14rM8_Ca,-19402.3512
ID_T14rM8_Mg,-2899.0715999999998
ID_T14rM8_S,-9.008483999999996
ID_T14rM8_Fe,-328.0615159999999
ID_T14rM8_Mn,-284.91928
ID_T14rM8_Zn,-4.739843999999999
ID_T14rM8_Cu,-7.476843999999995
ID_T14rM8_B,-1.385796
ID_h451Mw_N,-4006.6500000000005
ID_h451Mw_P,-65.65717000000002
ID_h451Mw_K,-1049.5159999999998
ID_h451Mw_Ca,-10551.532
ID_h451Mw_Mg,-1825.0769999999998
ID_h451Mw_S,-7.034109999999995
ID_h451Mw_Fe,-357.05033
ID_h451Mw_Mn,-289.13550000000004
ID_h451Mw_Zn,-5.1867
ID_h451Mw_Cu,-5.433850000000002
ID_h451Mw_B,-1.1157700000000006
ID_l3LKqB_N,-5387.054
ID_l3LKqB_P,-13.495329999999996
ID_l3LKqB_K,-769.4874
ID_l3LKqB_Ca,-6708.810599999999
ID_l3LKqB_Mg,-1310.6196
ID_l3LKqB_S,-10.849729999999997
ID_l3LKqB_Fe,-361.030746
ID_l3LKqB_Mn,-284.80522
ID_l3LKqB_Zn,-7.454855999999997
ID_l3LKqB_Cu,-4.703748
ID_l3LKqB_B,-0.8723640000000001
ID_k8lYxH_N,-4185.792
ID_k8lYxH_P,-67.18444399999998
ID_k8lYxH_K,-1725.6836
ID_k8lYxH_Ca,-16003.7308
ID_k8lYxH_Mg,-2445.3912
ID_k8lYxH_S,-11.680400000000006
ID_k8lYxH_Fe,-339.376684
ID_k8lYxH_Mn,-312.83424
ID_k8lYxH_Zn,-7.424495999999995
ID_k8lYxH_Cu,-6.272996000000002
ID_k8lYxH_B,-1.6759960000000005
ID_hejheU_N,-3930.620000000001
ID_hejheU_P,-98.41431999999998
ID_hejheU_K,-1160.332
ID_hejheU_Ca,-13152.668
ID_hejheU_Mg,-2523.4520000000007
ID_hejheU_S,-11.662760000000006
ID_hejheU_Fe,-393.605
ID_hejheU_Mn,-277.60080000000005
ID_hejheU_Zn,-8.610980000000003
ID_hejheU_Cu,-6.649039999999999
ID_hejheU_B,-1.5205000000000002
ID_w7DPdO_N,-3189.2299999999996
ID_w7DPdO_P,-104.37077000000008
ID_w7DPdO_K,-1445.53
ID_w7DPdO_Ca,-16021.024
ID_w7DPdO_Mg,-2405.505
ID_w7DPdO_S,-11.02185
ID_w7DPdO_Fe,-292.5038199999999
ID_w7DPdO_Mn,-288.4984
ID_w7DPdO_Zn,-5.602539999999998
ID_w7DPdO_Cu,-6.932760000000004
ID_w7DPdO_B,-1.6410899999999995
ID_SJEMLU_N,-3099.7160000000003
ID_SJEMLU_P,-39.34214599999996
ID_SJEMLU_K,-2113.1084
ID_SJEMLU_Ca,-20148.6444
ID_SJEMLU_Mg,-2408.8456
ID_SJEMLU_S,-8.333430000000003
ID_SJEMLU_Fe,-240.46218999999996
ID_SJEMLU_Mn,-372.31286
ID_SJEMLU_Zn,-3.921979999999999
ID_SJEMLU_Cu,-6.992926
ID_SJEMLU_B,-1.706122
ID_8ti3sF_N,-3799.2940000000003
ID_8ti3sF_P,-26.066722000000013
ID_8ti3sF_K,-827.326
ID_8ti3sF_Ca,-11498.225400000001
ID_8ti3sF_Mg,-2076.7237999999998
ID_8ti3sF_S,-9.133998000000005
ID_8ti3sF_Fe,-324.359518
ID_8ti3sF_Mn,-274.88318000000004
ID_8ti3sF_Zn,-4.50595
ID_8ti3sF_Cu,-5.9893079999999985
ID_8ti3sF_B,-1.2181240000000004
ID_UcbPeZ_N,-3819.3
ID_UcbPeZ_P,-19.072419999999994
ID_UcbPeZ_K,-890.3040000000001
ID_UcbPeZ_Ca,-8164.872000000002
ID_UcbPeZ_Mg,-1279.66
ID_UcbPeZ_S,-7.426660000000002
ID_UcbPeZ_Fe,-328.28348000000005
ID_UcbPeZ_Mn,-281.88200000000006
ID_UcbPeZ_Zn,-4.269280000000001
ID_UcbPeZ_Cu,-5.2597400000000025
ID_UcbPeZ_B,-1.2270199999999998
ID_jNiEpn_N,-3294.2720000000004
ID_jNiEpn_P,-29.38556800000002
ID_jNiEpn_K,-1446.0000000000002
ID_jNiEpn_Ca,-17100.502400000005
ID_jNiEpn_Mg,-2414.8512000000005
ID_jNiEpn_S,-10.215424000000002
ID_jNiEpn_Fe,-306.911712
ID_jNiEpn_Mn,-349.67840000000007
ID_jNiEpn_Zn,-4.698239999999998
ID_jNiEpn_Cu,-5.874208000000002
ID_jNiEpn_B,-1.5202559999999992
ID_aQwTKg_N,-3294.2720000000004
ID_aQwTKg_P,-29.38556800000002
ID_aQwTKg_K,-1446.0000000000002
ID_aQwTKg_Ca,-17100.502400000005
ID_aQwTKg_Mg,-2414.8512000000005
ID_aQwTKg_S,-10.215424000000002
ID_aQwTKg_Fe,-306.911712
ID_aQwTKg_Mn,-349.67840000000007
ID_aQwTKg_Zn,-4.698239999999998
ID_aQwTKg_Cu,-5.874208000000002
ID_aQwTKg_B,-1.5202559999999992
ID_nJKty3_N,-3595.288
ID_nJKty3_P,-14.69441599999999
ID_nJKty3_K,-1046.226
ID_nJKty3_Ca,-6768.799199999999
ID_nJKty3_Mg,-1030.7776000000001
ID_nJKty3_S,-8.485508
ID_nJKty3_Fe,-509.67272000000014
ID_nJKty3_Mn,-321.53468
ID_nJKty3_Zn,-5.988756
ID_nJKty3_Cu,-5.420104
ID_nJKty3_B,-1.5592559999999995
ID_YYh98u_N,-3332.0
ID_YYh98u_P,-34.708816
ID_YYh98u_K,-1033.9264
ID_YYh98u_Ca,-12096.740800000001
ID_YYh98u_Mg,-1925.5680000000002
ID_YYh98u_S,-6.677152000000003
ID_YYh98u_Fe,-326.341568
ID_YYh98u_Mn,-266.50976
ID_YYh98u_Zn,-4.416656000000001
ID_YYh98u_Cu,-6.184560000000002
ID_YYh98u_B,-1.3188
ID_PqvgXA_N,-3253.0880000000006
ID_PqvgXA_P,-24.807350000000028
ID_PqvgXA_K,-1071.9638000000002
ID_PqvgXA_Ca,-14576.419199999998
ID_PqvgXA_Mg,-2010.2464000000004
ID_PqvgXA_S,-6.9292739999999995
ID_PqvgXA_Fe,-328.959466
ID_PqvgXA_Mn,-284.37050000000005
ID_PqvgXA_Zn,-5.378660000000001
ID_PqvgXA_Cu,-8.746155999999997
ID_PqvgXA_B,-1.3605579999999993
ID_CoJQkI_N,-3523.7080000000005
ID_CoJQkI_P,-33.45546999999998
ID_CoJQkI_K,-959.4874000000002
ID_CoJQkI_Ca,-7066.233799999999
ID_CoJQkI_Mg,-1014.45
ID_CoJQkI_S,-13.468564
ID_CoJQkI_Fe,-611.54712
ID_CoJQkI_Mn,-362.08938
ID_CoJQkI_Zn,-24.02869000000001
ID_CoJQkI_Cu,-5.101252000000001
ID_CoJQkI_B,-1.3720000000000008
ID_rOsTRB_N,-3914.228
ID_rOsTRB_P,-34.87083799999999
ID_rOsTRB_K,-1211.5298000000003
ID_rOsTRB_Ca,-7384.7034
ID_rOsTRB_Mg,-931.8921999999999
ID_rOsTRB_S,-9.347634000000003
ID_rOsTRB_Fe,-534.797596
ID_rOsTRB_Mn,-426.89954
ID_rOsTRB_Zn,-13.841924
ID_rOsTRB_Cu,-5.489980000000002
ID_rOsTRB_B,-1.6395399999999993
ID_4jNFQg_N,-3805.496
ID_4jNFQg_P,-20.294600000000003
ID_4jNFQg_K,-1247.8393999999998
ID_4jNFQg_Ca,-7625.1192
ID_4jNFQg_Mg,-974.5978000000001
ID_4jNFQg_S,-8.701392000000002
ID_4jNFQg_Fe,-534.2682040000001
ID_4jNFQg_Mn,-418.67822
ID_4jNFQg_Zn,-7.854529999999997
ID_4jNFQg_Cu,-5.478909999999998
ID_4jNFQg_B,-1.6373259999999992
ID_dWTqFm_N,-3646.7000000000003
ID_dWTqFm_P,-10.137009999999997
ID_dWTqFm_K,-729.264
ID_dWTqFm_Ca,-7581.473000000002
ID_dWTqFm_Mg,-1503.514
ID_dWTqFm_S,-11.035880000000006
ID_dWTqFm_Fe,-565.2074600000002
ID_dWTqFm_Mn,-329.07040000000006
ID_dWTqFm_Zn,-5.94524
ID_dWTqFm_Cu,-5.679260000000001
ID_dWTqFm_B,-0.9338400000000006
ID_CFiLC6_N,-3335.05
ID_CFiLC6_P,-33.57308999999999
ID_CFiLC6_K,-2070.3019999999997
ID_CFiLC6_Ca,-19726.990999999998
ID_CFiLC6_Mg,-1987.0199999999998
ID_CFiLC6_S,-11.613410000000002
ID_CFiLC6_Fe,-404.94874999999996
ID_CFiLC6_Mn,-454.66650000000004
ID_CFiLC6_Zn,-6.80268
ID_CFiLC6_Cu,-9.779469999999996
ID_CFiLC6_B,-1.6519
ID_KbjkLC_N,-3214.892
ID_KbjkLC_P,-32.555756
ID_KbjkLC_K,-1753.5775999999998
ID_KbjkLC_Ca,-17378.5176
ID_KbjkLC_Mg,-1882.7356
ID_KbjkLC_S,-9.859499999999997
ID_KbjkLC_Fe,-441.974176
ID_KbjkLC_Mn,-359.3315600000001
ID_KbjkLC_Zn,-14.508235999999997
ID_KbjkLC_Cu,-9.165783999999993
ID_KbjkLC_B,-1.4897800000000003
ID_YY5RCG_N,-3602.09
ID_YY5RCG_P,-20.588612000000012
ID_YY5RCG_K,-2117.1082
ID_YY5RCG_Ca,-16587.476599999998
ID_YY5RCG_Mg,-1699.1026
ID_YY5RCG_S,-8.931861999999999
ID_YY5RCG_Fe,-418.10427599999997
ID_YY5RCG_Mn,-491.63882
ID_YY5RCG_Zn,-6.434407999999998
ID_YY5RCG_Cu,-6.1860159999999995
ID_YY5RCG_B,-1.655258
ID_fkY2we_N,-4034.0
ID_fkY2we_P,-20.136079999999986
ID_fkY2we_K,-1250.144
ID_fkY2we_Ca,-9433.512
ID_fkY2we_Mg,-1601.536
ID_fkY2we_S,-12.989760000000004
ID_fkY2we_Fe,-507.2236
ID_fkY2we_Mn,-338.8256
ID_fkY2we_Zn,-5.350159999999998
ID_fkY2we_Cu,-6.807519999999997
ID_fkY2we_B,-1.13464
ID_qnLipm_N,-3360.6000000000004
ID_qnLipm_P,-19.822158
ID_qnLipm_K,-1435.211
ID_qnLipm_Ca,-10513.79
ID_qnLipm_Mg,-1579.0118
ID_qnLipm_S,-8.858221999999994
ID_qnLipm_Fe,-502.924936
ID_qnLipm_Mn,-353.1499
ID_qnLipm_Zn,-5.113728000000002
ID_qnLipm_Cu,-5.26557
ID_qnLipm_B,-1.6277939999999995
ID_XCzxop_N,-5685.78
ID_XCzxop_P,-17.08525200000004
ID_XCzxop_K,-691.4405999999999
ID_XCzxop_Ca,-7776.0502
ID_XCzxop_Mg,-1081.6591999999998
ID_XCzxop_S,-11.95541399999999
ID_XCzxop_Fe,-454.63441999999986
ID_XCzxop_Mn,-289.05083999999994
ID_XCzxop_Zn,-9.245426
ID_XCzxop_Cu,-4.804902000000004
ID_XCzxop_B,-1.1368940000000007
ID_d1CElH_N,-3430.9120000000003
ID_d1CElH_P,-113.19404800000004
ID_d1CElH_K,-1743.6288000000002
ID_d1CElH_Ca,-19579.1744
ID_d1CElH_Mg,-2699.2640000000006
ID_d1CElH_S,-13.039391999999992
ID_d1CElH_Fe,-303.2042880000001
ID_d1CElH_Mn,-297.6230400000001
ID_d1CElH_Zn,-6.147296000000002
ID_d1CElH_Cu,-6.9809920000000005
ID_d1CElH_B,-1.4333440000000006
ID_HS3rds_N,-3645.4400000000005
ID_HS3rds_P,-13.016984000000008
ID_HS3rds_K,-877.6640000000002
ID_HS3rds_Ca,-6950.695200000001
ID_HS3rds_Mg,-1361.6560000000002
ID_HS3rds_S,-7.209312000000008
ID_HS3rds_Fe,-464.5977040000002
ID_HS3rds_Mn,-254.92928000000003
ID_HS3rds_Zn,-5.3522960000000035
ID_HS3rds_Cu,-5.579080000000004
ID_HS3rds_B,-1.151848000000001
ID_8kWcpH_N,-4108.798
ID_8kWcpH_P,8.332202000000006
ID_8kWcpH_K,-716.5581999999999
ID_8kWcpH_Ca,-8110.5982
ID_8kWcpH_Mg,-2126.8864
ID_8kWcpH_S,-9.924711999999996
ID_8kWcpH_Fe,-464.54236199999997
ID_8kWcpH_Mn,-286.91606
ID_8kWcpH_Zn,-4.634602000000002
ID_8kWcpH_Cu,-9.194142000000001
ID_8kWcpH_B,-0.9028740000000001
ID_eaKb5O_N,-4519.420000000001
ID_eaKb5O_P,-44.95830600000001
ID_eaKb5O_K,-908.6606
ID_eaKb5O_Ca,-7306.7178
ID_eaKb5O_Mg,-1124.1176000000003
ID_eaKb5O_S,-6.702656000000005
ID_eaKb5O_Fe,-492.60899200000006
ID_eaKb5O_Mn,-304.0740600000001
ID_eaKb5O_Zn,-19.24398
ID_eaKb5O_Cu,-9.365403999999998
ID_eaKb5O_B,-1.3409240000000004
ID_5QHl0z_N,-4028.04
ID_5QHl0z_P,-19.716279999999983
ID_5QHl0z_K,-1011.1060000000002
ID_5QHl0z_Ca,-8640.623000000001
ID_5QHl0z_Mg,-1327.2879999999998
ID_5QHl0z_S,-9.565489999999997
ID_5QHl0z_Fe,-456.13065000000006
ID_5QHl0z_Mn,-295.27650000000006
ID_5QHl0z_Zn,-6.27414
ID_5QHl0z_Cu,-7.363550000000003
ID_5QHl0z_B,-1.278380000000001
ID_cAxXAy_N,-4440.800000000001
ID_cAxXAy_P,1.2465599999999952
ID_cAxXAy_K,-635.6100000000001
ID_cAxXAy_Ca,-6350.928
ID_cAxXAy_Mg,-1063.554
ID_cAxXAy_S,-8.197540000000007
ID_cAxXAy_Fe,-515.9914400000001
ID_cAxXAy_Mn,-283.4814
ID_cAxXAy_Zn,-7.960880000000001
ID_cAxXAy_Cu,-9.292119999999999
ID_cAxXAy_B,-0.8495000000000005
ID_BD49ru_N,-4236.262
ID_BD49ru_P,-5.495382000000006
ID_BD49ru_K,-633.797
ID_BD49ru_Ca,-6760.022199999999
ID_BD49ru_Mg,-945.1776
ID_BD49ru_S,-9.402651999999996
ID_BD49ru_Fe,-509.66303600000003
ID_BD49ru_Mn,-274.00016
ID_BD49ru_Zn,-6.0174959999999995
ID_BD49ru_Cu,-10.175434000000001
ID_BD49ru_B,-0.8786919999999997
ID_ng2ZzZ_N,-4636.7339999999995
ID_ng2ZzZ_P,-9.597734000000003
ID_ng2ZzZ_K,-713.1907999999999
ID_ng2ZzZ_Ca,-6714.3024
ID_ng2ZzZ_Mg,-1042.4254
ID_ng2ZzZ_S,-7.824494000000001
ID_ng2ZzZ_Fe,-510.69585599999994
ID_ng2ZzZ_Mn,-305.33505999999994
ID_ng2ZzZ_Zn,-18.593944000000008
ID_ng2ZzZ_Cu,-9.881860000000003
ID_ng2ZzZ_B,-0.9634420000000005
ID_Keehli_N,-4145.528000000001
ID_Keehli_P,0.7845880000000136
ID_Keehli_K,-647.6330000000002
ID_Keehli_Ca,-7009.149600000001
ID_Keehli_Mg,-909.3484000000003
ID_Keehli_S,-10.827594000000001
ID_Keehli_Fe,-530.6142760000001
ID_Keehli_Mn,-284.84114000000005
ID_Keehli_Zn,-5.635736000000001
ID_Keehli_Cu,-8.782563999999999
ID_Keehli_B,-0.86905
ID_1uIJrX_N,-3956.2479999999996
ID_1uIJrX_P,6.097061999999994
ID_1uIJrX_K,-631.1302
ID_1uIJrX_Ca,-7657.2196
ID_1uIJrX_Mg,-1648.6704
ID_1uIJrX_S,-10.990753999999999
ID_1uIJrX_Fe,-474.0689399999998
ID_1uIJrX_Mn,-254.08277999999996
ID_1uIJrX_Zn,-4.0424820000000015
ID_1uIJrX_Cu,-5.956240000000004
ID_1uIJrX_B,-0.8836640000000001
ID_YCK4Hl_N,-3822.424000000001
ID_YCK4Hl_P,-21.106668000000006
ID_YCK4Hl_K,-792.3960000000002
ID_YCK4Hl_Ca,-7266.8504
ID_YCK4Hl_Mg,-1768.2208
ID_YCK4Hl_S,-10.324024000000012
ID_YCK4Hl_Fe,-520.3903400000002
ID_YCK4Hl_Mn,-290.4534
ID_YCK4Hl_Zn,-4.617827999999999
ID_YCK4Hl_Cu,-7.792399999999998
ID_YCK4Hl_B,-0.7446800000000003
ID_nx1oIi_N,-3381.3320000000003
ID_nx1oIi_P,-16.649335999999977
ID_nx1oIi_K,-1342.6532
ID_nx1oIi_Ca,-9121.4064
ID_nx1oIi_Mg,-1158.8812
ID_nx1oIi_S,-7.335995999999994
ID_nx1oIi_Fe,-455.05704399999996
ID_nx1oIi_Mn,-362.01284
ID_nx1oIi_Zn,-5.668904000000003
ID_nx1oIi_Cu,-5.059048
ID_nx1oIi_B,-1.5675279999999998
ID_NOIHKU_N,-3274.1000000000004
ID_NOIHKU_P,-33.483389999999986
ID_NOIHKU_K,-2203.8399999999997
ID_NOIHKU_Ca,-25197.84
ID_NOIHKU_Mg,-1847.0879999999997
ID_NOIHKU_S,-13.34070999999999
ID_NOIHKU_Fe,-144.13610999999995
ID_NOIHKU_Mn,-405.19579999999996
ID_NOIHKU_Zn,-4.3051100000000035
ID_NOIHKU_Cu,-7.199559999999998
ID_NOIHKU_B,-2.9387499999999984
ID_kviaqu_N,-3927.0800000000004
ID_kviaqu_P,-3.058232000000004
ID_kviaqu_K,-659.5988000000002
ID_kviaqu_Ca,-6400.4256000000005
ID_kviaqu_Mg,-1234.4008000000001
ID_kviaqu_S,-8.006861999999998
ID_kviaqu_Fe,-457.98830800000013
ID_kviaqu_Mn,-249.42326000000003
ID_kviaqu_Zn,-5.619752000000001
ID_kviaqu_Cu,-5.068060000000005
ID_kviaqu_B,-0.8088880000000005
ID_lzYPOX_N,-4425.571999999999
ID_lzYPOX_P,-18.02485999999999
ID_lzYPOX_K,-659.0864
ID_lzYPOX_Ca,-6651.0264
ID_lzYPOX_Mg,-1036.012
ID_lzYPOX_S,-10.555811999999996
ID_lzYPOX_Fe,-439.008808
ID_lzYPOX_Mn,-287.96072
ID_lzYPOX_Zn,-6.405115999999998
ID_lzYPOX_Cu,-9.709564
ID_lzYPOX_B,-0.8532040000000002
ID_X4S0g6_N,-3960.542
ID_X4S0g6_P,-33.95352799999999
ID_X4S0g6_K,-780.8326
ID_X4S0g6_Ca,-6498.743600000001
ID_X4S0g6_Mg,-1378.1032000000002
ID_X4S0g6_S,-8.647359999999995
ID_X4S0g6_Fe,-516.843734
ID_X4S0g6_Mn,-258.5056
ID_X4S0g6_Zn,-6.728944000000003
ID_X4S0g6_Cu,-5.549214000000002
ID_X4S0g6_B,-0.8800479999999998
ID_qKQ4ZM_N,-4007.098
ID_qKQ4ZM_P,-10.240251999999998
ID_qKQ4ZM_K,-673.2566
ID_qKQ4ZM_Ca,-7146.730799999999
ID_qKQ4ZM_Mg,-1397.8782
ID_qKQ4ZM_S,-8.526902
ID_qKQ4ZM_Fe,-522.721316
ID_qKQ4ZM_Mn,-264.70704
ID_qKQ4ZM_Zn,-5.7914959999999995
ID_qKQ4ZM_Cu,-6.799445999999999
ID_qKQ4ZM_B,-0.8321360000000002
ID_Aq6Cgi_N,-4436.1336
ID_Aq6Cgi_P,-18.115535999999977
ID_Aq6Cgi_K,-807.9544000000001
ID_Aq6Cgi_Ca,-6796.457599999999
ID_Aq6Cgi_Mg,-1202.2744
ID_Aq6Cgi_S,-12.800799999999992
ID_Aq6Cgi_Fe,-372.053464
ID_Aq6Cgi_Mn,-271.77080000000007
ID_Aq6Cgi_Zn,-6.351664000000002
ID_Aq6Cgi_Cu,-6.477192000000002
ID_Aq6Cgi_B,-0.98256
ID_gkZGoZ_N,-3363.0200000000004
ID_gkZGoZ_P,-6.999763999999978
ID_gkZGoZ_K,-899.032
ID_gkZGoZ_Ca,-11618.765200000002
ID_gkZGoZ_Mg,-1893.4704
ID_gkZGoZ_S,-9.088912000000008
ID_gkZGoZ_Fe,-369.8033480000001
ID_gkZGoZ_Mn,-235.4839200000001
ID_gkZGoZ_Zn,-4.232412000000001
ID_gkZGoZ_Cu,-5.155755999999999
ID_gkZGoZ_B,-1.1790680000000002
ID_aU2iR3_N,-4195.25
ID_aU2iR3_P,-7.739260000000009
ID_aU2iR3_K,-700.56
ID_aU2iR3_Ca,-7814.002999999999
ID_aU2iR3_Mg,-1252.308
ID_aU2iR3_S,-10.288609999999995
ID_aU2iR3_Fe,-529.14093
ID_aU2iR3_Mn,-288.7054
ID_aU2iR3_Zn,-6.448020000000001
ID_aU2iR3_Cu,-5.8989100000000025
ID_aU2iR3_B,-0.8505800000000002
ID_B6MtNR_N,-3804.7840000000006
ID_B6MtNR_P,-37.41032000000001
ID_B6MtNR_K,-843.232
ID_B6MtNR_Ca,-7242.312
ID_B6MtNR_Mg,-1756.0688000000002
ID_B6MtNR_S,-7.794736
ID_B6MtNR_Fe,-465.997344
ID_B6MtNR_Mn,-269.3884800000001
ID_B6MtNR_Zn,-4.496944000000001
ID_B6MtNR_Cu,-7.586688
ID_B6MtNR_B,-0.904672
ID_H3Pe3d_N,-3202.764
ID_H3Pe3d_P,-16.305639999999997
ID_H3Pe3d_K,-1291.8186
ID_H3Pe3d_Ca,-15842.329399999997
ID_H3Pe3d_Mg,-2446.0435999999995
ID_H3Pe3d_S,-7.500861999999994
ID_H3Pe3d_Fe,-426.63108800000003
ID_H3Pe3d_Mn,-322.38902
ID_H3Pe3d_Zn,-4.049488000000001
ID_H3Pe3d_Cu,-8.464839999999995
ID_H3Pe3d_B,-1.4364599999999994
ID_VQkDqR_N,-3390.11
ID_VQkDqR_P,-22.69070599999999
ID_VQkDqR_K,-1600.3208
ID_VQkDqR_Ca,-7941.706799999999
ID_VQkDqR_Mg,-1126.2682
ID_VQkDqR_S,-10.094514
ID_VQkDqR_Fe,-471.57767200000006
ID_VQkDqR_Mn,-394.2269600000001
ID_VQkDqR_Zn,-5.774558000000003
ID_VQkDqR_Cu,-5.387920000000002
ID_VQkDqR_B,-1.5231339999999998
ID_69QLyZ_N,-2965.8200000000006
ID_69QLyZ_P,-33.511748000000026
ID_69QLyZ_K,-1616.6408000000001
ID_69QLyZ_Ca,-23496.001800000005
ID_69QLyZ_Mg,-2317.3390000000004
ID_69QLyZ_S,-7.78464
ID_69QLyZ_Fe,-185.53725400000002
ID_69QLyZ_Mn,-315.85454000000004
ID_69QLyZ_Zn,-4.567694000000005
ID_69QLyZ_Cu,-10.535031999999996
ID_69QLyZ_B,-1.7881299999999998
ID_rBfc6j_N,-3072.3360000000002
ID_rBfc6j_P,-35.32350600000001
ID_rBfc6j_K,-1065.4438
ID_rBfc6j_Ca,-9763.9694
ID_rBfc6j_Mg,-1773.6356
ID_rBfc6j_S,-6.390090000000001
ID_rBfc6j_Fe,-427.69712200000004
ID_rBfc6j_Mn,-306.29196000000013
ID_rBfc6j_Zn,-4.370488000000002
ID_rBfc6j_Cu,-7.129071999999996
ID_rBfc6j_B,-1.4428239999999999
ID_Zlpft1_N,-3054.3799999999997
ID_Zlpft1_P,-47.757428000000004
ID_Zlpft1_K,-2093.8903999999998
ID_Zlpft1_Ca,-31822.591200000003
ID_Zlpft1_Mg,-1792.2651999999998
ID_Zlpft1_S,-27.84778800000001
ID_Zlpft1_Fe,-99.36154
ID_Zlpft1_Mn,-354.34748
ID_Zlpft1_Zn,-4.3631480000000025
ID_Zlpft1_Cu,-8.031712
ID_Zlpft1_B,-2.707756
ID_aj52d3_N,-4181.936000000001
ID_aj52d3_P,-35.24867600000002
ID_aj52d3_K,-590.801
ID_aj52d3_Ca,-5873.797200000001
ID_aj52d3_Mg,-752.7274000000002
ID_aj52d3_S,-9.493818000000005
ID_aj52d3_Fe,-571.4598340000001
ID_aj52d3_Mn,-278.66510000000005
ID_aj52d3_Zn,-13.137782000000007
ID_aj52d3_Cu,-9.006783999999998
ID_aj52d3_B,-0.7929040000000002
ID_6J7wse_N,-3140.6320000000005
ID_6J7wse_P,-50.61940000000001
ID_6J7wse_K,-1095.2592
ID_6J7wse_Ca,-17005.4308
ID_6J7wse_Mg,-2617.7896
ID_6J7wse_S,-6.120063999999996
ID_6J7wse_Fe,-329.752096
ID_6J7wse_Mn,-281.42856
ID_6J7wse_Zn,-6.888348000000002
ID_6J7wse_Cu,-10.032603999999997
ID_6J7wse_B,-1.2804040000000014
ID_loEZTz_N,-3793.442
ID_loEZTz_P,5.063503999999995
ID_loEZTz_K,-785.1887999999999
ID_loEZTz_Ca,-9502.478399999998
ID_loEZTz_Mg,-2104.8687999999997
ID_loEZTz_S,-11.078859999999999
ID_loEZTz_Fe,-500.432284
ID_loEZTz_Mn,-290.61926
ID_loEZTz_Zn,-4.653930000000001
ID_loEZTz_Cu,-6.744840000000001
ID_loEZTz_B,-0.8248760000000004
ID_3xQtFT_N,-3675.6839999999997
ID_3xQtFT_P,-26.98317999999996
ID_3xQtFT_K,-1598.6094000000003
ID_3xQtFT_Ca,-8104.075000000001
ID_3xQtFT_Mg,-1141.5
ID_3xQtFT_S,-10.90384800000001
ID_3xQtFT_Fe,-495.42777599999994
ID_3xQtFT_Mn,-408.79538000000014
ID_3xQtFT_Zn,-6.273634000000003
ID_3xQtFT_Cu,-5.50999
ID_3xQtFT_B,-1.6379579999999994
ID_ouRVyO_N,-3745.0
ID_ouRVyO_P,-46.06949999999998
ID_ouRVyO_K,-1934.575
ID_ouRVyO_Ca,-13109.975
ID_ouRVyO_Mg,-1441.5
ID_ouRVyO_S,-13.528500000000008
ID_ouRVyO_Fe,-508.593
ID_ouRVyO_Mn,-485.34000000000003
ID_ouRVyO_Zn,-9.067750000000004
ID_ouRVyO_Cu,-5.883750000000001
ID_ouRVyO_B,-1.5940000000000003
ID_VXdXrn_N,-3249.848
ID_VXdXrn_P,-24.58369599999996
ID_VXdXrn_K,-1547.3152
ID_VXdXrn_Ca,-10016.292800000001
ID_VXdXrn_Mg,-1644.0024000000003
ID_VXdXrn_S,-9.179048000000005
ID_VXdXrn_Fe,-465.5905279999999
ID_VXdXrn_Mn,-423.68672000000004
ID_VXdXrn_Zn,-6.498984
ID_VXdXrn_Cu,-9.647239999999993
ID_VXdXrn_B,-1.778087999999999
ID_tOvE9y_N,-3368.3540000000003
ID_tOvE9y_P,-17.256008
ID_tOvE9y_K,-1960.1570000000002
ID_tOvE9y_Ca,-20723.34
ID_tOvE9y_Mg,-2055.4972000000002
ID_tOvE9y_S,-8.958707999999998
ID_tOvE9y_Fe,-432.73711599999996
ID_tOvE9y_Mn,-449.77262000000013
ID_tOvE9y_Zn,-13.895551999999999
ID_tOvE9y_Cu,-10.287471999999994
ID_tOvE9y_B,-1.730314
ID_b6Wmhv_N,-3861.68
ID_b6Wmhv_P,-48.50047999999998
ID_b6Wmhv_K,-1587.6560000000002
ID_b6Wmhv_Ca,-13615.871999999998
ID_b6Wmhv_Mg,-2121.088
ID_b6Wmhv_S,-8.933280000000003
ID_b6Wmhv_Fe,-468.93856000000005
ID_b6Wmhv_Mn,-393.1976000000001
ID_b6Wmhv_Zn,-5.65808
ID_b6Wmhv_Cu,-8.237919999999997
ID_b6Wmhv_B,-1.69336
ID_8SYD1t_N,-4075.04
ID_8SYD1t_P,-34.11199999999995
ID_8SYD1t_K,-1225.8560000000002
ID_8SYD1t_Ca,-9847.704
ID_8SYD1t_Mg,-2180.3920000000003
ID_8SYD1t_S,-13.287120000000012
ID_8SYD1t_Fe,-547.8217599999999
ID_8SYD1t_Mn,-346.4984
ID_8SYD1t_Zn,-5.368640000000002
ID_8SYD1t_Cu,-8.422959999999998
ID_8SYD1t_B,-1.0916799999999998
ID_jyY2G7_N,-3731.46
ID_jyY2G7_P,-47.812295999999975
ID_jyY2G7_K,-1371.1508
ID_jyY2G7_Ca,-11126.090799999998
ID_jyY2G7_Mg,-2113.3332000000005
ID_jyY2G7_S,-10.21208399999999
ID_jyY2G7_Fe,-496.119948
ID_jyY2G7_Mn,-351.99048000000005
ID_jyY2G7_Zn,-6.009524000000002
ID_jyY2G7_Cu,-6.622996
ID_jyY2G7_B,-1.5363639999999994
ID_ZqBWQu_N,-3616.608
ID_ZqBWQu_P,-33.40062799999998
ID_ZqBWQu_K,-1404.9646
ID_ZqBWQu_Ca,-9700.8514
ID_ZqBWQu_Mg,-1824.4809999999998
ID_ZqBWQu_S,-9.67228
ID_ZqBWQu_Fe,-464.190358
ID_ZqBWQu_Mn,-365.40838
ID_ZqBWQu_Zn,-5.501924000000001
ID_ZqBWQu_Cu,-5.985858
ID_ZqBWQu_B,-1.4865159999999995
ID_hQsVWL_N,-3511.2299999999996
ID_hQsVWL_P,-35.75601999999999
ID_hQsVWL_K,-1127.049
ID_hQsVWL_Ca,-15571.397
ID_hQsVWL_Mg,-2138.8889999999997
ID_hQsVWL_S,-7.8213999999999935
ID_hQsVWL_Fe,-438.64029999999997
ID_hQsVWL_Mn,-322.2003
ID_hQsVWL_Zn,-4.70163
ID_hQsVWL_Cu,-9.874459999999988
ID_hQsVWL_B,-1.5782999999999991
ID_UlOYpK_N,-3777.1399999999994
ID_UlOYpK_P,-11.929279999999999
ID_UlOYpK_K,-819.3248
ID_UlOYpK_Ca,-9082.9656
ID_UlOYpK_Mg,-2252.2324000000003
ID_UlOYpK_S,-9.443399999999997
ID_UlOYpK_Fe,-492.11023599999993
ID_UlOYpK_Mn,-296.70452
ID_UlOYpK_Zn,-4.320511999999998
ID_UlOYpK_Cu,-9.394011999999996
ID_UlOYpK_B,-0.9334599999999996
ID_EOmfuU_N,-3852.8490000000006
ID_EOmfuU_P,12.96902
ID_EOmfuU_K,-878.7180000000001
ID_EOmfuU_Ca,-12494.457
ID_EOmfuU_Mg,-2458.3819999999996
ID_EOmfuU_S,-7.852219999999992
ID_EOmfuU_Fe,-478.12646999999987
ID_EOmfuU_Mn,-279.4157
ID_EOmfuU_Zn,-4.941060000000001
ID_EOmfuU_Cu,-9.766129999999999
ID_EOmfuU_B,-1.1797099999999996
ID_Cm5hML_N,-4215.1964
ID_Cm5hML_P,2.163400000000017
ID_Cm5hML_K,-650.3768
ID_Cm5hML_Ca,-6538.006799999999
ID_Cm5hML_Mg,-1148.8948
ID_Cm5hML_S,-12.316428000000002
ID_Cm5hML_Fe,-481.7679279999999
ID_Cm5hML_Mn,-289.6616
ID_Cm5hML_Zn,-5.324168
ID_Cm5hML_Cu,-7.879180000000001
ID_Cm5hML_B,-0.8620960000000003
ID_grwqKX_N,-3763.3003999999996
ID_grwqKX_P,-0.9020599999999774
ID_grwqKX_K,-944.1775999999999
ID_grwqKX_Ca,-8400.9264
ID_grwqKX_Mg,-1653.0712
ID_grwqKX_S,-8.716535999999998
ID_grwqKX_Fe,-451.5531399999999
ID_grwqKX_Mn,-302.9790800000001
ID_grwqKX_Zn,-5.413543999999998
ID_grwqKX_Cu,-6.163936000000002
ID_grwqKX_B,-1.2592720000000004
ID_EJ8pfj_N,-3793.509
ID_EJ8pfj_P,-17.57934999999999
ID_EJ8pfj_K,-1005.425
ID_EJ8pfj_Ca,-13847.018
ID_EJ8pfj_Mg,-2377.5370000000003
ID_EJ8pfj_S,-11.14329
ID_EJ8pfj_Fe,-451.9559199999998
ID_EJ8pfj_Mn,-299.4901
ID_EJ8pfj_Zn,-4.811110000000001
ID_EJ8pfj_Cu,-8.173610000000004
ID_EJ8pfj_B,-1.2275499999999997
ID_jlixS1_N,-4171.280000000001
ID_jlixS1_P,-9.833894000000008
ID_jlixS1_K,-551.5957999999999
ID_jlixS1_Ca,-5996.0082
ID_jlixS1_Mg,-744.7354
ID_jlixS1_S,-8.733467999999998
ID_jlixS1_Fe,-643.6105000000001
ID_jlixS1_Mn,-255.36842000000001
ID_jlixS1_Zn,-14.910451999999998
ID_jlixS1_Cu,-8.918872
ID_jlixS1_B,-0.7061020000000006
ID_RBXz9f_N,-3777.224
ID_RBXz9f_P,-7.582388000000009
ID_RBXz9f_K,-686.3372
ID_RBXz9f_Ca,-6030.520800000001
ID_RBXz9f_Mg,-1058.206
ID_RBXz9f_S,-8.4714
ID_RBXz9f_Fe,-508.0541319999999
ID_RBXz9f_Mn,-275.41208000000006
ID_RBXz9f_Zn,-5.404412000000002
ID_RBXz9f_Cu,-7.88656
ID_RBXz9f_B,-0.7496679999999999
ID_OPWdoF_N,-4526.496000000001
ID_OPWdoF_P,-2.0434560000000133
ID_OPWdoF_K,-677.2992
ID_OPWdoF_Ca,-6890.358400000001
ID_OPWdoF_Mg,-840.6240000000003
ID_OPWdoF_S,-9.262528000000003
ID_OPWdoF_Fe,-545.0268480000001
ID_OPWdoF_Mn,-291.66688000000005
ID_OPWdoF_Zn,-6.183136
ID_OPWdoF_Cu,-9.320224000000003
ID_OPWdoF_B,-0.7774720000000004
ID_Dq4JUD_N,-3931.2560000000008
ID_Dq4JUD_P,-1.7788279999999972
ID_Dq4JUD_K,-630.9068000000001
ID_Dq4JUD_Ca,-6097.319200000002
ID_Dq4JUD_Mg,-999.1600000000001
ID_Dq4JUD_S,-8.838184000000002
ID_Dq4JUD_Fe,-522.4211460000001
ID_Dq4JUD_Mn,-274.58302000000003
ID_Dq4JUD_Zn,-5.431282000000004
ID_Dq4JUD_Cu,-8.915888000000002
ID_Dq4JUD_B,-0.7861140000000002
ID_kkY2oX_N,-4477.564000000001
ID_kkY2oX_P,-7.276788000000003
ID_kkY2oX_K,-589.3342000000001
ID_kkY2oX_Ca,-7356.007600000002
ID_kkY2oX_Mg,-1010.6486000000001
ID_kkY2oX_S,-7.691722000000013
ID_kkY2oX_Fe,-555.6729040000001
ID_kkY2oX_Mn,-282.78854000000007
ID_kkY2oX_Zn,-7.618912000000005
ID_kkY2oX_Cu,-8.680666000000004
ID_kkY2oX_B,-0.6500820000000004
ID_nmF1Cn_N,-4035.460000000001
ID_nmF1Cn_P,-2.3395240000000115
ID_nmF1Cn_K,-562.1932
ID_nmF1Cn_Ca,-6036.649800000001
ID_nmF1Cn_Mg,-979.1040000000002
ID_nmF1Cn_S,-8.650486000000004
ID_nmF1Cn_Fe,-503.19877800000006
ID_nmF1Cn_Mn,-261.03214
ID_nmF1Cn_Zn,-6.477900000000007
ID_nmF1Cn_Cu,-8.515422000000003
ID_nmF1Cn_B,-0.7715080000000007
ID_CwTQHu_N,-4039.5200000000004
ID_CwTQHu_P,0.0053199999999904435
ID_CwTQHu_K,-626.4580000000001
ID_CwTQHu_Ca,-7039.286000000002
ID_CwTQHu_Mg,-1352.6560000000002
ID_CwTQHu_S,-8.177520000000001
ID_CwTQHu_Fe,-506.883
ID_CwTQHu_Mn,-245.63260000000005
ID_CwTQHu_Zn,-5.344860000000003
ID_CwTQHu_Cu,-8.7529
ID_CwTQHu_B,-0.7907600000000006
ID_0s8DTP_N,-4177.1204
ID_0s8DTP_P,7.303660000000029
ID_0s8DTP_K,-617.7272
ID_0s8DTP_Ca,-6739.079999999999
ID_0s8DTP_Mg,-1006.3948
ID_0s8DTP_S,-9.817548000000002
ID_0s8DTP_Fe,-463.545256
ID_0s8DTP_Mn,-274.27387999999996
ID_0s8DTP_Zn,-6.018428000000002
ID_0s8DTP_Cu,-9.094875999999998
ID_0s8DTP_B,-0.9184120000000001
ID_WVQllj_N,-4528.29
ID_WVQllj_P,1.3002000000000038
ID_WVQllj_K,-503.3349999999999
ID_WVQllj_Ca,-5390.608
ID_WVQllj_Mg,-866.6439999999999
ID_WVQllj_S,-11.135240000000007
ID_WVQllj_Fe,-455.13406
ID_WVQllj_Mn,-256.6158
ID_WVQllj_Zn,-5.90867
ID_WVQllj_Cu,-8.58094
ID_WVQllj_B,-0.7408699999999999
ID_HFjut1_N,-4162.36
ID_HFjut1_P,-5.809100000000008
ID_HFjut1_K,-689.727
ID_HFjut1_Ca,-7596.6990000000005
ID_HFjut1_Mg,-1521.5919999999999
ID_HFjut1_S,-10.34542
ID_HFjut1_Fe,-538.35059
ID_HFjut1_Mn,-295.5893
ID_HFjut1_Zn,-4.86976
ID_HFjut1_Cu,-9.625370000000002
ID_HFjut1_B,-0.8121699999999998
ID_De9c65_N,-4289.55
ID_De9c65_P,-2.5980699999999928
ID_De9c65_K,-672.27
ID_De9c65_Ca,-7193.601
ID_De9c65_Mg,-1194.854
ID_De9c65_S,-10.380379999999992
ID_De9c65_Fe,-537.52397
ID_De9c65_Mn,-272.87909999999994
ID_De9c65_Zn,-5.741230000000003
ID_De9c65_Cu,-9.232990000000003
ID_De9c65_B,-0.8508099999999997
ID_dgWOVA_N,-4336.0960000000005
ID_dgWOVA_P,-14.119295999999991
ID_dgWOVA_K,-591.9552000000001
ID_dgWOVA_Ca,-7625.145600000001
ID_dgWOVA_Mg,-908.7872
ID_dgWOVA_S,-9.286048000000008
ID_dgWOVA_Fe,-574.6385280000001
ID_dgWOVA_Mn,-249.64671999999996
ID_dgWOVA_Zn,-6.2463040000000065
ID_dgWOVA_Cu,-5.184288000000004
ID_dgWOVA_B,-0.6910080000000003
ID_EZ52uy_N,-4433.536000000001
ID_EZ52uy_P,-26.240607999999995
ID_EZ52uy_K,-644.9312000000001
ID_EZ52uy_Ca,-6623.7088
ID_EZ52uy_Mg,-913.2448
ID_EZ52uy_S,-9.43276800000001
ID_EZ52uy_Fe,-581.055904
ID_EZ52uy_Mn,-256.48096000000004
ID_EZ52uy_Zn,-6.170592000000004
ID_EZ52uy_Cu,-6.296448
ID_EZ52uy_B,-0.7219200000000006
ID_cbZZat_N,-3908.496
ID_cbZZat_P,-12.141535999999988
ID_cbZZat_K,-705.9904000000001
ID_cbZZat_Ca,-8024.8048
ID_cbZZat_Mg,-1740.236
ID_cbZZat_S,-12.315920000000006
ID_cbZZat_Fe,-522.55488
ID_cbZZat_Mn,-316.46792
ID_cbZZat_Zn,-5.041328000000002
ID_cbZZat_Cu,-9.573696000000002
ID_cbZZat_B,-0.8939360000000001
ID_TgF4IG_N,-3778.3799999999997
ID_TgF4IG_P,-29.87793999999998
ID_TgF4IG_K,-1389.674
ID_TgF4IG_Ca,-9487.847200000002
ID_TgF4IG_Mg,-1215.0012000000002
ID_TgF4IG_S,-12.691336000000003
ID_TgF4IG_Fe,-522.9489279999999
ID_TgF4IG_Mn,-349.00068000000005
ID_TgF4IG_Zn,-5.9827960000000004
ID_TgF4IG_Cu,-5.072108000000001
ID_TgF4IG_B,-1.2061240000000002
ID_Jhl17Y_N,-3607.5
ID_Jhl17Y_P,-34.84500000000001
ID_Jhl17Y_K,-1507.7250000000001
ID_Jhl17Y_Ca,-8636.574999999999
ID_Jhl17Y_Mg,-1183.625
ID_Jhl17Y_S,-12.101250000000007
ID_Jhl17Y_Fe,-534.7257500000001
ID_Jhl17Y_Mn,-443.6350000000001
ID_Jhl17Y_Zn,-8.686749999999998
ID_Jhl17Y_Cu,-6.101500000000001
ID_Jhl17Y_B,-1.6609999999999996
ID_mDVAQ5_N,-3621.956
ID_mDVAQ5_P,-31.80724799999996
ID_mDVAQ5_K,-1600.9204
ID_mDVAQ5_Ca,-8835.8052
ID_mDVAQ5_Mg,-1371.656
ID_mDVAQ5_S,-8.826764
ID_mDVAQ5_Fe,-476.437076
ID_mDVAQ5_Mn,-422.6512400000001
ID_mDVAQ5_Zn,-5.550504000000003
ID_mDVAQ5_Cu,-5.647844
ID_mDVAQ5_B,-1.7593839999999987
ID_pjxFew_N,-3618.41
ID_pjxFew_P,-23.890779999999985
ID_pjxFew_K,-1448.888
ID_pjxFew_Ca,-9462.896
ID_pjxFew_Mg,-1597.5379999999998
ID_pjxFew_S,-8.848119999999998
ID_pjxFew_Fe,-458.8269399999999
ID_pjxFew_Mn,-408.7125
ID_pjxFew_Zn,-5.3914
ID_pjxFew_Cu,-6.406059999999998
ID_pjxFew_B,-1.6288999999999991
ID_zpKwo3_N,-3638.5159999999996
ID_zpKwo3_P,-28.21714399999999
ID_zpKwo3_K,-1467.2323999999999
ID_zpKwo3_Ca,-8953.3248
ID_zpKwo3_Mg,-1390.894
ID_zpKwo3_S,-10.548288
ID_zpKwo3_Fe,-481.1363679999999
ID_zpKwo3_Mn,-372.81320000000005
ID_zpKwo3_Zn,-5.136524000000003
ID_zpKwo3_Cu,-5.761516000000001
ID_zpKwo3_B,-1.4494239999999996
ID_4x8MWK_N,-3572.396
ID_4x8MWK_P,-22.24072399999997
ID_4x8MWK_K,-1898.4836
ID_4x8MWK_Ca,-11052.292200000002
ID_4x8MWK_Mg,-1705.6053999999997
ID_4x8MWK_S,-8.120255999999998
ID_4x8MWK_Fe,-464.776462
ID_4x8MWK_Mn,-415.32206
ID_4x8MWK_Zn,-5.307494000000001
ID_4x8MWK_Cu,-6.244360000000002
ID_4x8MWK_B,-1.624689999999999
ID_ZAw1q8_N,-3549.164
ID_ZAw1q8_P,-25.451498000000015
ID_ZAw1q8_K,-2125.0753999999997
ID_ZAw1q8_Ca,-23145.603600000002
ID_ZAw1q8_Mg,-1521.6526
ID_ZAw1q8_S,-13.19261400000001
ID_ZAw1q8_Fe,-161.20723599999994
ID_ZAw1q8_Mn,-518.7215000000001
ID_ZAw1q8_Zn,-7.792783999999999
ID_ZAw1q8_Cu,-5.6671000000000005
ID_ZAw1q8_B,-2.9012739999999995
ID_A41msm_N,-3530.388
ID_A41msm_P,-23.722124
ID_A41msm_K,-1866.8924
ID_A41msm_Ca,-16031.799200000001
ID_A41msm_Mg,-1648.2715999999998
ID_A41msm_S,-7.634256000000004
ID_A41msm_Fe,-439.7286920000001
ID_A41msm_Mn,-497.60720000000003
ID_A41msm_Zn,-5.485132000000001
ID_A41msm_Cu,-5.827440000000002
ID_A41msm_B,-1.6161319999999995
ID_RFI74j_N,-3381.638
ID_RFI74j_P,-36.197762
ID_RFI74j_K,-1821.3638
ID_RFI74j_Ca,-9530.044800000001
ID_RFI74j_Mg,-1492.969
ID_RFI74j_S,-9.67014
ID_RFI74j_Fe,-514.8374020000002
ID_RFI74j_Mn,-520.6157
ID_RFI74j_Zn,-6.838796
ID_RFI74j_Cu,-5.750002000000002
ID_RFI74j_B,-1.7485179999999994
ID_b2CSJA_N,-3608.198
ID_b2CSJA_P,-24.020528
ID_b2CSJA_K,-1513.7174
ID_b2CSJA_Ca,-17232.302399999997
ID_b2CSJA_Mg,-1887.0958
ID_b2CSJA_S,-10.710402000000002
ID_b2CSJA_Fe,-437.73986800000006
ID_b2CSJA_Mn,-383.69228000000004
ID_b2CSJA_Zn,-6.4211
ID_b2CSJA_Cu,-6.6842799999999984
ID_b2CSJA_B,-1.551915999999999
ID_PpHxBv_N,-3649.304
ID_PpHxBv_P,-19.625792000000004
ID_PpHxBv_K,-1619.3268
ID_PpHxBv_Ca,-11147.437600000001
ID_PpHxBv_Mg,-1589.9072
ID_PpHxBv_S,-11.250028000000004
ID_PpHxBv_Fe,-512.62846
ID_PpHxBv_Mn,-414.8562800000001
ID_PpHxBv_Zn,-11.261247999999997
ID_PpHxBv_Cu,-5.845100000000001
ID_PpHxBv_B,-1.6990039999999986
ID_ZQhE9W_N,-3389.9759999999997
ID_ZQhE9W_P,-28.763871999999978
ID_ZQhE9W_K,-1481.1488
ID_ZQhE9W_Ca,-9788.143999999998
ID_ZQhE9W_Mg,-1697.3391999999997
ID_ZQhE9W_S,-9.010615999999999
ID_ZQhE9W_Fe,-462.81047199999995
ID_ZQhE9W_Mn,-399.4264800000001
ID_ZQhE9W_Zn,-5.920608
ID_ZQhE9W_Cu,-6.4294
ID_ZQhE9W_B,-1.5168559999999993
ID_Aw5BL0_N,-3588.548
ID_Aw5BL0_P,-29.047851999999992
ID_Aw5BL0_K,-1581.3116
ID_Aw5BL0_Ca,-8654.367600000001
ID_Aw5BL0_Mg,-1268.9740000000002
ID_Aw5BL0_S,-8.516496000000004
ID_Aw5BL0_Fe,-497.13934
ID_Aw5BL0_Mn,-425.51664000000005
ID_Aw5BL0_Zn,-6.652575999999999
ID_Aw5BL0_Cu,-5.891948000000002
ID_Aw5BL0_B,-1.70974
ID_QjXARI_N,-3233.120000000001
ID_QjXARI_P,-38.23670399999999
ID_QjXARI_K,-1255.8016000000005
ID_QjXARI_Ca,-17254.524800000007
ID_QjXARI_Mg,-2093.3216
ID_QjXARI_S,-7.3764480000000034
ID_QjXARI_Fe,-429.818496
ID_QjXARI_Mn,-351.7750400000001
ID_QjXARI_Zn,-4.768800000000001
ID_QjXARI_Cu,-6.632224000000003
ID_QjXARI_B,-1.451712
ID_FvbkRc_N,-3968.2259999999997
ID_FvbkRc_P,-18.171043999999995
ID_FvbkRc_K,-974.6727999999998
ID_FvbkRc_Ca,-9102.941599999998
ID_FvbkRc_Mg,-1430.716
ID_FvbkRc_S,-8.828838000000005
ID_FvbkRc_Fe,-484.19712999999985
ID_FvbkRc_Mn,-316.75032
ID_FvbkRc_Zn,-7.592038
ID_FvbkRc_Cu,-9.676426
ID_FvbkRc_B,-1.4299060000000001
ID_9tqcse_N,-4583.600600000001
ID_9tqcse_P,-15.016928
ID_9tqcse_K,-1025.8544
ID_9tqcse_Ca,-9588.3012
ID_9tqcse_Mg,-1752.5044000000003
ID_9tqcse_S,-6.906185999999998
ID_9tqcse_Fe,-480.91669000000013
ID_9tqcse_Mn,-316.08320000000003
ID_9tqcse_Zn,-6.860288
ID_9tqcse_Cu,-9.406384
ID_9tqcse_B,-1.3001740000000004
ID_43C561_N,-3286.5300000000007
ID_43C561_P,-27.845335999999975
ID_43C561_K,-916.8526
ID_43C561_Ca,-9617.4208
ID_43C561_Mg,-1747.1982
ID_43C561_S,-6.2040379999999935
ID_43C561_Fe,-457.275198
ID_43C561_Mn,-289.45384000000007
ID_43C561_Zn,-6.27004
ID_43C561_Cu,-9.148762
ID_43C561_B,-1.2443120000000008
ID_K0WWJY_N,-3681.656000000001
ID_K0WWJY_P,-18.754103999999998
ID_K0WWJY_K,-913.4268000000001
ID_K0WWJY_Ca,-8984.728799999999
ID_K0WWJY_Mg,-1537.0984000000003
ID_K0WWJY_S,-9.759256000000008
ID_K0WWJY_Fe,-494.442176
ID_K0WWJY_Mn,-289.8068
ID_K0WWJY_Zn,-5.567375999999998
ID_K0WWJY_Cu,-6.197735999999999
ID_K0WWJY_B,-1.320896
ID_em3ZVJ_N,-4240.064
ID_em3ZVJ_P,-14.977960000000024
ID_em3ZVJ_K,-835.4108000000001
ID_em3ZVJ_Ca,-6721.183600000001
ID_em3ZVJ_Mg,-1111.2964000000002
ID_em3ZVJ_S,-6.647308000000006
ID_em3ZVJ_Fe,-442.8040639999999
ID_em3ZVJ_Mn,-292.74088000000006
ID_em3ZVJ_Zn,-7.152288000000001
ID_em3ZVJ_Cu,-5.116748000000002
ID_em3ZVJ_B,-0.9144919999999995
ID_hqOd2S_N,-3970.2200000000007
ID_hqOd2S_P,-11.437189999999987
ID_hqOd2S_K,-805.64
ID_hqOd2S_Ca,-6204.903
ID_hqOd2S_Mg,-1207.354
ID_hqOd2S_S,-6.697560000000003
ID_hqOd2S_Fe,-494.11372
ID_hqOd2S_Mn,-306.38689999999997
ID_hqOd2S_Zn,-7.529810000000003
ID_hqOd2S_Cu,-8.733189999999999
ID_hqOd2S_B,-1.1934400000000007
ID_weyagL_N,-4065.1640000000007
ID_weyagL_P,-28.721654000000015
ID_weyagL_K,-1052.9606
ID_weyagL_Ca,-11263.579800000001
ID_weyagL_Mg,-1823.5
ID_weyagL_S,-7.484718000000001
ID_weyagL_Fe,-478.1356960000001
ID_weyagL_Mn,-343.12058000000013
ID_weyagL_Zn,-6.650053999999999
ID_weyagL_Cu,-9.861927999999995
ID_weyagL_B,-1.403626
ID_6B0sTG_N,-3904.1359999999995
ID_6B0sTG_P,-21.38717599999999
ID_6B0sTG_K,-1140.1208000000001
ID_6B0sTG_Ca,-12411.4464
ID_6B0sTG_Mg,-1680.7276
ID_6B0sTG_S,-6.072876000000004
ID_6B0sTG_Fe,-466.254124
ID_6B0sTG_Mn,-410.14136
ID_6B0sTG_Zn,-6.584095999999997
ID_6B0sTG_Cu,-7.546756000000001
ID_6B0sTG_B,-1.3910559999999998
ID_uzfRJd_N,-3819.6399999999994
ID_uzfRJd_P,-36.11154399999997
ID_uzfRJd_K,-1150.0847999999999
ID_uzfRJd_Ca,-10296.5256
ID_uzfRJd_Mg,-1589.4591999999998
ID_uzfRJd_S,-7.893767999999998
ID_uzfRJd_Fe,-503.727848
ID_uzfRJd_Mn,-412.5136
ID_uzfRJd_Zn,-8.01928
ID_uzfRJd_Cu,-6.249600000000001
ID_uzfRJd_B,-1.356544
ID_sPv6iu_N,-3218.4560000000006
ID_sPv6iu_P,-23.71244600000003
ID_sPv6iu_K,-1545.6230000000003
ID_sPv6iu_Ca,-19249.319400000004
ID_sPv6iu_Mg,-1831.159
ID_sPv6iu_S,-10.422222000000001
ID_sPv6iu_Fe,-212.92317399999996
ID_sPv6iu_Mn,-424.78106000000014
ID_sPv6iu_Zn,-5.912792000000004
ID_sPv6iu_Cu,-10.851825999999992
ID_sPv6iu_B,-2.1641979999999985
ID_b5zwr0_N,-3652.652
ID_b5zwr0_P,-18.532159999999976
ID_b5zwr0_K,-1529.522
ID_b5zwr0_Ca,-22313.646
ID_b5zwr0_Mg,-1545.9796000000001
ID_b5zwr0_S,-13.041924000000002
ID_b5zwr0_Fe,-190.70175999999995
ID_b5zwr0_Mn,-473.04884000000004
ID_b5zwr0_Zn,-7.603939999999998
ID_b5zwr0_Cu,-5.869815999999999
ID_b5zwr0_B,-2.3165079999999976
ID_NjJQxd_N,-4154.924000000001
ID_NjJQxd_P,-16.606316000000028
ID_NjJQxd_K,-951.1488000000002
ID_NjJQxd_Ca,-12100.254400000002
ID_NjJQxd_Mg,-2066.052
ID_NjJQxd_S,-10.216162000000004
ID_NjJQxd_Fe,-474.797084
ID_NjJQxd_Mn,-338.48536000000007
ID_NjJQxd_Zn,-6.336636
ID_NjJQxd_Cu,-9.243324000000001
ID_NjJQxd_B,-1.0368140000000003
ID_pZOz4X_N,-4099.580000000001
ID_pZOz4X_P,-3.544160000000005
ID_pZOz4X_K,-827.0100000000001
ID_pZOz4X_Ca,-6833.652000000001
ID_pZOz4X_Mg,-1389.1980000000003
ID_pZOz4X_S,-6.739599999999999
ID_pZOz4X_Fe,-515.2817200000001
ID_pZOz4X_Mn,-308.9772000000001
ID_pZOz4X_Zn,-4.9092600000000015
ID_pZOz4X_Cu,-6.212560000000001
ID_pZOz4X_B,-0.9997600000000001
ID_Uxks46_N,-4011.952
ID_Uxks46_P,-42.619056
ID_Uxks46_K,-728.0624
ID_Uxks46_Ca,-6185.3392
ID_Uxks46_Mg,-923.0704000000002
ID_Uxks46_S,-7.037407999999999
ID_Uxks46_Fe,-516.8065440000001
ID_Uxks46_Mn,-276.59776000000005
ID_Uxks46_Zn,-13.386864000000001
ID_Uxks46_Cu,-4.922624000000004
ID_Uxks46_B,-0.7432640000000008
ID_buboCy_N,-4299.71
ID_buboCy_P,-20.943890000000003
ID_buboCy_K,-694.466
ID_buboCy_Ca,-5752.479
ID_buboCy_Mg,-931.4770000000001
ID_buboCy_S,-9.62013000000001
ID_buboCy_Fe,-582.60604
ID_buboCy_Mn,-285.851
ID_buboCy_Zn,-7.077679999999998
ID_buboCy_Cu,-5.1862900000000005
ID_buboCy_B,-0.8087200000000004
ID_ZYuUqG_N,-3826.8320000000003
ID_ZYuUqG_P,-21.944896
ID_ZYuUqG_K,-774.0096
ID_ZYuUqG_Ca,-6318.126400000001
ID_ZYuUqG_Mg,-1290.1696000000002
ID_ZYuUqG_S,-10.166768000000008
ID_ZYuUqG_Fe,-569.8043200000001
ID_ZYuUqG_Mn,-274.0019200000002
ID_ZYuUqG_Zn,-5.299408000000001
ID_ZYuUqG_Cu,-5.323648000000001
ID_ZYuUqG_B,-0.6821120000000002
ID_NlIwtG_N,-4169.514
ID_NlIwtG_P,-25.452114000000023
ID_NlIwtG_K,-662.2678000000001
ID_NlIwtG_Ca,-5727.6512
ID_NlIwtG_Mg,-983.4191999999999
ID_NlIwtG_S,-6.169028000000004
ID_NlIwtG_Fe,-587.5825140000002
ID_NlIwtG_Mn,-317.2188000000001
ID_NlIwtG_Zn,-6.559921999999998
ID_NlIwtG_Cu,-5.595334000000004
ID_NlIwtG_B,-0.8104540000000003
ID_WQrZok_N,-3884.120000000001
ID_WQrZok_P,-29.749820000000028
ID_WQrZok_K,-703.0340000000001
ID_WQrZok_Ca,-6653.022000000001
ID_WQrZok_Mg,-1305.382
ID_WQrZok_S,-8.539470000000009
ID_WQrZok_Fe,-488.73876999999993
ID_WQrZok_Mn,-328.75610000000006
ID_WQrZok_Zn,-5.681599999999999
ID_WQrZok_Cu,-5.791510000000003
ID_WQrZok_B,-0.87676
ID_6SMrNW_N,-3593.0400000000004
ID_6SMrNW_P,-45.15624000000001
ID_6SMrNW_K,-952.2032000000002
ID_6SMrNW_Ca,-8069.008000000001
ID_6SMrNW_Mg,-1371.8304
ID_6SMrNW_S,-7.172608000000007
ID_6SMrNW_Fe,-391.05411200000003
ID_6SMrNW_Mn,-331.7427200000001
ID_6SMrNW_Zn,-5.438976000000002
ID_6SMrNW_Cu,-6.426671999999996
ID_6SMrNW_B,-1.2832320000000004
ID_oTfbL4_N,-3387.1040000000003
ID_oTfbL4_P,-48.534296
ID_oTfbL4_K,-953.9336
ID_oTfbL4_Ca,-9648.340800000002
ID_oTfbL4_Mg,-1595.4112000000005
ID_oTfbL4_S,-7.5689519999999995
ID_oTfbL4_Fe,-447.2783920000001
ID_oTfbL4_Mn,-352.2826400000001
ID_oTfbL4_Zn,-5.103248000000001
ID_oTfbL4_Cu,-6.783711999999996
ID_oTfbL4_B,-1.4542480000000004
ID_nxhnuN_N,-3351.3920000000007
ID_nxhnuN_P,-25.826185999999993
ID_nxhnuN_K,-976.8050000000001
ID_nxhnuN_Ca,-9336.4616
ID_nxhnuN_Mg,-1578.6174
ID_nxhnuN_S,-6.909682000000004
ID_nxhnuN_Fe,-457.126402
ID_nxhnuN_Mn,-299.90620000000007
ID_nxhnuN_Zn,-4.961984000000002
ID_nxhnuN_Cu,-5.881666000000002
ID_nxhnuN_B,-1.4650800000000006
ID_5TydZ7_N,-3652.870000000001
ID_5TydZ7_P,-22.70573800000001
ID_5TydZ7_K,-983.9360000000001
ID_5TydZ7_Ca,-12194.910000000002
ID_5TydZ7_Mg,-2098.5776
ID_5TydZ7_S,-7.695210000000003
ID_5TydZ7_Fe,-425.3773560000001
ID_5TydZ7_Mn,-302.7246400000001
ID_5TydZ7_Zn,-5.0783400000000025
ID_5TydZ7_Cu,-9.514734
ID_5TydZ7_B,-1.2923099999999996
ID_CjX2xU_N,-4213.384000000001
ID_CjX2xU_P,-27.337667999999994
ID_CjX2xU_K,-766.9994000000002
ID_CjX2xU_Ca,-6876.018000000001
ID_CjX2xU_Mg,-1521.8218000000002
ID_CjX2xU_S,-8.597285999999997
ID_CjX2xU_Fe,-538.8553560000001
ID_CjX2xU_Mn,-327.24256
ID_CjX2xU_Zn,-6.432378
ID_CjX2xU_Cu,-6.2852700000000015
ID_CjX2xU_B,-0.9260139999999993
ID_JkJklW_N,-3700.304
ID_JkJklW_P,-35.86568000000001
ID_JkJklW_K,-933.0680000000001
ID_JkJklW_Ca,-9279.888
ID_JkJklW_Mg,-1629.1504000000004
ID_JkJklW_S,-8.270520000000005
ID_JkJklW_Fe,-486.58520799999997
ID_JkJklW_Mn,-301.2008000000001
ID_JkJklW_Zn,-5.096120000000002
ID_JkJklW_Cu,-6.594063999999995
ID_JkJklW_B,-1.5179679999999998
ID_Bbqqrw_N,-4083.7040000000006
ID_Bbqqrw_P,-30.687944
ID_Bbqqrw_K,-898.4000000000001
ID_Bbqqrw_Ca,-7052.452800000001
ID_Bbqqrw_Mg,-1346.3200000000002
ID_Bbqqrw_S,-8.588256000000001
ID_Bbqqrw_Fe,-562.4837200000002
ID_Bbqqrw_Mn,-309.82568000000003
ID_Bbqqrw_Zn,-9.364928000000004
ID_Bbqqrw_Cu,-6.292095999999996
ID_Bbqqrw_B,-1.2507760000000008
ID_HbeKtN_N,-4464.484
ID_HbeKtN_P,-25.071910000000003
ID_HbeKtN_K,-755.8208000000001
ID_HbeKtN_Ca,-6858.597000000001
ID_HbeKtN_Mg,-1395.9854
ID_HbeKtN_S,-7.786115999999993
ID_HbeKtN_Fe,-542.7005960000002
ID_HbeKtN_Mn,-261.8540000000001
ID_HbeKtN_Zn,-4.8125979999999995
ID_HbeKtN_Cu,-6.149032000000003
ID_HbeKtN_B,-0.8018100000000006
ID_nObkYv_N,-4223.27
ID_nObkYv_P,-17.350789999999996
ID_nObkYv_K,-738.6290000000001
ID_nObkYv_Ca,-5938.917000000001
ID_nObkYv_Mg,-1280.371
ID_nObkYv_S,-9.521010000000004
ID_nObkYv_Fe,-588.7737400000001
ID_nObkYv_Mn,-282.65900000000016
ID_nObkYv_Zn,-5.428340000000002
ID_nObkYv_Cu,-5.850940000000003
ID_nObkYv_B,-0.6522700000000002
ID_c843zV_N,-4833.558000000001
ID_c843zV_P,-19.64763400000001
ID_c843zV_K,-600.3868000000001
ID_c843zV_Ca,-5535.576800000002
ID_c843zV_Mg,-899.6866
ID_c843zV_S,-8.207292000000013
ID_c843zV_Fe,-626.2676260000001
ID_c843zV_Mn,-296.48112000000003
ID_c843zV_Zn,-17.651054000000013
ID_c843zV_Cu,-5.93561
ID_c843zV_B,-0.6202160000000003
ID_EYxzlm_N,-4660.2080000000005
ID_EYxzlm_P,-7.831688000000014
ID_EYxzlm_K,-538.7816
ID_EYxzlm_Ca,-5509.932000000001
ID_EYxzlm_Mg,-829.2376000000003
ID_EYxzlm_S,-8.864520000000006
ID_EYxzlm_Fe,-553.8735280000002
ID_EYxzlm_Mn,-276.7452800000001
ID_EYxzlm_Zn,-6.103543999999998
ID_EYxzlm_Cu,-5.7840640000000025
ID_EYxzlm_B,-0.6120640000000002
ID_zpcIXx_N,-4390.01
ID_zpcIXx_P,-34.843999999999994
ID_zpcIXx_K,-894.8060000000002
ID_zpcIXx_Ca,-9224.745
ID_zpcIXx_Mg,-1229.9920000000002
ID_zpcIXx_S,-7.029359999999997
ID_zpcIXx_Fe,-487.1072800000001
ID_zpcIXx_Mn,-287.64230000000003
ID_zpcIXx_Zn,-5.555810000000004
ID_zpcIXx_Cu,-5.850519999999999
ID_zpcIXx_B,-0.9391300000000004
ID_ytOmyb_N,-4779.008000000001
ID_ytOmyb_P,-27.552920000000015
ID_ytOmyb_K,-621.9200000000001
ID_ytOmyb_Ca,-5301.340800000002
ID_ytOmyb_Mg,-959.6584000000001
ID_ytOmyb_S,-7.163520000000009
ID_ytOmyb_Fe,-595.4973760000001
ID_ytOmyb_Mn,-320.4572
ID_ytOmyb_Zn,-7.3969520000000015
ID_ytOmyb_Cu,-6.156448000000004
ID_ytOmyb_B,-0.5734000000000002
ID_abMVsM_N,-3542.6880000000006
ID_abMVsM_P,-34.100544
ID_abMVsM_K,-1498.5280000000002
ID_abMVsM_Ca,-22537.766400000008
ID_abMVsM_Mg,-1785.2992000000004
ID_abMVsM_S,-8.99776000000001
ID_abMVsM_Fe,-201.87004800000008
ID_abMVsM_Mn,-385.69088000000005
ID_abMVsM_Zn,-5.802784000000001
ID_abMVsM_Cu,-6.900576000000004
ID_abMVsM_B,-2.214655999999999
ID_lmStIm_N,-3175.5800000000004
ID_lmStIm_P,-70.05522000000003
ID_lmStIm_K,-1167.108
ID_lmStIm_Ca,-15736.480000000003
ID_lmStIm_Mg,-1788.4760000000003
ID_lmStIm_S,-6.096540000000001
ID_lmStIm_Fe,-302.9441
ID_lmStIm_Mn,-372.5660000000001
ID_lmStIm_Zn,-5.5235
ID_lmStIm_Cu,-10.211719999999996
ID_lmStIm_B,-1.5413999999999999
ID_MpTbGN_N,-3543.66
ID_MpTbGN_P,-30.058919999999972
ID_MpTbGN_K,-1370.0900000000001
ID_MpTbGN_Ca,-22161.632999999998
ID_MpTbGN_Mg,-1431.133
ID_MpTbGN_S,-13.418680000000002
ID_MpTbGN_Fe,-188.00677000000002
ID_MpTbGN_Mn,-426.14650000000006
ID_MpTbGN_Zn,-7.22933
ID_MpTbGN_Cu,-5.678110000000003
ID_MpTbGN_B,-1.9242199999999992
ID_Uk0Jns_N,-3936.4480000000003
ID_Uk0Jns_P,-6.2995519999999985
ID_Uk0Jns_K,-876.1168
ID_Uk0Jns_Ca,-8722.5856
ID_Uk0Jns_Mg,-1560.1743999999999
ID_Uk0Jns_S,-7.154096000000003
ID_Uk0Jns_Fe,-450.62156800000014
ID_Uk0Jns_Mn,-289.87232
ID_Uk0Jns_Zn,-5.509488000000002
ID_Uk0Jns_Cu,-5.272480000000001
ID_Uk0Jns_B,-1.1199520000000003
ID_zfWqoo_N,-4222.476
ID_zfWqoo_P,-5.146437999999982
ID_zfWqoo_K,-825.2416
ID_zfWqoo_Ca,-6862.0612
ID_zfWqoo_Mg,-1156.5554
ID_zfWqoo_S,-7.887096
ID_zfWqoo_Fe,-523.4411259999999
ID_zfWqoo_Mn,-334.23593999999997
ID_zfWqoo_Zn,-7.530340000000001
ID_zfWqoo_Cu,-5.50085
ID_zfWqoo_B,-1.142208000000001
ID_RHvUAX_N,-3233.6980000000003
ID_RHvUAX_P,-47.135940000000005
ID_RHvUAX_K,-1281.9324
ID_RHvUAX_Ca,-10805.8222
ID_RHvUAX_Mg,-1792.7696
ID_RHvUAX_S,-4.183978000000007
ID_RHvUAX_Fe,-433.3719860000001
ID_RHvUAX_Mn,-382.65700000000004
ID_RHvUAX_Zn,-5.967047999999999
ID_RHvUAX_Cu,-7.498837999999992
ID_RHvUAX_B,-1.4437820000000003
ID_VkwsIs_N,-3855.828000000001
ID_VkwsIs_P,-52.489116000000024
ID_VkwsIs_K,-955.4652000000001
ID_VkwsIs_Ca,-7980.294200000001
ID_VkwsIs_Mg,-1165.1452
ID_VkwsIs_S,-7.130154000000001
ID_VkwsIs_Fe,-506.99808200000007
ID_VkwsIs_Mn,-342.08672000000007
ID_VkwsIs_Zn,-6.778522
ID_VkwsIs_Cu,-6.757687999999996
ID_VkwsIs_B,-1.3389620000000004
ID_4idX0J_N,-4244.84
ID_4idX0J_P,-16.064312000000022
ID_4idX0J_K,-831.9584000000001
ID_4idX0J_Ca,-6914.9688000000015
ID_4idX0J_Mg,-1033.9624000000001
ID_4idX0J_S,-6.228240000000003
ID_4idX0J_Fe,-520.8432400000002
ID_4idX0J_Mn,-307.2423200000001
ID_4idX0J_Zn,-6.950912
ID_4idX0J_Cu,-6.038512
ID_4idX0J_B,-0.9676000000000006
ID_xbUy2z_N,-3458.8800000000006
ID_xbUy2z_P,-29.796688000000003
ID_xbUy2z_K,-1018.3472000000002
ID_xbUy2z_Ca,-9543.977600000002
ID_xbUy2z_Mg,-1583.1792
ID_xbUy2z_S,-5.612400000000001
ID_xbUy2z_Fe,-440.634656
ID_xbUy2z_Mn,-308.62768000000005
ID_xbUy2z_Zn,-4.787312000000001
ID_xbUy2z_Cu,-6.266511999999998
ID_xbUy2z_B,-1.2139680000000004
ID_s5qmpL_N,-3802.8540000000003
ID_s5qmpL_P,-13.884586000000013
ID_s5qmpL_K,-921.0212
ID_s5qmpL_Ca,-8905.791400000002
ID_s5qmpL_Mg,-1482.0082000000002
ID_s5qmpL_S,-6.269054000000008
ID_s5qmpL_Fe,-500.17359200000004
ID_s5qmpL_Mn,-273.44724000000014
ID_s5qmpL_Zn,-4.640596000000002
ID_s5qmpL_Cu,-6.022592000000002
ID_s5qmpL_B,-1.1336060000000001
ID_mSYbWe_N,-3671.3900000000003
ID_mSYbWe_P,-23.461579999999984
ID_mSYbWe_K,-876.0740000000001
ID_mSYbWe_Ca,-8841.579
ID_mSYbWe_Mg,-1513.219
ID_mSYbWe_S,-7.6774200000000015
ID_mSYbWe_Fe,-446.6306199999999
ID_mSYbWe_Mn,-326.39990000000006
ID_mSYbWe_Zn,-5.019680000000001
ID_mSYbWe_Cu,-5.851990000000001
ID_mSYbWe_B,-1.1533300000000009
ID_BgXmRZ_N,-3823.6900000000005
ID_BgXmRZ_P,-27.320120000000017
ID_BgXmRZ_K,-916.4998
ID_BgXmRZ_Ca,-7870.197800000001
ID_BgXmRZ_Mg,-1191.4914
ID_BgXmRZ_S,-5.989054000000003
ID_BgXmRZ_Fe,-471.672196
ID_BgXmRZ_Mn,-336.30332000000004
ID_BgXmRZ_Zn,-5.587720000000001
ID_BgXmRZ_Cu,-6.084752000000001
ID_BgXmRZ_B,-1.349734000000001
ID_WIHCnt_N,-4017.7400000000007
ID_WIHCnt_P,-41.44356000000002
ID_WIHCnt_K,-916.4180000000001
ID_WIHCnt_Ca,-9446.174
ID_WIHCnt_Mg,-1469.63
ID_WIHCnt_S,-8.238020000000002
ID_WIHCnt_Fe,-503.7147800000001
ID_WIHCnt_Mn,-337.07120000000003
ID_WIHCnt_Zn,-7.5805000000000025
ID_WIHCnt_Cu,-6.647279999999997
ID_WIHCnt_B,-1.3471400000000002
ID_rlG3dg_N,-3708.56
ID_rlG3dg_P,-34.63673
ID_rlG3dg_K,-943.1270000000001
ID_rlG3dg_Ca,-8337.117
ID_rlG3dg_Mg,-1136.7520000000002
ID_rlG3dg_S,-6.132870000000004
ID_rlG3dg_Fe,-419.07526
ID_rlG3dg_Mn,-325.16510000000005
ID_rlG3dg_Zn,-14.039600000000005
ID_rlG3dg_Cu,-6.145150000000001
ID_rlG3dg_B,-1.3744600000000005
ID_JzmDbm_N,-3457.1060000000007
ID_JzmDbm_P,-29.333486000000022
ID_JzmDbm_K,-993.1094
ID_JzmDbm_Ca,-14528.866800000002
ID_JzmDbm_Mg,-2116.8730000000005
ID_JzmDbm_S,-7.668534000000008
ID_JzmDbm_Fe,-444.34640800000005
ID_JzmDbm_Mn,-298.8471200000001
ID_JzmDbm_Zn,-5.450144000000003
ID_JzmDbm_Cu,-7.318029999999998
ID_JzmDbm_B,-1.311718
ID_3UExAA_N,-3638.0460000000003
ID_3UExAA_P,-13.110903999999998
ID_3UExAA_K,-886.0322000000002
ID_3UExAA_Ca,-8490.8502
ID_3UExAA_Mg,-1225.1170000000002
ID_3UExAA_S,-7.108572000000013
ID_3UExAA_Fe,-431.21234400000003
ID_3UExAA_Mn,-339.55792
ID_3UExAA_Zn,-5.120414
ID_3UExAA_Cu,-6.503717999999998
ID_3UExAA_B,-1.3550940000000002
ID_6BOLSM_N,-3603.232
ID_6BOLSM_P,-6.791264000000005
ID_6BOLSM_K,-795.8704000000002
ID_6BOLSM_Ca,-6344.792000000001
ID_6BOLSM_Mg,-1113.7232000000001
ID_6BOLSM_S,-6.906784000000005
ID_6BOLSM_Fe,-478.2344000000001
ID_6BOLSM_Mn,-263.82032000000004
ID_6BOLSM_Zn,-5.224528000000001
ID_6BOLSM_Cu,-5.359424000000002
ID_6BOLSM_B,-0.8882400000000003
ID_Yw2lU5_N,-3459.392
ID_Yw2lU5_P,-35.46102800000001
ID_Yw2lU5_K,-982.2596000000001
ID_Yw2lU5_Ca,-9150.5376
ID_Yw2lU5_Mg,-1630.5892000000001
ID_Yw2lU5_S,-6.516671999999996
ID_Yw2lU5_Fe,-477.64181200000024
ID_Yw2lU5_Mn,-264.39200000000005
ID_Yw2lU5_Zn,-5.0417000000000005
ID_Yw2lU5_Cu,-6.5385279999999995
ID_Yw2lU5_B,-1.3059760000000002
ID_8w3vx4_N,-3604.1400000000003
ID_8w3vx4_P,-24.857979999999998
ID_8w3vx4_K,-950.848
ID_8w3vx4_Ca,-10485.916000000001
ID_8w3vx4_Mg,-1554.682
ID_8w3vx4_S,-6.664799999999996
ID_8w3vx4_Fe,-443.9462800000001
ID_8w3vx4_Mn,-289.9648000000001
ID_8w3vx4_Zn,-4.9594200000000015
ID_8w3vx4_Cu,-6.305840000000001
ID_8w3vx4_B,-1.3733200000000003
ID_AWD3qh_N,-4411.208
ID_AWD3qh_P,-23.02900399999998
ID_AWD3qh_K,-853.9580000000001
ID_AWD3qh_Ca,-7402.331999999999
ID_AWD3qh_Mg,-1417.1824
ID_AWD3qh_S,-7.970747999999997
ID_AWD3qh_Fe,-559.1317480000001
ID_AWD3qh_Mn,-337.36832000000004
ID_AWD3qh_Zn,-9.339247999999998
ID_AWD3qh_Cu,-6.687423999999996
ID_AWD3qh_B,-1.2458200000000001
ID_ZISINX_N,-3698.5200000000004
ID_ZISINX_P,-23.903400000000005
ID_ZISINX_K,-894.4180000000001
ID_ZISINX_Ca,-8576.756000000001
ID_ZISINX_Mg,-1618.8780000000002
ID_ZISINX_S,-8.849620000000005
ID_ZISINX_Fe,-484.3299200000001
ID_ZISINX_Mn,-338.51880000000006
ID_ZISINX_Zn,-6.358620000000002
ID_ZISINX_Cu,-6.511539999999998
ID_ZISINX_B,-1.4919000000000002
ID_kLG3Gp_N,-3585.196
ID_kLG3Gp_P,-18.67736
ID_kLG3Gp_K,-877.6412000000003
ID_kLG3Gp_Ca,-8987.7816
ID_kLG3Gp_Mg,-1457.1744
ID_kLG3Gp_S,-9.461608000000005
ID_kLG3Gp_Fe,-470.11496400000004
ID_kLG3Gp_Mn,-302.02648000000005
ID_kLG3Gp_Zn,-5.196164000000001
ID_kLG3Gp_Cu,-6.097884
ID_kLG3Gp_B,-1.334252
ID_i9c5QS_N,-3261.4880000000007
ID_i9c5QS_P,-51.93953600000002
ID_i9c5QS_K,-1156.4384
ID_i9c5QS_Ca,-11992.220800000003
ID_i9c5QS_Mg,-1812.9152000000004
ID_i9c5QS_S,-5.218655999999999
ID_i9c5QS_Fe,-456.5140000000001
ID_i9c5QS_Mn,-341.5083200000001
ID_i9c5QS_Zn,-5.3416320000000015
ID_i9c5QS_Cu,-7.4843519999999915
ID_i9c5QS_B,-1.5041280000000006
ID_X1ENUx_N,-3291.9380000000006
ID_X1ENUx_P,-20.619098
ID_X1ENUx_K,-1290.6116000000002
ID_X1ENUx_Ca,-15571.645200000003
ID_X1ENUx_Mg,-1714.4536000000005
ID_X1ENUx_S,-7.0040880000000065
ID_X1ENUx_Fe,-433.66043800000006
ID_X1ENUx_Mn,-402.2702600000001
ID_X1ENUx_Zn,-5.333594000000002
ID_X1ENUx_Cu,-5.836624
ID_X1ENUx_B,-1.4597920000000002
ID_NpQgDB_N,-3388.1840000000007
ID_NpQgDB_P,-35.480552
ID_NpQgDB_K,-1076.0384000000001
ID_NpQgDB_Ca,-15072.36
ID_NpQgDB_Mg,-2237.2984
ID_NpQgDB_S,-7.668528000000009
ID_NpQgDB_Fe,-404.80048
ID_NpQgDB_Mn,-331.7475200000001
ID_NpQgDB_Zn,-5.3665519999999995
ID_NpQgDB_Cu,-7.727199999999999
ID_NpQgDB_B,-1.3693599999999997
ID_2NMLQH_N,-4057.496
ID_2NMLQH_P,-20.61206999999999
ID_2NMLQH_K,-956.1633999999999
ID_2NMLQH_Ca,-9076.1606
ID_2NMLQH_Mg,-1403.031
ID_2NMLQH_S,-7.184913999999999
ID_2NMLQH_Fe,-498.50993600000004
ID_2NMLQH_Mn,-321.51892
ID_2NMLQH_Zn,-5.874438000000003
ID_2NMLQH_Cu,-6.783173999999997
ID_2NMLQH_B,-1.3826719999999997
ID_Y1XpFX_N,-4227.668000000001
ID_Y1XpFX_P,-0.8224699999999956
ID_Y1XpFX_K,-708.0170000000002
ID_Y1XpFX_Ca,-5954.782800000001
ID_Y1XpFX_Mg,-789.0022000000001
ID_Y1XpFX_S,-9.350406
ID_Y1XpFX_Fe,-544.2979120000001
ID_Y1XpFX_Mn,-308.69504000000006
ID_Y1XpFX_Zn,-5.441042
ID_Y1XpFX_Cu,-5.350444000000003
ID_Y1XpFX_B,-0.8066680000000007
ID_FWyCHL_N,-3908.2700000000004
ID_FWyCHL_P,-5.453869999999995
ID_FWyCHL_K,-711.6860000000001
ID_FWyCHL_Ca,-6180.522000000001
ID_FWyCHL_Mg,-1153.9930000000002
ID_FWyCHL_S,-6.483990000000009
ID_FWyCHL_Fe,-472.38858999999997
ID_FWyCHL_Mn,-255.40310000000005
ID_FWyCHL_Zn,-8.101220000000007
ID_FWyCHL_Cu,-5.982820000000001
ID_FWyCHL_B,-0.8605900000000003
ID_ylBdTE_N,-2961.5200000000004
ID_ylBdTE_P,-33.36846000000001
ID_ylBdTE_K,-1485.096
ID_ylBdTE_Ca,-25232.912
ID_ylBdTE_Mg,-2180.9340000000007
ID_ylBdTE_S,-14.279660000000003
ID_ylBdTE_Fe,-162.54713999999998
ID_ylBdTE_Mn,-361.22060000000005
ID_ylBdTE_Zn,-4.817960000000002
ID_ylBdTE_Cu,-6.316840000000001
ID_ylBdTE_B,-2.1362799999999993
ID_CBC2rl_N,-3461.2480000000005
ID_CBC2rl_P,-54.446537999999975
ID_CBC2rl_K,-1172.0700000000002
ID_CBC2rl_Ca,-10489.169000000002
ID_CBC2rl_Mg,-1631.8614000000002
ID_CBC2rl_S,-6.396583999999997
ID_CBC2rl_Fe,-474.952518
ID_CBC2rl_Mn,-368.5432000000002
ID_CBC2rl_Zn,-6.660366000000001
ID_CBC2rl_Cu,-7.2867739999999985
ID_CBC2rl_B,-1.4505779999999997
ID_bEfMoU_N,-3393.8200000000006
ID_bEfMoU_P,-20.358100000000007
ID_bEfMoU_K,-954.368
ID_bEfMoU_Ca,-13494.966
ID_bEfMoU_Mg,-2204.4080000000004
ID_bEfMoU_S,-6.966639999999998
ID_bEfMoU_Fe,-434.5395200000002
ID_bEfMoU_Mn,-306.0468000000001
ID_bEfMoU_Zn,-5.12992
ID_bEfMoU_Cu,-6.456320000000001
ID_bEfMoU_B,-1.2771800000000002
ID_lUTFfi_N,-4432.43
ID_lUTFfi_P,-38.60321000000003
ID_lUTFfi_K,-890.8580000000001
ID_lUTFfi_Ca,-6715.518000000001
ID_lUTFfi_Mg,-923.665
ID_lUTFfi_S,-6.0020400000000045
ID_lUTFfi_Fe,-450.13509999999997
ID_lUTFfi_Mn,-308.3588000000001
ID_lUTFfi_Zn,-16.154510000000005
ID_lUTFfi_Cu,-5.468110000000007
ID_lUTFfi_B,-1.3230100000000014
ID_AdnNaU_N,-3637.828000000001
ID_AdnNaU_P,-7.199616000000006
ID_AdnNaU_K,-802.2984000000001
ID_AdnNaU_Ca,-7839.488000000001
ID_AdnNaU_Mg,-1133.9276000000002
ID_AdnNaU_S,-7.442766000000006
ID_AdnNaU_Fe,-462.1070860000001
ID_AdnNaU_Mn,-314.16528000000005
ID_AdnNaU_Zn,-4.784476
ID_AdnNaU_Cu,-5.019574
ID_AdnNaU_B,-1.125976
ID_EB1eAI_N,-3414.96
ID_EB1eAI_P,0.5211480000000108
ID_EB1eAI_K,-916.4796000000001
ID_EB1eAI_Ca,-7877.792
ID_EB1eAI_Mg,-1364.7424
ID_EB1eAI_S,-7.893656000000004
ID_EB1eAI_Fe,-380.1936800000001
ID_EB1eAI_Mn,-244.72924000000003
ID_EB1eAI_Zn,-5.049672000000001
ID_EB1eAI_Cu,-5.640812000000003
ID_EB1eAI_B,-1.20154
ID_TD362l_N,-3491.960000000001
ID_TD362l_P,-18.883945999999995
ID_TD362l_K,-938.6528000000001
ID_TD362l_Ca,-12384.546600000001
ID_TD362l_Mg,-2287.3468000000007
ID_TD362l_S,-7.995983999999996
ID_TD362l_Fe,-457.82358400000015
ID_TD362l_Mn,-296.2563800000001
ID_TD362l_Zn,-4.778149999999999
ID_TD362l_Cu,-6.390514000000002
ID_TD362l_B,-1.2662080000000002
ID_CTUT0N_N,-2908.8800000000006
ID_CTUT0N_P,-24.15588799999999
ID_CTUT0N_K,-1180.3880000000001
ID_CTUT0N_Ca,-16798.4808
ID_CTUT0N_Mg,-2121.0472
ID_CTUT0N_S,-8.220192000000008
ID_CTUT0N_Fe,-377.7095440000001
ID_CTUT0N_Mn,-343.83488
ID_CTUT0N_Zn,-4.502552
ID_CTUT0N_Cu,-5.844328000000002
ID_CTUT0N_B,-1.3900959999999998
ID_xOX0UQ_N,-4033.822
ID_xOX0UQ_P,-8.130025999999994
ID_xOX0UQ_K,-915.5889999999999
ID_xOX0UQ_Ca,-6947.286599999999
ID_xOX0UQ_Mg,-957.0662000000001
ID_xOX0UQ_S,-8.886166000000003
ID_xOX0UQ_Fe,-563.041516
ID_xOX0UQ_Mn,-361.84552
ID_xOX0UQ_Zn,-8.193704000000002
ID_xOX0UQ_Cu,-5.478917999999999
ID_xOX0UQ_B,-1.1714040000000001
ID_wrYor1_N,-3789.120000000001
ID_wrYor1_P,-18.86392399999999
ID_wrYor1_K,-968.4580000000001
ID_wrYor1_Ca,-7816.401800000003
ID_wrYor1_Mg,-1338.804
ID_wrYor1_S,-8.138622000000009
ID_wrYor1_Fe,-464.2129660000002
ID_wrYor1_Mn,-316.4412000000001
ID_wrYor1_Zn,-5.100358000000002
ID_wrYor1_Cu,-5.236048000000001
ID_wrYor1_B,-1.23999
ID_UZvIyw_N,-4153.920000000001
ID_UZvIyw_P,-41.54586000000005
ID_UZvIyw_K,-1037.6820000000002
ID_UZvIyw_Ca,-20487.710000000003
ID_UZvIyw_Mg,-1193.5300000000002
ID_UZvIyw_S,-26.620120000000007
ID_UZvIyw_Fe,-178.19639999999998
ID_UZvIyw_Mn,-348.4122000000001
ID_UZvIyw_Zn,-9.992580000000004
ID_UZvIyw_Cu,-5.681700000000004
ID_UZvIyw_B,-2.2174600000000004
ID_CyFyQc_N,-4424.294
ID_CyFyQc_P,-15.532945999999974
ID_CyFyQc_K,-1022.9238
ID_CyFyQc_Ca,-11743.729
ID_CyFyQc_Mg,-1757.9188
ID_CyFyQc_S,-6.196616000000002
ID_CyFyQc_Fe,-407.882128
ID_CyFyQc_Mn,-330.90018
ID_CyFyQc_Zn,-6.768494
ID_CyFyQc_Cu,-10.611614
ID_CyFyQc_B,-1.2834580000000004
ID_M3uQY5_N,-3382.1360000000004
ID_M3uQY5_P,-33.25834400000001
ID_M3uQY5_K,-1063.7048
ID_M3uQY5_Ca,-9744.3312
ID_M3uQY5_Mg,-1701.5536000000004
ID_M3uQY5_S,-6.697175999999995
ID_M3uQY5_Fe,-450.937216
ID_M3uQY5_Mn,-305.9657600000001
ID_M3uQY5_Zn,-5.638928000000001
ID_M3uQY5_Cu,-7.446615999999996
ID_M3uQY5_B,-1.4430160000000007
ID_494DqI_N,-3947.4080000000004
ID_494DqI_P,-11.403464
ID_494DqI_K,-868.808
ID_494DqI_Ca,-8446.084800000002
ID_494DqI_Mg,-1557.1576000000002
ID_494DqI_S,-7.569168000000005
ID_494DqI_Fe,-442.1790640000002
ID_494DqI_Mn,-262.9040000000001
ID_494DqI_Zn,-5.411912000000001
ID_494DqI_Cu,-5.383815999999999
ID_494DqI_B,-1.001296
ID_ceXayt_N,-3971.8840000000005
ID_ceXayt_P,-55.36014400000002
ID_ceXayt_K,-1127.4408
ID_ceXayt_Ca,-13576.458000000002
ID_ceXayt_Mg,-2400.0444
ID_ceXayt_S,-10.684635999999998
ID_ceXayt_Fe,-375.7968
ID_ceXayt_Mn,-299.41464
ID_ceXayt_Zn,-7.371495999999998
ID_ceXayt_Cu,-5.732820000000002
ID_ceXayt_B,-1.3196240000000006
ID_0GN5vE_N,-3370.6520000000005
ID_0GN5vE_P,-35.224210000000014
ID_0GN5vE_K,-1357.9176000000002
ID_0GN5vE_Ca,-27008.838400000004
ID_0GN5vE_Mg,-1604.5970000000002
ID_0GN5vE_S,-26.531128000000002
ID_0GN5vE_Fe,-155.61067400000002
ID_0GN5vE_Mn,-353.3612600000001
ID_0GN5vE_Zn,-4.574858000000002
ID_0GN5vE_Cu,-4.885924
ID_0GN5vE_B,-2.2025239999999986
ID_HTNTi4_N,-3379.3920000000007
ID_HTNTi4_P,-15.745984000000036
ID_HTNTi4_K,-1276.2752000000003
ID_HTNTi4_Ca,-20097.5104
ID_HTNTi4_Mg,-2339.3184000000006
ID_HTNTi4_S,-9.044799999999995
ID_HTNTi4_Fe,-389.64992000000007
ID_HTNTi4_Mn,-291.5190400000001
ID_HTNTi4_Zn,-4.545472000000002
ID_HTNTi4_Cu,-11.213472
ID_HTNTi4_B,-1.5466880000000007
ID_mwpcOW_N,-4380.320000000001
ID_mwpcOW_P,-52.254864000000055
ID_mwpcOW_K,-1397.5312000000001
ID_mwpcOW_Ca,-18956.788800000002
ID_mwpcOW_Mg,-1376.6976000000004
ID_mwpcOW_S,-11.884431999999997
ID_mwpcOW_Fe,-187.06060800000006
ID_mwpcOW_Mn,-352.61344
ID_mwpcOW_Zn,-12.274687999999996
ID_mwpcOW_Cu,-9.336591999999996
ID_mwpcOW_B,-2.3885439999999996
ID_YZ4ntj_N,-4748.384000000001
ID_YZ4ntj_P,-56.96532600000003
ID_YZ4ntj_K,-1140.3652
ID_YZ4ntj_Ca,-8101.959800000001
ID_YZ4ntj_Mg,-1326.6966000000002
ID_YZ4ntj_S,-9.399572000000006
ID_YZ4ntj_Fe,-382.5215080000001
ID_YZ4ntj_Mn,-300.9869000000001
ID_YZ4ntj_Zn,-6.345279999999998
ID_YZ4ntj_Cu,-6.443202000000006
ID_YZ4ntj_B,-1.3073620000000008
ID_6x3WKd_N,-4207.246
ID_6x3WKd_P,-34.67495600000001
ID_6x3WKd_K,-944.3447999999999
ID_6x3WKd_Ca,-7550.7184
ID_6x3WKd_Mg,-1213.797
ID_6x3WKd_S,-8.005878
ID_6x3WKd_Fe,-357.62072000000006
ID_6x3WKd_Mn,-317.58840000000015
ID_6x3WKd_Zn,-7.9157340000000005
ID_6x3WKd_Cu,-5.4465059999999985
ID_6x3WKd_B,-1.1974480000000007
ID_bqf4Tw_N,-4287.392000000001
ID_bqf4Tw_P,-33.08230399999999
ID_bqf4Tw_K,-944.2352000000003
ID_bqf4Tw_Ca,-13672.312800000003
ID_bqf4Tw_Mg,-1999.3095999999998
ID_bqf4Tw_S,-7.081224000000002
ID_bqf4Tw_Fe,-345.72988000000004
ID_bqf4Tw_Mn,-308.3072
ID_bqf4Tw_Zn,-5.587736000000001
ID_bqf4Tw_Cu,-6.413272000000002
ID_bqf4Tw_B,-1.259416
ID_QtZmNQ_N,-4417.508000000001
ID_QtZmNQ_P,-32.158652000000004
ID_QtZmNQ_K,-823.1148000000002
ID_QtZmNQ_Ca,-6952.200000000001
ID_QtZmNQ_Mg,-739.1728000000002
ID_QtZmNQ_S,-6.665328000000002
ID_QtZmNQ_Fe,-382.735772
ID_QtZmNQ_Mn,-248.8335600000001
ID_QtZmNQ_Zn,-6.047979999999998
ID_QtZmNQ_Cu,-4.853232
ID_QtZmNQ_B,-1.1453600000000002
ID_GQNcrs_N,-4294.51
ID_GQNcrs_P,-35.36842199999998
ID_GQNcrs_K,-963.2318
ID_GQNcrs_Ca,-5573.845400000001
ID_GQNcrs_Mg,-776.0630000000001
ID_GQNcrs_S,-6.595312000000003
ID_GQNcrs_Fe,-334.10145600000004
ID_GQNcrs_Mn,-290.9587400000001
ID_GQNcrs_Zn,-7.805441999999996
ID_GQNcrs_Cu,-4.975846000000002
ID_GQNcrs_B,-0.9976700000000002
ID_RC0M84_N,-3555.08
ID_RC0M84_P,-42.30318200000002
ID_RC0M84_K,-633.4328
ID_RC0M84_Ca,-5244.131399999999
ID_RC0M84_Mg,-832.7386000000001
ID_RC0M84_S,-8.807748000000004
ID_RC0M84_Fe,-319.62088
ID_RC0M84_Mn,-297.74174
ID_RC0M84_Zn,-6.602917999999997
ID_RC0M84_Cu,-4.871482000000002
ID_RC0M84_B,-0.9027999999999997
ID_UZuzBR_N,-5101.82
ID_UZuzBR_P,-131.78267600000004
ID_UZuzBR_K,-1097.8526
ID_UZuzBR_Ca,-6435.6359999999995
ID_UZuzBR_Mg,-962.9830000000001
ID_UZuzBR_S,-12.97833
ID_UZuzBR_Fe,-348.87322000000006
ID_UZuzBR_Mn,-366.5260400000001
ID_UZuzBR_Zn,-9.03160399999999
ID_UZuzBR_Cu,-5.9092720000000005
ID_UZuzBR_B,-1.805338
ID_i8FxS9_N,-3300.9920000000006
ID_i8FxS9_P,-81.87257600000004
ID_i8FxS9_K,-1873.0784000000003
ID_i8FxS9_Ca,-14064.876800000002
ID_i8FxS9_Mg,-1619.2704000000003
ID_i8FxS9_S,-9.243487999999996
ID_i8FxS9_Fe,-211.13872000000006
ID_i8FxS9_Mn,-422.02144000000004
ID_i8FxS9_Zn,-8.626080000000005
ID_i8FxS9_Cu,-5.505504000000005
ID_i8FxS9_B,-1.7229760000000003
ID_ijlZVC_N,-3487.1839999999997
ID_ijlZVC_P,-76.34846400000002
ID_ijlZVC_K,-1903.8296
ID_ijlZVC_Ca,-13523.5528
ID_ijlZVC_Mg,-1202.6224
ID_ijlZVC_S,-8.709247999999995
ID_ijlZVC_Fe,-185.0273599999999
ID_ijlZVC_Mn,-449.46192000000013
ID_ijlZVC_Zn,-9.761368000000001
ID_ijlZVC_Cu,-4.770136000000001
ID_ijlZVC_B,-1.7764640000000005
ID_NNT133_N,-3548.3179999999993
ID_NNT133_P,-66.138414
ID_NNT133_K,-1480.2348
ID_NNT133_Ca,-6037.9522
ID_NNT133_Mg,-807.973
ID_NNT133_S,-11.018326000000002
ID_NNT133_Fe,-299.37319999999994
ID_NNT133_Mn,-332.72174
ID_NNT133_Zn,-10.325733999999999
ID_NNT133_Cu,-4.575832000000001
ID_NNT133_B,-1.3808640000000003
ID_CrVNiR_N,-4324.472
ID_CrVNiR_P,-78.89633600000002
ID_CrVNiR_K,-702.3692000000001
ID_CrVNiR_Ca,-5096.22
ID_CrVNiR_Mg,-858.7828
ID_CrVNiR_S,-11.541335999999998
ID_CrVNiR_Fe,-335.75284000000005
ID_CrVNiR_Mn,-326.04872
ID_CrVNiR_Zn,-8.399804
ID_CrVNiR_Cu,-4.697386000000001
ID_CrVNiR_B,-0.9042040000000003
ID_cbbMYs_N,-5021.672
ID_cbbMYs_P,-82.90030400000003
ID_cbbMYs_K,-2075.068
ID_cbbMYs_Ca,-30250.822799999994
ID_cbbMYs_Mg,-833.0331999999999
ID_cbbMYs_S,-23.578180000000017
ID_cbbMYs_Fe,-236.559832
ID_cbbMYs_Mn,-493.59992000000005
ID_cbbMYs_Zn,-15.669711999999999
ID_cbbMYs_Cu,-5.633684000000001
ID_cbbMYs_B,-3.1654719999999994
ID_GGpS7s_N,-4061.6639999999998
ID_GGpS7s_P,-56.09842400000001
ID_GGpS7s_K,-1155.0436
ID_GGpS7s_Ca,-6388.12
ID_GGpS7s_Mg,-856.9068000000002
ID_GGpS7s_S,-10.710056000000005
ID_GGpS7s_Fe,-344.70887999999997
ID_GGpS7s_Mn,-344.9868800000001
ID_GGpS7s_Zn,-7.089824000000002
ID_GGpS7s_Cu,-4.857388000000001
ID_GGpS7s_B,-1.273956
ID_iFPIcF_N,-3854.888
ID_iFPIcF_P,-54.73700800000003
ID_iFPIcF_K,-1599.8111999999999
ID_iFPIcF_Ca,-5459.542
ID_iFPIcF_Mg,-720.9568
ID_iFPIcF_S,-10.847631999999997
ID_iFPIcF_Fe,-331.48091999999997
ID_iFPIcF_Mn,-329.41472000000005
ID_iFPIcF_Zn,-8.592780000000007
ID_iFPIcF_Cu,-5.052180000000002
ID_iFPIcF_B,-1.5531199999999996
ID_sEvrDs_N,-3301.532
ID_sEvrDs_P,-161.23644800000005
ID_sEvrDs_K,-2057.0
ID_sEvrDs_Ca,-15755.545199999997
ID_sEvrDs_Mg,-1361.14
ID_sEvrDs_S,-8.611656
ID_sEvrDs_Fe,-214.70559999999995
ID_sEvrDs_Mn,-410.92796000000004
ID_sEvrDs_Zn,-11.170088000000005
ID_sEvrDs_Cu,-4.772908000000002
ID_sEvrDs_B,-1.705240000000001
ID_vGnxwd_N,-3926.2440000000006
ID_vGnxwd_P,-57.52777600000002
ID_vGnxwd_K,-1227.9264
ID_vGnxwd_Ca,-5281.2627999999995
ID_vGnxwd_Mg,-860.9328
ID_vGnxwd_S,-11.32396
ID_vGnxwd_Fe,-298.12440000000004
ID_vGnxwd_Mn,-346.36304
ID_vGnxwd_Zn,-12.669128
ID_vGnxwd_Cu,-5.286584
ID_vGnxwd_B,-1.5038040000000004
ID_ldFTdV_N,-4030.728
ID_ldFTdV_P,-109.326912
ID_ldFTdV_K,-959.3096
ID_ldFTdV_Ca,-6328.2962
ID_ldFTdV_Mg,-951.3779999999999
ID_ldFTdV_S,-15.013952000000007
ID_ldFTdV_Fe,-367.6954
ID_ldFTdV_Mn,-371.4012200000001
ID_ldFTdV_Zn,-9.845186000000004
ID_ldFTdV_Cu,-4.688044000000001
ID_ldFTdV_B,-0.984098
ID_Ld4QCH_N,-4437.4400000000005
ID_Ld4QCH_P,-47.17520000000002
ID_Ld4QCH_K,-461.504
ID_Ld4QCH_Ca,-4604.9039999999995
ID_Ld4QCH_Mg,-876.7359999999999
ID_Ld4QCH_S,-17.346239999999984
ID_Ld4QCH_Fe,-364.85440000000006
ID_Ld4QCH_Mn,-331.3856000000001
ID_Ld4QCH_Zn,-9.357200000000002
ID_Ld4QCH_Cu,-4.528960000000004
ID_Ld4QCH_B,-0.5104000000000002
ID_LcBk05_N,-4143.121999999999
ID_LcBk05_P,-18.55077800000003
ID_LcBk05_K,-534.4975999999999
ID_LcBk05_Ca,-6505.953
ID_LcBk05_Mg,-1044.3213999999998
ID_LcBk05_S,-8.565558
ID_LcBk05_Fe,-344.79694
ID_LcBk05_Mn,-316.14116
ID_LcBk05_Zn,-11.651702000000006
ID_LcBk05_Cu,-4.235470000000001
ID_LcBk05_B,-0.7048360000000004
ID_iVoaor_N,-4580.384
ID_iVoaor_P,-33.399128000000005
ID_iVoaor_K,-715.7672
ID_iVoaor_Ca,-7242.5952
ID_iVoaor_Mg,-1341.7143999999998
ID_iVoaor_S,-13.082052000000001
ID_iVoaor_Fe,-372.07576000000006
ID_iVoaor_Mn,-299.0187200000001
ID_iVoaor_Zn,-10.200175999999997
ID_iVoaor_Cu,-4.890555999999999
ID_iVoaor_B,-1.0941999999999998
ID_53YYmv_N,-4104.746
ID_53YYmv_P,-103.712492
ID_53YYmv_K,-931.8205999999999
ID_53YYmv_Ca,-6226.4798
ID_53YYmv_Mg,-852.3462
ID_53YYmv_S,-10.310595999999997
ID_53YYmv_Fe,-340.37300000000005
ID_53YYmv_Mn,-337.56476
ID_53YYmv_Zn,-13.254774000000003
ID_53YYmv_Cu,-5.664082000000002
ID_53YYmv_B,-1.5229299999999992
ID_9o9xCn_N,-3201.896
ID_9o9xCn_P,-68.54692399999998
ID_9o9xCn_K,-1753.2356
ID_9o9xCn_Ca,-22309.222800000003
ID_9o9xCn_Mg,-1136.0356
ID_9o9xCn_S,-25.600847999999985
ID_9o9xCn_Fe,-136.729828
ID_9o9xCn_Mn,-434.0038400000001
ID_9o9xCn_Zn,-6.049436000000002
ID_9o9xCn_Cu,-4.766068000000002
ID_9o9xCn_B,-2.402008
ID_zssPvZ_N,-4205.42
ID_zssPvZ_P,-146.920202
ID_zssPvZ_K,-1952.317
ID_zssPvZ_Ca,-13802.424400000002
ID_zssPvZ_Mg,-916.3444
ID_zssPvZ_S,-9.649432000000004
ID_zssPvZ_Fe,-193.85543999999996
ID_zssPvZ_Mn,-455.93168000000003
ID_zssPvZ_Zn,-12.431294
ID_zssPvZ_Cu,-4.689472000000001
ID_zssPvZ_B,-2.436611999999999
ID_PZR5Xy_N,-4367.1140000000005
ID_PZR5Xy_P,-132.84550400000003
ID_PZR5Xy_K,-1642.1774000000003
ID_PZR5Xy_Ca,-5754.0432
ID_PZR5Xy_Mg,-899.3217999999999
ID_PZR5Xy_S,-10.353527999999997
ID_PZR5Xy_Fe,-308.53516
ID_PZR5Xy_Mn,-329.14160000000004
ID_PZR5Xy_Zn,-14.540564000000007
ID_PZR5Xy_Cu,-4.863664000000001
ID_PZR5Xy_B,-1.5871419999999998
ID_Tgwtc9_N,-3695.6899999999996
ID_Tgwtc9_P,-38.49853999999999
ID_Tgwtc9_K,-1735.123
ID_Tgwtc9_Ca,-5842.9490000000005
ID_Tgwtc9_Mg,-832.558
ID_Tgwtc9_S,-6.5356999999999985
ID_Tgwtc9_Fe,-254.9668999999998
ID_Tgwtc9_Mn,-396.5248
ID_Tgwtc9_Zn,-7.635050000000003
ID_Tgwtc9_Cu,-4.8041100000000005
ID_Tgwtc9_B,-1.7153799999999995
ID_crEoaw_N,-3868.4
ID_crEoaw_P,-97.53056000000001
ID_crEoaw_K,-2082.6079999999997
ID_crEoaw_Ca,-6092.592000000001
ID_crEoaw_Mg,-965.68
ID_crEoaw_S,-10.768079999999998
ID_crEoaw_Fe,-278.7496
ID_crEoaw_Mn,-461.65280000000007
ID_crEoaw_Zn,-10.662560000000012
ID_crEoaw_Cu,-4.789120000000003
ID_crEoaw_B,-1.8116800000000002
ID_PFOo5B_N,-4229.0
ID_PFOo5B_P,-89.24099999999999
ID_PFOo5B_K,-2158.9
ID_PFOo5B_Ca,-22127.75
ID_PFOo5B_Mg,-1126.3500000000001
ID_PFOo5B_S,-18.588499999999996
ID_PFOo5B_Fe,-201.55099999999993
ID_PFOo5B_Mn,-488.1975000000001
ID_PFOo5B_Zn,-14.94125
ID_PFOo5B_Cu,-5.34075
ID_PFOo5B_B,-2.874999999999999
ID_88JBUr_N,-3186.62
ID_88JBUr_P,-146.022464
ID_88JBUr_K,-2040.0367999999994
ID_88JBUr_Ca,-17348.376
ID_88JBUr_Mg,-1192.0323999999998
ID_88JBUr_S,-9.794520000000002
ID_88JBUr_Fe,-208.23267999999993
ID_88JBUr_Mn,-431.33168
ID_88JBUr_Zn,-12.254227999999998
ID_88JBUr_Cu,-4.9263520000000005
ID_88JBUr_B,-1.7253040000000004
ID_bB9AVN_N,-3157.95
ID_bB9AVN_P,-44.87414000000001
ID_bB9AVN_K,-1098.115
ID_bB9AVN_Ca,-13086.431
ID_bB9AVN_Mg,-1703.223
ID_bB9AVN_S,-10.849580000000003
ID_bB9AVN_Fe,-296.81309999999996
ID_bB9AVN_Mn,-311.3029
ID_bB9AVN_Zn,-8.929030000000003
ID_bB9AVN_Cu,-5.184070000000001
ID_bB9AVN_B,-0.8788699999999998
ID_gPhYjn_N,-5693.040000000001
ID_gPhYjn_P,-116.82788000000008
ID_gPhYjn_K,-733.9500000000002
ID_gPhYjn_Ca,-5729.450000000001
ID_gPhYjn_Mg,-714.172
ID_gPhYjn_S,-9.454180000000001
ID_gPhYjn_Fe,-442.0177600000001
ID_gPhYjn_Mn,-367.8778000000001
ID_gPhYjn_Zn,-146.38861999999995
ID_gPhYjn_Cu,-5.313200000000005
ID_gPhYjn_B,-0.9436600000000007
ID_HyKplh_N,-3884.7080000000005
ID_HyKplh_P,-112.55493200000001
ID_HyKplh_K,-2173.3652
ID_HyKplh_Ca,-6733.246199999999
ID_HyKplh_Mg,-1365.9346000000003
ID_HyKplh_S,-12.578597999999992
ID_HyKplh_Fe,-297.53404
ID_HyKplh_Mn,-429.54895999999997
ID_HyKplh_Zn,-11.422759999999995
ID_HyKplh_Cu,-6.329578000000001
ID_HyKplh_B,-1.475212
ID_bQp83C_N,-3857.584
ID_bQp83C_P,-71.32620799999995
ID_bQp83C_K,-2048.188
ID_bQp83C_Ca,-6427.369600000001
ID_bQp83C_Mg,-1125.9056000000003
ID_bQp83C_S,-10.784256
ID_bQp83C_Fe,-256.18752
ID_bQp83C_Mn,-446.5009600000001
ID_bQp83C_Zn,-11.428608
ID_bQp83C_Cu,-6.307768
ID_bQp83C_B,-1.6282240000000003
ID_yIbVaB_N,-4943.8679999999995
ID_yIbVaB_P,-122.47591999999997
ID_yIbVaB_K,-852.0225999999999
ID_yIbVaB_Ca,-7120.4922
ID_yIbVaB_Mg,-1317.8742
ID_yIbVaB_S,-7.343340000000008
ID_yIbVaB_Fe,-381.9088520000001
ID_yIbVaB_Mn,-411.2544800000001
ID_yIbVaB_Zn,-14.165926000000002
ID_yIbVaB_Cu,-6.3623620000000045
ID_yIbVaB_B,-1.4314879999999996
ID_8pG3nD_N,-3683.768
ID_8pG3nD_P,-35.385206000000025
ID_8pG3nD_K,-928.1965999999999
ID_8pG3nD_Ca,-6543.193800000001
ID_8pG3nD_Mg,-1399.8574
ID_8pG3nD_S,-7.675194000000005
ID_8pG3nD_Fe,-397.723522
ID_8pG3nD_Mn,-298.22996000000006
ID_8pG3nD_Zn,-9.027229999999998
ID_8pG3nD_Cu,-5.775574000000004
ID_8pG3nD_B,-1.0470940000000004
ID_3O0tUD_N,-3442.1120000000005
ID_3O0tUD_P,-122.40716800000004
ID_3O0tUD_K,-1088.7648000000002
ID_3O0tUD_Ca,-12472.953600000003
ID_3O0tUD_Mg,-2902.163200000001
ID_3O0tUD_S,-11.964640000000003
ID_3O0tUD_Fe,-423.67664000000013
ID_3O0tUD_Mn,-288.66752
ID_3O0tUD_Zn,-11.952479999999998
ID_3O0tUD_Cu,-6.398368
ID_3O0tUD_B,-1.4537280000000008
ID_NMgD6M_N,-4121.679999999999
ID_NMgD6M_P,-64.43663400000008
ID_NMgD6M_K,-867.5488
ID_NMgD6M_Ca,-5094.6282
ID_NMgD6M_Mg,-885.7848
ID_NMgD6M_S,-8.928956
ID_NMgD6M_Fe,-363.255264
ID_NMgD6M_Mn,-314.0496200000001
ID_NMgD6M_Zn,-11.323297999999998
ID_NMgD6M_Cu,-5.2795960000000015
ID_NMgD6M_B,-1.2421000000000006
ID_h30KTb_N,-4001.3
ID_h30KTb_P,-37.469210000000004
ID_h30KTb_K,-767.9030000000001
ID_h30KTb_Ca,-6769.0470000000005
ID_h30KTb_Mg,-1411.3900000000003
ID_h30KTb_S,-4.8829499999999975
ID_h30KTb_Fe,-350.96617000000003
ID_h30KTb_Mn,-306.15170000000006
ID_h30KTb_Zn,-9.68462
ID_h30KTb_Cu,-5.515150000000001
ID_h30KTb_B,-1.0426600000000004
ID_kJLimW_N,-4363.55
ID_kJLimW_P,-35.42865400000002
ID_kJLimW_K,-1367.6814000000004
ID_kJLimW_Ca,-16139.009600000003
ID_kJLimW_Mg,-2811.4158
ID_kJLimW_S,-7.976430000000004
ID_kJLimW_Fe,-311.70736
ID_kJLimW_Mn,-322.8395000000001
ID_kJLimW_Zn,-7.776307999999997
ID_kJLimW_Cu,-6.404746000000003
ID_kJLimW_B,-1.5347260000000003
ID_cmqFgF_N,-4026.5120000000006
ID_cmqFgF_P,-38.590304
ID_cmqFgF_K,-919.6928000000003
ID_cmqFgF_Ca,-12542.7552
ID_cmqFgF_Mg,-2690.1552000000006
ID_cmqFgF_S,-7.131632000000007
ID_cmqFgF_Fe,-311.7512
ID_cmqFgF_Mn,-274.53024000000005
ID_cmqFgF_Zn,-7.5668159999999975
ID_cmqFgF_Cu,-6.186432
ID_cmqFgF_B,-1.1715360000000004
ID_Y5Hbwc_N,-4075.6220000000003
ID_Y5Hbwc_P,-51.17108000000003
ID_Y5Hbwc_K,-1079.372
ID_Y5Hbwc_Ca,-7847.709
ID_Y5Hbwc_Mg,-1427.9950000000001
ID_Y5Hbwc_S,-6.723078000000001
ID_Y5Hbwc_Fe,-239.73970600000007
ID_Y5Hbwc_Mn,-322.79540000000003
ID_Y5Hbwc_Zn,-10.286257999999998
ID_Y5Hbwc_Cu,-6.2053
ID_Y5Hbwc_B,-1.2368980000000007
ID_tzKMOO_N,-3419.4399999999996
ID_tzKMOO_P,-112.72003199999992
ID_tzKMOO_K,-1562.3024000000003
ID_tzKMOO_Ca,-21779.876
ID_tzKMOO_Mg,-2430.8072
ID_tzKMOO_S,-14.253351999999992
ID_tzKMOO_Fe,-197.86508000000003
ID_tzKMOO_Mn,-368.02528
ID_tzKMOO_Zn,-6.678551999999999
ID_tzKMOO_Cu,-7.183168000000004
ID_tzKMOO_B,-2.819304
ID_dPFHto_N,-3171.8360000000007
ID_dPFHto_P,-163.679894
ID_dPFHto_K,-1566.4466000000002
ID_dPFHto_Ca,-23460.881400000006
ID_dPFHto_Mg,-2413.8646000000003
ID_dPFHto_S,-18.310325999999993
ID_dPFHto_Fe,-204.9402760000001
ID_dPFHto_Mn,-367.7181800000001
ID_dPFHto_Zn,-7.313168000000002
ID_dPFHto_Cu,-7.905664000000004
ID_dPFHto_B,-2.8812580000000008
ID_Cyxzau_N,-3488.428
ID_Cyxzau_P,-146.098344
ID_Cyxzau_K,-1554.9503999999997
ID_Cyxzau_Ca,-14049.2454
ID_Cyxzau_Mg,-2545.5062
ID_Cyxzau_S,-11.244777999999997
ID_Cyxzau_Fe,-235.81906199999997
ID_Cyxzau_Mn,-346.43542
ID_Cyxzau_Zn,-9.169518
ID_Cyxzau_Cu,-6.695260000000004
ID_Cyxzau_B,-2.479676000000001
ID_jLm2X1_N,-4513.0
ID_jLm2X1_P,-53.36795999999998
ID_jLm2X1_K,-3144.228
ID_jLm2X1_Ca,-15243.351999999999
ID_jLm2X1_Mg,-1188.1319999999998
ID_jLm2X1_S,-24.717800000000004
ID_jLm2X1_Fe,-139.65919999999997
ID_jLm2X1_Mn,-639.9572000000001
ID_jLm2X1_Zn,-23.3314
ID_jLm2X1_Cu,-6.485840000000003
ID_jLm2X1_B,-3.5840800000000006
ID_vmki9G_N,-4418.92
ID_vmki9G_P,-78.71551999999996
ID_vmki9G_K,-3263.424
ID_vmki9G_Ca,-13629.460000000001
ID_vmki9G_Mg,-1124.264
ID_vmki9G_S,-17.3356
ID_vmki9G_Fe,-187.1415999999999
ID_vmki9G_Mn,-622.964
ID_vmki9G_Zn,-14.498239999999996
ID_vmki9G_Cu,-7.11612
ID_vmki9G_B,-3.388359999999998
ID_ka0WIx_N,-4262.080000000001
ID_ka0WIx_P,-117.78454399999998
ID_ka0WIx_K,-3822.9902
ID_ka0WIx_Ca,-10484.885200000002
ID_ka0WIx_Mg,-1198.1753999999999
ID_ka0WIx_S,-12.311746000000007
ID_ka0WIx_Fe,-192.81936
ID_ka0WIx_Mn,-581.22802
ID_ka0WIx_Zn,-12.898863999999993
ID_ka0WIx_Cu,-6.875228000000002
ID_ka0WIx_B,-2.917285999999999
ID_fi01RV_N,-4403.928
ID_fi01RV_P,-178.73051199999998
ID_fi01RV_K,-4134.897
ID_fi01RV_Ca,-30824.434200000003
ID_fi01RV_Mg,-1230.7803999999999
ID_fi01RV_S,-31.88670000000002
ID_fi01RV_Fe,-151.10317999999995
ID_fi01RV_Mn,-695.24924
ID_fi01RV_Zn,-17.816484
ID_fi01RV_Cu,-6.7743959999999985
ID_fi01RV_B,-3.2776399999999994
ID_9AVCKr_N,-4491.16
ID_9AVCKr_P,-176.94595999999993
ID_9AVCKr_K,-3948.892
ID_9AVCKr_Ca,-15417.343999999997
ID_9AVCKr_Mg,-1232.344
ID_9AVCKr_S,-26.361120000000014
ID_9AVCKr_Fe,-161.14079999999993
ID_9AVCKr_Mn,-668.6852
ID_9AVCKr_Zn,-268.6419199999999
ID_9AVCKr_Cu,-6.4015600000000035
ID_9AVCKr_B,-3.6064800000000004
ID_tVCnbm_N,-4452.8
ID_tVCnbm_P,-154.49695999999992
ID_tVCnbm_K,-3984.312
ID_tVCnbm_Ca,-7236.191999999999
ID_tVCnbm_Mg,-1232.4
ID_tVCnbm_S,-14.83407999999999
ID_tVCnbm_Fe,-260.65
ID_tVCnbm_Mn,-641.2368
ID_tVCnbm_Zn,-99.28699999999996
ID_tVCnbm_Cu,-6.70004
ID_tVCnbm_B,-2.3153999999999995
ID_DLg0em_N,-4294.4400000000005
ID_DLg0em_P,-69.61797599999991
ID_DLg0em_K,-1961.1952
ID_DLg0em_Ca,-19541.1108
ID_DLg0em_Mg,-1300.1572
ID_DLg0em_S,-29.357756000000002
ID_DLg0em_Fe,-143.91420399999993
ID_DLg0em_Mn,-453.9475200000001
ID_DLg0em_Zn,-16.363775999999998
ID_DLg0em_Cu,-5.7867840000000035
ID_DLg0em_B,-3.232056
ID_DWWBCm_N,-4299.296
ID_DWWBCm_P,-76.99318399999993
ID_DWWBCm_K,-1920.6872000000003
ID_DWWBCm_Ca,-18070.6008
ID_DWWBCm_Mg,-1192.4608000000003
ID_DWWBCm_S,-23.758271999999998
ID_DWWBCm_Fe,-130.6851999999999
ID_DWWBCm_Mn,-513.7426399999999
ID_DWWBCm_Zn,-14.656447999999992
ID_DWWBCm_Cu,-5.2893520000000045
ID_DWWBCm_B,-3.819808000000001
ID_eJwQwq_N,-3886.1839999999997
ID_eJwQwq_P,-68.77627999999993
ID_eJwQwq_K,-1781.7824
ID_eJwQwq_Ca,-15876.229800000001
ID_eJwQwq_Mg,-1092.5548000000001
ID_eJwQwq_S,-24.726570000000002
ID_eJwQwq_Fe,-136.8721779999999
ID_eJwQwq_Mn,-502.76348
ID_eJwQwq_Zn,-10.892629999999993
ID_eJwQwq_Cu,-5.549758000000005
ID_eJwQwq_B,-3.218614
ID_QHEpBj_N,-3571.25
ID_QHEpBj_P,-37.444500000000005
ID_QHEpBj_K,-1084.575
ID_QHEpBj_Ca,-22534.9
ID_QHEpBj_Mg,-1160.075
ID_QHEpBj_S,-27.93
ID_QHEpBj_Fe,-131.63974999999996
ID_QHEpBj_Mn,-460.0475
ID_QHEpBj_Zn,-14.20275
ID_QHEpBj_Cu,-5.54675
ID_QHEpBj_B,-2.9234999999999993
ID_mITP45_N,-3598.75
ID_mITP45_P,-54.26724999999999
ID_mITP45_K,-1409.3999999999999
ID_mITP45_Ca,-7498.05
ID_mITP45_Mg,-1103.8000000000002
ID_mITP45_S,-13.507750000000001
ID_mITP45_Fe,-215.7324999999999
ID_mITP45_Mn,-449.54499999999996
ID_mITP45_Zn,-13.930999999999997
ID_mITP45_Cu,-5.2102499999999985
ID_mITP45_B,-1.9557499999999997
ID_mu9IZa_N,-4750.5
ID_mu9IZa_P,-21.367654000000016
ID_mu9IZa_K,-343.38660000000004
ID_mu9IZa_Ca,-3355.9692000000005
ID_mu9IZa_Mg,-509.9898000000002
ID_mu9IZa_S,-11.338643999999995
ID_mu9IZa_Fe,-481.59519600000004
ID_mu9IZa_Mn,-313.9363800000001
ID_mu9IZa_Zn,-10.538804000000004
ID_mu9IZa_Cu,-4.201856000000002
ID_mu9IZa_B,-0.5319260000000005
ID_YRscyu_N,-5058.860000000001
ID_YRscyu_P,29.824239999999996
ID_YRscyu_K,-314.3030000000001
ID_YRscyu_Ca,-3889.0440000000003
ID_YRscyu_Mg,-561.541
ID_YRscyu_S,-11.202899999999993
ID_YRscyu_Fe,-532.4996200000003
ID_YRscyu_Mn,-299.12300000000005
ID_YRscyu_Zn,-10.49438
ID_YRscyu_Cu,-3.6207400000000027
ID_YRscyu_B,-0.4914100000000004
ID_1mti5G_N,-5759.320000000001
ID_1mti5G_P,29.695043999999996
ID_1mti5G_K,-339.9196
ID_1mti5G_Ca,-3493.7694000000006
ID_1mti5G_Mg,-555.8900000000001
ID_1mti5G_S,-11.910861999999991
ID_1mti5G_Fe,-413.1324960000001
ID_1mti5G_Mn,-346.2800000000001
ID_1mti5G_Zn,-9.936842000000004
ID_1mti5G_Cu,-4.108034000000003
ID_1mti5G_B,-0.5506580000000001
ID_DmuQ8a_N,-5406.620000000001
ID_DmuQ8a_P,-49.27960999999999
ID_DmuQ8a_K,-450.38300000000004
ID_DmuQ8a_Ca,-4314.042
ID_DmuQ8a_Mg,-683.2570000000001
ID_DmuQ8a_S,-9.662339999999997
ID_DmuQ8a_Fe,-514.8424000000001
ID_DmuQ8a_Mn,-300.68540000000013
ID_DmuQ8a_Zn,-9.669710000000004
ID_DmuQ8a_Cu,-4.139020000000001
ID_DmuQ8a_B,-0.6560500000000006
ID_EV4VgQ_N,-5541.704000000001
ID_EV4VgQ_P,-27.09478399999999
ID_EV4VgQ_K,-349.63040000000007
ID_EV4VgQ_Ca,-3895.3320000000003
ID_EV4VgQ_Mg,-636.9760000000001
ID_EV4VgQ_S,-11.220432000000002
ID_EV4VgQ_Fe,-525.5142400000001
ID_EV4VgQ_Mn,-277.40192
ID_EV4VgQ_Zn,-10.370408000000007
ID_EV4VgQ_Cu,-4.394320000000002
ID_EV4VgQ_B,-0.5807440000000006
ID_a98MtS_N,-5621.932000000001
ID_a98MtS_P,20.42927200000001
ID_a98MtS_K,-326.71580000000006
ID_a98MtS_Ca,-3712.4560000000006
ID_a98MtS_Mg,-561.3256
ID_a98MtS_S,-12.564846000000003
ID_a98MtS_Fe,-553.3401600000001
ID_a98MtS_Mn,-278.7758400000001
ID_a98MtS_Zn,-10.267900000000006
ID_a98MtS_Cu,-4.363122000000002
ID_a98MtS_B,-0.5489460000000004
ID_wBIbTg_N,-5419.420000000001
ID_wBIbTg_P,24.86638
ID_wBIbTg_K,-366.84839999999997
ID_wBIbTg_Ca,-4629.019200000001
ID_wBIbTg_Mg,-570.2088000000001
ID_wBIbTg_S,-8.786176000000001
ID_wBIbTg_Fe,-580.1118
ID_wBIbTg_Mn,-269.14952000000005
ID_wBIbTg_Zn,-11.034220000000001
ID_wBIbTg_Cu,-4.199636000000004
ID_wBIbTg_B,-0.5496400000000001
ID_8RJLYp_N,-5377.0560000000005
ID_8RJLYp_P,-165.0149920000001
ID_8RJLYp_K,-609.0448000000001
ID_8RJLYp_Ca,-5282.1616
ID_8RJLYp_Mg,-620.9504000000002
ID_8RJLYp_S,-7.933263999999994
ID_8RJLYp_Fe,-558.3123200000001
ID_8RJLYp_Mn,-265.2472000000001
ID_8RJLYp_Zn,-10.149968000000001
ID_8RJLYp_Cu,-4.340640000000002
ID_8RJLYp_B,-0.6692160000000006
ID_YCo6Um_N,-5802.334000000001
ID_YCo6Um_P,-29.003872000000015
ID_YCo6Um_K,-390.9158
ID_YCo6Um_Ca,-4119.034600000001
ID_YCo6Um_Mg,-493.76580000000007
ID_YCo6Um_S,-8.770839999999996
ID_YCo6Um_Fe,-405.03816
ID_YCo6Um_Mn,-281.44228000000004
ID_YCo6Um_Zn,-15.501912000000013
ID_YCo6Um_Cu,-3.857225999999999
ID_YCo6Um_B,-0.7154380000000007
ID_KyK8Mn_N,-4901.292000000001
ID_KyK8Mn_P,-7.942739999999986
ID_KyK8Mn_K,-1081.3944
ID_KyK8Mn_Ca,-4618.716
ID_KyK8Mn_Mg,-768.8528000000001
ID_KyK8Mn_S,-8.043328000000002
ID_KyK8Mn_Fe,-496.17464
ID_KyK8Mn_Mn,-290.1926400000001
ID_KyK8Mn_Zn,-12.956636000000003
ID_KyK8Mn_Cu,-4.127556000000003
ID_KyK8Mn_B,-1.030244
ID_Jgyq9B_N,-5869.358
ID_Jgyq9B_P,-82.53378800000002
ID_Jgyq9B_K,-382.0544000000001
ID_Jgyq9B_Ca,-4846.4034
ID_Jgyq9B_Mg,-745.0240000000001
ID_Jgyq9B_S,-12.244842000000002
ID_Jgyq9B_Fe,-575.1656800000002
ID_Jgyq9B_Mn,-300.35672000000005
ID_Jgyq9B_Zn,-11.82309800000001
ID_Jgyq9B_Cu,-4.553908000000002
ID_Jgyq9B_B,-0.6184120000000003
ID_AAL0Kj_N,-5621.100000000001
ID_AAL0Kj_P,-54.4966
ID_AAL0Kj_K,-746.9520000000002
ID_AAL0Kj_Ca,-4703.766000000001
ID_AAL0Kj_Mg,-555.4420000000001
ID_AAL0Kj_S,-13.535619999999984
ID_AAL0Kj_Fe,-468.7768000000001
ID_AAL0Kj_Mn,-280.6038000000001
ID_AAL0Kj_Zn,-15.717640000000001
ID_AAL0Kj_Cu,-4.858900000000001
ID_AAL0Kj_B,-0.8103400000000007
ID_hMiIIZ_N,-4801.094
ID_hMiIIZ_P,-73.26639799999998
ID_hMiIIZ_K,-1251.5174000000002
ID_hMiIIZ_Ca,-4804.29
ID_hMiIIZ_Mg,-828.9622000000002
ID_hMiIIZ_S,-11.077566000000001
ID_hMiIIZ_Fe,-484.2744400000001
ID_hMiIIZ_Mn,-310.78184000000005
ID_hMiIIZ_Zn,-18.970609999999997
ID_hMiIIZ_Cu,-5.0474140000000025
ID_hMiIIZ_B,-1.1394460000000002
ID_AlprDT_N,-5996.786000000001
ID_AlprDT_P,3.8901460000000156
ID_AlprDT_K,-331.3718000000001
ID_AlprDT_Ca,-3584.4444000000003
ID_AlprDT_Mg,-523.2682000000001
ID_AlprDT_S,-10.526117999999993
ID_AlprDT_Fe,-464.5541800000002
ID_AlprDT_Mn,-307.90916000000004
ID_AlprDT_Zn,-13.29384800000001
ID_AlprDT_Cu,-4.688884
ID_AlprDT_B,-0.5213980000000004
ID_2bdNZt_N,-5611.904
ID_2bdNZt_P,-87.91995200000008
ID_2bdNZt_K,-321.65840000000003
ID_2bdNZt_Ca,-3307.0344000000005
ID_2bdNZt_Mg,-503.0776000000001
ID_2bdNZt_S,-12.113159999999997
ID_2bdNZt_Fe,-589.9902400000002
ID_2bdNZt_Mn,-246.22448000000006
ID_2bdNZt_Zn,-12.924392000000006
ID_2bdNZt_Cu,-4.587208000000002
ID_2bdNZt_B,-0.6569920000000004
ID_evW3iS_N,-5346.992000000001
ID_evW3iS_P,-21.038677999999997
ID_evW3iS_K,-567.7130000000001
ID_evW3iS_Ca,-4543.0182
ID_evW3iS_Mg,-626.2984000000001
ID_evW3iS_S,-30.48458399999997
ID_evW3iS_Fe,-620.3426800000003
ID_evW3iS_Mn,-273.8188400000001
ID_evW3iS_Zn,-16.586330000000007
ID_evW3iS_Cu,-4.712860000000002
ID_evW3iS_B,-0.6974440000000007
ID_nE0ork_N,-5484.260000000001
ID_nE0ork_P,16.531719999999993
ID_nE0ork_K,-309.57000000000005
ID_nE0ork_Ca,-3462.306
ID_nE0ork_Mg,-487.858
ID_nE0ork_S,-32.379059999999974
ID_nE0ork_Fe,-664.8430000000001
ID_nE0ork_Mn,-261.6068000000001
ID_nE0ork_Zn,-15.595540000000005
ID_nE0ork_Cu,-4.530220000000005
ID_nE0ork_B,-0.48364
ID_gNdhpT_N,-5662.448
ID_gNdhpT_P,-15.820447999999992
ID_gNdhpT_K,-310.5776000000001
ID_gNdhpT_Ca,-3216.8976000000002
ID_gNdhpT_Mg,-477.67600000000004
ID_gNdhpT_S,-31.744319999999973
ID_gNdhpT_Fe,-612.4542400000001
ID_gNdhpT_Mn,-266.97776000000005
ID_gNdhpT_Zn,-14.241776000000007
ID_gNdhpT_Cu,-4.480936000000002
ID_gNdhpT_B,-0.5278240000000004
ID_sOnszt_N,-6089.682000000001
ID_sOnszt_P,18.867283999999984
ID_sOnszt_K,-286.02540000000005
ID_sOnszt_Ca,-3359.8080000000004
ID_sOnszt_Mg,-449.11400000000003
ID_sOnszt_S,-29.609939999999973
ID_sOnszt_Fe,-479.03580000000005
ID_sOnszt_Mn,-233.2369600000001
ID_sOnszt_Zn,-16.19474200000001
ID_sOnszt_Cu,-3.8285360000000015
ID_sOnszt_B,-0.5726080000000004
ID_2jnTPL_N,-5779.736000000001
ID_2jnTPL_P,-36.21365600000003
ID_2jnTPL_K,-342.99920000000003
ID_2jnTPL_Ca,-3303.4488000000006
ID_2jnTPL_Mg,-593.1496000000001
ID_2jnTPL_S,-11.25132
ID_2jnTPL_Fe,-545.1054400000002
ID_2jnTPL_Mn,-258.4284800000001
ID_2jnTPL_Zn,-9.325616000000009
ID_2jnTPL_Cu,-4.364728000000002
ID_2jnTPL_B,-0.5680000000000002
ID_1pyZfG_N,-6230.744000000001
ID_1pyZfG_P,-11.363935999999981
ID_1pyZfG_K,-364.38320000000004
ID_1pyZfG_Ca,-3406.2648000000004
ID_1pyZfG_Mg,-494.6104
ID_1pyZfG_S,-11.755464000000003
ID_1pyZfG_Fe,-423.41104000000007
ID_1pyZfG_Mn,-304.20536000000004
ID_1pyZfG_Zn,-9.76668800000001
ID_1pyZfG_Cu,-4.539472000000002
ID_1pyZfG_B,-0.5332240000000003
ID_yWIjm3_N,-5763.830000000001
ID_yWIjm3_P,14.12421999999999
ID_yWIjm3_K,-607.8200000000002
ID_yWIjm3_Ca,-5158.830000000001
ID_yWIjm3_Mg,-556.942
ID_yWIjm3_S,-9.123270000000002
ID_yWIjm3_Fe,-550.0993000000002
ID_yWIjm3_Mn,-270.5588000000001
ID_yWIjm3_Zn,-11.264660000000003
ID_yWIjm3_Cu,-4.750750000000005
ID_yWIjm3_B,-0.7009900000000003
ID_kUN5SW_N,-6391.502
ID_kUN5SW_P,-77.79231200000002
ID_kUN5SW_K,-493.96460000000013
ID_kUN5SW_Ca,-3502.0380000000005
ID_kUN5SW_Mg,-463.4392000000002
ID_kUN5SW_S,-12.487265999999991
ID_kUN5SW_Fe,-440.6980600000001
ID_kUN5SW_Mn,-274.8666800000001
ID_kUN5SW_Zn,-14.008465999999999
ID_kUN5SW_Cu,-4.702204000000001
ID_kUN5SW_B,-0.9327640000000007
ID_9gri47_N,-6149.842000000001
ID_9gri47_P,-138.66538800000012
ID_9gri47_K,-1138.8904
ID_9gri47_Ca,-4795.183400000001
ID_9gri47_Mg,-851.8792000000002
ID_9gri47_S,-9.51507400000001
ID_9gri47_Fe,-512.0101200000001
ID_9gri47_Mn,-300.78880000000004
ID_9gri47_Zn,-14.844958000000005
ID_9gri47_Cu,-4.749690000000002
ID_9gri47_B,-1.0812860000000006
ID_737rFj_N,-5775.536000000001
ID_737rFj_P,-7.008647999999994
ID_737rFj_K,-659.1814000000002
ID_737rFj_Ca,-5798.899000000001
ID_737rFj_Mg,-727.1178000000001
ID_737rFj_S,-8.522956
ID_737rFj_Fe,-502.90513200000015
ID_737rFj_Mn,-325.24404
ID_737rFj_Zn,-12.019896000000005
ID_737rFj_Cu,-4.334400000000004
ID_737rFj_B,-0.9352260000000007
ID_LQWefJ_N,-6286.0160000000005
ID_LQWefJ_P,0.03257599999999172
ID_LQWefJ_K,-711.7504000000001
ID_LQWefJ_Ca,-6096.995200000001
ID_LQWefJ_Mg,-731.9392
ID_LQWefJ_S,-11.168768
ID_LQWefJ_Fe,-525.8047360000002
ID_LQWefJ_Mn,-356.1027200000001
ID_LQWefJ_Zn,-12.15744
ID_LQWefJ_Cu,-5.435616000000006
ID_LQWefJ_B,-0.9459200000000002
ID_BKFCRI_N,-5864.64
ID_BKFCRI_P,8.444960000000012
ID_BKFCRI_K,-446.69600000000014
ID_BKFCRI_Ca,-3195.204
ID_BKFCRI_Mg,-482.204
ID_BKFCRI_S,-13.617460000000001
ID_BKFCRI_Fe,-399.424
ID_BKFCRI_Mn,-310.58540000000005
ID_BKFCRI_Zn,-10.696360000000004
ID_BKFCRI_Cu,-5.109700000000002
ID_BKFCRI_B,-0.6827400000000001
ID_vRUMLy_N,-5883.91
ID_vRUMLy_P,7.519860000000001
ID_vRUMLy_K,-325.61400000000003
ID_vRUMLy_Ca,-3717.6109999999994
ID_vRUMLy_Mg,-535.95
ID_vRUMLy_S,-34.302909999999954
ID_vRUMLy_Fe,-713.8422
ID_vRUMLy_Mn,-285.92930000000007
ID_vRUMLy_Zn,-17.056080000000005
ID_vRUMLy_Cu,-4.649550000000005
ID_vRUMLy_B,-0.6102300000000003
ID_rXXhmJ_N,-5314.4800000000005
ID_rXXhmJ_P,5.216948000000002
ID_rXXhmJ_K,-280.07680000000005
ID_rXXhmJ_Ca,-3945.1072000000004
ID_rXXhmJ_Mg,-530.4588000000001
ID_rXXhmJ_S,-29.919395999999963
ID_rXXhmJ_Fe,-691.4224000000002
ID_rXXhmJ_Mn,-246.11572000000007
ID_rXXhmJ_Zn,-16.678508000000004
ID_rXXhmJ_Cu,-4.017316000000003
ID_rXXhmJ_B,-0.6090000000000004
ID_zH3O3a_N,-5486.792
ID_zH3O3a_P,-2.5949679999999873
ID_zH3O3a_K,-330.66080000000005
ID_zH3O3a_Ca,-4832.1832
ID_zH3O3a_Mg,-689.3224
ID_zH3O3a_S,-33.21749599999997
ID_zH3O3a_Fe,-738.9087999999999
ID_zH3O3a_Mn,-277.72392000000013
ID_zH3O3a_Zn,-17.625240000000012
ID_zH3O3a_Cu,-4.160904000000003
ID_zH3O3a_B,-0.6904720000000006
ID_55ZCPm_N,-5507.576
ID_55ZCPm_P,10.729173999999986
ID_55ZCPm_K,-528.1093999999999
ID_55ZCPm_Ca,-6012.8214
ID_55ZCPm_Mg,-780.0183999999999
ID_55ZCPm_S,-8.303711999999994
ID_55ZCPm_Fe,-748.8517600000001
ID_55ZCPm_Mn,-284.8764200000001
ID_55ZCPm_Zn,-16.59354800000001
ID_55ZCPm_Cu,-4.784200000000006
ID_55ZCPm_B,-0.6814360000000003
ID_Jk4Arn_N,-5487.172
ID_Jk4Arn_P,-6.948787999999972
ID_Jk4Arn_K,-568.4377999999999
ID_Jk4Arn_Ca,-5965.0898
ID_Jk4Arn_Mg,-734.7942
ID_Jk4Arn_S,-10.050594
ID_Jk4Arn_Fe,-654.9503
ID_Jk4Arn_Mn,-317.4057200000001
ID_Jk4Arn_Zn,-19.415454000000008
ID_Jk4Arn_Cu,-4.245194000000003
ID_Jk4Arn_B,-1.0486440000000006
ID_ZuHXHt_N,-5556.62
ID_ZuHXHt_P,-53.63277000000001
ID_ZuHXHt_K,-659.0450000000001
ID_ZuHXHt_Ca,-5833.312
ID_ZuHXHt_Mg,-811.145
ID_ZuHXHt_S,-13.973209999999995
ID_ZuHXHt_Fe,-687.3002000000001
ID_ZuHXHt_Mn,-322.6051
ID_ZuHXHt_Zn,-12.798319999999993
ID_ZuHXHt_Cu,-5.116910000000003
ID_ZuHXHt_B,-1.3600300000000012
ID_2E0gRj_N,-4434.238
ID_2E0gRj_P,-52.304276000000016
ID_2E0gRj_K,-1170.7503999999997
ID_2E0gRj_Ca,-7082.9084
ID_2E0gRj_Mg,-842.5509999999999
ID_2E0gRj_S,-13.307253999999997
ID_2E0gRj_Fe,-522.751374
ID_2E0gRj_Mn,-389.22174
ID_2E0gRj_Zn,-15.165071999999999
ID_2E0gRj_Cu,-5.240950000000004
ID_2E0gRj_B,-1.340184
ID_RK2Ro9_N,-4507.388000000001
ID_RK2Ro9_P,-35.001368
ID_RK2Ro9_K,-842.7488000000002
ID_RK2Ro9_Ca,-6317.486400000001
ID_RK2Ro9_Mg,-840.9058
ID_RK2Ro9_S,-13.618578
ID_RK2Ro9_Fe,-603.9169
ID_RK2Ro9_Mn,-299.2089800000001
ID_RK2Ro9_Zn,-16.96706000000001
ID_RK2Ro9_Cu,-4.013338000000003
ID_RK2Ro9_B,-1.159426
ID_mZJr40_N,-7289.72
ID_mZJr40_P,-8.150882000000003
ID_mZJr40_K,-358.03819999999996
ID_mZJr40_Ca,-3783.1290000000004
ID_mZJr40_Mg,-645.4917999999999
ID_mZJr40_S,-35.18539799999996
ID_mZJr40_Fe,-689.29876
ID_mZJr40_Mn,-317.25968
ID_mZJr40_Zn,-17.171762000000008
ID_mZJr40_Cu,-3.973624000000001
ID_mZJr40_B,-0.6713740000000004
ID_BnHkuL_N,-5288.656000000001
ID_BnHkuL_P,6.9698080000000076
ID_BnHkuL_K,-523.6608
ID_BnHkuL_Ca,-4656.8096
ID_BnHkuL_Mg,-577.8528000000001
ID_BnHkuL_S,-9.549631999999988
ID_BnHkuL_Fe,-647.7128000000001
ID_BnHkuL_Mn,-207.07584000000003
ID_BnHkuL_Zn,-15.597488000000013
ID_BnHkuL_Cu,-3.9974400000000028
ID_BnHkuL_B,-0.6080640000000004
ID_HKWpV9_N,-4674.22
ID_HKWpV9_P,-61.23366000000006
ID_HKWpV9_K,-889.2260000000002
ID_HKWpV9_Ca,-6571.874000000001
ID_HKWpV9_Mg,-763.6940000000001
ID_HKWpV9_S,-15.368659999999995
ID_HKWpV9_Fe,-535.5314000000001
ID_HKWpV9_Mn,-264.42940000000004
ID_HKWpV9_Zn,-16.770780000000006
ID_HKWpV9_Cu,-4.826560000000003
ID_HKWpV9_B,-1.1222999999999999
ID_BxQzQ1_N,-5060.588
ID_BxQzQ1_P,-36.553651999999985
ID_BxQzQ1_K,-591.9668000000001
ID_BxQzQ1_Ca,-5583.4956
ID_BxQzQ1_Mg,-578.3164
ID_BxQzQ1_S,-6.838992000000001
ID_BxQzQ1_Fe,-666.5105200000002
ID_BxQzQ1_Mn,-263.68616000000003
ID_BxQzQ1_Zn,-16.13195600000001
ID_BxQzQ1_Cu,-4.015048000000003
ID_BxQzQ1_B,-0.7925080000000007
ID_Pc5msP_N,-5566.1359999999995
ID_Pc5msP_P,9.064424000000002
ID_Pc5msP_K,-503.68640000000005
ID_Pc5msP_Ca,-5530.085599999999
ID_Pc5msP_Mg,-757.2055999999999
ID_Pc5msP_S,-8.669575999999996
ID_Pc5msP_Fe,-724.4784
ID_Pc5msP_Mn,-287.43080000000003
ID_Pc5msP_Zn,-11.616903999999993
ID_Pc5msP_Cu,-4.800296000000006
ID_Pc5msP_B,-0.6832800000000009
ID_lOzVzB_N,-5370.880000000001
ID_lOzVzB_P,-8.725303999999994
ID_lOzVzB_K,-587.1456000000002
ID_lOzVzB_Ca,-6092.3712000000005
ID_lOzVzB_Mg,-782.4008
ID_lOzVzB_S,-10.791944
ID_lOzVzB_Fe,-726.076096
ID_lOzVzB_Mn,-326.17632000000003
ID_lOzVzB_Zn,-10.454711999999999
ID_lOzVzB_Cu,-5.373552000000005
ID_lOzVzB_B,-0.9482080000000007
ID_8u4woE_N,-5620.099999999999
ID_8u4woE_P,14.076239999999999
ID_8u4woE_K,-285.387
ID_8u4woE_Ca,-4177.725999999999
ID_8u4woE_Mg,-599.66
ID_8u4woE_S,-12.991340000000001
ID_8u4woE_Fe,-722.757
ID_8u4woE_Mn,-283.3372
ID_8u4woE_Zn,-10.886559999999996
ID_8u4woE_Cu,-4.6748500000000055
ID_8u4woE_B,-0.5706700000000003
ID_w1rYzA_N,-5473.610000000001
ID_w1rYzA_P,-32.629549999999995
ID_w1rYzA_K,-306.869
ID_w1rYzA_Ca,-3680.0940000000005
ID_w1rYzA_Mg,-473.82400000000007
ID_w1rYzA_S,-30.41075999999996
ID_w1rYzA_Fe,-540.2776
ID_w1rYzA_Mn,-272.7239
ID_w1rYzA_Zn,-14.505800000000006
ID_w1rYzA_Cu,-4.141540000000004
ID_w1rYzA_B,-0.5789800000000002
ID_LlWlQE_N,-6588.400000000001
ID_LlWlQE_P,5.177770000000017
ID_LlWlQE_K,-472.8140000000001
ID_LlWlQE_Ca,-3448.7870000000003
ID_LlWlQE_Mg,-484.61400000000003
ID_LlWlQE_S,-13.111859999999997
ID_LlWlQE_Fe,-459.7013999999999
ID_LlWlQE_Mn,-313.2487000000001
ID_LlWlQE_Zn,-9.265750000000008
ID_LlWlQE_Cu,-4.526269999999999
ID_LlWlQE_B,-0.5826300000000002
ID_pTrTaD_N,-5782.646000000001
ID_pTrTaD_P,23.013108000000003
ID_pTrTaD_K,-341.2678000000001
ID_pTrTaD_Ca,-3491.4796000000006
ID_pTrTaD_Mg,-468.34260000000006
ID_pTrTaD_S,-16.761171999999995
ID_pTrTaD_Fe,-641.5723600000002
ID_pTrTaD_Mn,-280.8816000000001
ID_pTrTaD_Zn,-15.937830000000007
ID_pTrTaD_Cu,-4.1670980000000055
ID_pTrTaD_B,-0.5577200000000002
ID_WeLAIM_N,-5592.68
ID_WeLAIM_P,0.7757800000000117
ID_WeLAIM_K,-419.42900000000003
ID_WeLAIM_Ca,-3321.414
ID_WeLAIM_Mg,-450.661
ID_WeLAIM_S,-29.99894999999998
ID_WeLAIM_Fe,-567.8926000000001
ID_WeLAIM_Mn,-257.1587
ID_WeLAIM_Zn,-14.231750000000003
ID_WeLAIM_Cu,-4.227430000000003
ID_WeLAIM_B,-0.5149300000000003
ID_8EAiv9_N,-5751.120000000001
ID_8EAiv9_P,11.400659999999988
ID_8EAiv9_K,-346.15600000000006
ID_8EAiv9_Ca,-3425.5
ID_8EAiv9_Mg,-461.56800000000004
ID_8EAiv9_S,-11.613260000000007
ID_8EAiv9_Fe,-585.0468000000002
ID_8EAiv9_Mn,-311.86800000000005
ID_8EAiv9_Zn,-9.7321
ID_8EAiv9_Cu,-4.649680000000004
ID_8EAiv9_B,-0.5604200000000005
ID_ACX0UF_N,-5982.4180000000015
ID_ACX0UF_P,7.157209999999999
ID_ACX0UF_K,-331.48380000000003
ID_ACX0UF_Ca,-3518.2048000000004
ID_ACX0UF_Mg,-493.35639999999995
ID_ACX0UF_S,-11.625314
ID_ACX0UF_Fe,-475.96817999999996
ID_ACX0UF_Mn,-289.19556000000006
ID_ACX0UF_Zn,-11.682432000000002
ID_ACX0UF_Cu,-4.562646000000001
ID_ACX0UF_B,-0.5971080000000005
ID_yL1MFy_N,-5460.920000000001
ID_yL1MFy_P,-94.73496800000007
ID_yL1MFy_K,-812.6264000000001
ID_yL1MFy_Ca,-6171.432000000001
ID_yL1MFy_Mg,-690.6088000000001
ID_yL1MFy_S,-10.88930400000001
ID_yL1MFy_Fe,-569.1656800000002
ID_yL1MFy_Mn,-285.86480000000006
ID_yL1MFy_Zn,-17.945096000000003
ID_yL1MFy_Cu,-5.038864000000002
ID_yL1MFy_B,-0.93844
ID_K7tyCD_N,-5542.336000000001
ID_K7tyCD_P,-43.328895999999986
ID_K7tyCD_K,-351.3792000000001
ID_K7tyCD_Ca,-3426.9376000000007
ID_K7tyCD_Mg,-521.5360000000001
ID_K7tyCD_S,-33.84809599999997
ID_K7tyCD_Fe,-644.5753600000002
ID_K7tyCD_Mn,-287.90816000000007
ID_K7tyCD_Zn,-15.784000000000015
ID_K7tyCD_Cu,-5.1011840000000035
ID_K7tyCD_B,-0.5888640000000005
ID_CYOzko_N,-5654.320000000001
ID_CYOzko_P,-2.1596999999999937
ID_CYOzko_K,-302.552
ID_CYOzko_Ca,-3508.8800000000006
ID_CYOzko_Mg,-491.66400000000004
ID_CYOzko_S,-31.448899999999973
ID_CYOzko_Fe,-702.4740000000003
ID_CYOzko_Mn,-255.06400000000008
ID_CYOzko_Zn,-16.795640000000006
ID_CYOzko_Cu,-4.042920000000002
ID_CYOzko_B,-0.6306000000000005
ID_oYdGMg_N,-5138.732
ID_oYdGMg_P,10.996068000000012
ID_oYdGMg_K,-272.55080000000004
ID_oYdGMg_Ca,-3678.792800000001
ID_oYdGMg_Mg,-477.09839999999997
ID_oYdGMg_S,-29.800251999999972
ID_oYdGMg_Fe,-684.3628000000001
ID_oYdGMg_Mn,-257.65276000000006
ID_oYdGMg_Zn,-16.348848000000007
ID_oYdGMg_Cu,-3.630840000000002
ID_oYdGMg_B,-0.5538800000000004
ID_AWYlBC_N,-5229.110000000001
ID_AWYlBC_P,17.417493999999998
ID_AWYlBC_K,-438.93080000000003
ID_AWYlBC_Ca,-3498.375
ID_AWYlBC_Mg,-509.99260000000015
ID_AWYlBC_S,-11.089775999999993
ID_AWYlBC_Fe,-735.1078000000001
ID_AWYlBC_Mn,-273.20168000000007
ID_AWYlBC_Zn,-10.493540000000001
ID_AWYlBC_Cu,-4.571224000000005
ID_AWYlBC_B,-0.5591380000000005
ID_Vg5drc_N,-5586.530000000001
ID_Vg5drc_P,18.41493999999999
ID_Vg5drc_K,-293.0546000000001
ID_Vg5drc_Ca,-4405.1118000000015
ID_Vg5drc_Mg,-542.8042000000002
ID_Vg5drc_S,-11.701164000000006
ID_Vg5drc_Fe,-722.2318000000002
ID_Vg5drc_Mn,-282.4302200000001
ID_Vg5drc_Zn,-11.115583999999998
ID_Vg5drc_Cu,-4.376974000000006
ID_Vg5drc_B,-0.5828920000000006
ID_Hsc6Ly_N,-6610.616000000001
ID_Hsc6Ly_P,-2.24793200000002
ID_Hsc6Ly_K,-375.8384000000001
ID_Hsc6Ly_Ca,-3365.8632
ID_Hsc6Ly_Mg,-456.2464
ID_Hsc6Ly_S,-13.490483999999988
ID_Hsc6Ly_Fe,-525.0336400000001
ID_Hsc6Ly_Mn,-302.15270000000004
ID_Hsc6Ly_Zn,-10.617860000000006
ID_Hsc6Ly_Cu,-5.606632000000001
ID_Hsc6Ly_B,-0.7147600000000006
ID_Epje02_N,-6616.493999999999
ID_Epje02_P,-3.0066699999999855
ID_Epje02_K,-336.13239999999996
ID_Epje02_Ca,-3144.5872
ID_Epje02_Mg,-442.757
ID_Epje02_S,-12.567329999999998
ID_Epje02_Fe,-583.1803840000001
ID_Epje02_Mn,-319.24762
ID_Epje02_Zn,-10.985880000000005
ID_Epje02_Cu,-4.915284000000002
ID_Epje02_B,-0.5930280000000001
ID_WJZtLg_N,-6353.040000000001
ID_WJZtLg_P,-41.734399999999994
ID_WJZtLg_K,-331.54800000000006
ID_WJZtLg_Ca,-3289.0340000000006
ID_WJZtLg_Mg,-461.3700000000001
ID_WJZtLg_S,-12.924899999999994
ID_WJZtLg_Fe,-584.5628000000002
ID_WJZtLg_Mn,-325.42440000000005
ID_WJZtLg_Zn,-11.294320000000003
ID_WJZtLg_Cu,-5.023240000000004
ID_WJZtLg_B,-0.6319200000000008
ID_H347ok_N,-6379.871999999999
ID_H347ok_P,-72.46437999999996
ID_H347ok_K,-393.12960000000004
ID_H347ok_Ca,-4682.494599999999
ID_H347ok_Mg,-517.6534
ID_H347ok_S,-11.669657999999991
ID_H347ok_Fe,-590.6058400000001
ID_H347ok_Mn,-279.12132
ID_H347ok_Zn,-14.03733200000001
ID_H347ok_Cu,-5.605036000000003
ID_H347ok_B,-0.8809520000000007
ID_pCB491_N,-6494.79
ID_pCB491_P,-105.81908000000013
ID_pCB491_K,-370.41799999999995
ID_pCB491_Ca,-3650.06
ID_pCB491_Mg,-495.2629999999999
ID_pCB491_S,-13.414999999999992
ID_pCB491_Fe,-569.8461
ID_pCB491_Mn,-274.56960000000004
ID_pCB491_Zn,-12.23459
ID_pCB491_Cu,-5.692600000000003
ID_pCB491_B,-0.7572000000000007
ID_OQJeNc_N,-6080.436000000001
ID_OQJeNc_P,-11.396855999999985
ID_OQJeNc_K,-410.7536000000001
ID_OQJeNc_Ca,-3430.8164000000006
ID_OQJeNc_Mg,-388.12200000000007
ID_OQJeNc_S,-11.390595999999995
ID_OQJeNc_Fe,-514.570728
ID_OQJeNc_Mn,-290.24352000000005
ID_OQJeNc_Zn,-8.936904000000002
ID_OQJeNc_Cu,-4.255392000000002
ID_OQJeNc_B,-0.5922520000000002
ID_tl9mSM_N,-5845.604000000001
ID_tl9mSM_P,-51.07083800000002
ID_tl9mSM_K,-519.0950000000001
ID_tl9mSM_Ca,-4438.4562
ID_tl9mSM_Mg,-789.3574000000002
ID_tl9mSM_S,-13.564854000000011
ID_tl9mSM_Fe,-539.36374
ID_tl9mSM_Mn,-301.7198000000001
ID_tl9mSM_Zn,-11.326928000000004
ID_tl9mSM_Cu,-4.459114000000003
ID_tl9mSM_B,-0.6064240000000001
ID_nMc0sB_N,-6102.014000000001
ID_nMc0sB_P,-32.77648399999997
ID_nMc0sB_K,-701.5568000000002
ID_nMc0sB_Ca,-6126.2556
ID_nMc0sB_Mg,-644.4358000000001
ID_nMc0sB_S,-11.604372000000001
ID_nMc0sB_Fe,-450.227188
ID_nMc0sB_Mn,-328.78604000000007
ID_nMc0sB_Zn,-10.892252000000003
ID_nMc0sB_Cu,-4.6218400000000015
ID_nMc0sB_B,-0.8692720000000006
ID_IRBfZ8_N,-6209.018000000001
ID_IRBfZ8_P,-56.5145
ID_IRBfZ8_K,-373.95140000000004
ID_IRBfZ8_Ca,-3291.1158000000005
ID_IRBfZ8_Mg,-522.5134
ID_IRBfZ8_S,-11.942034000000007
ID_IRBfZ8_Fe,-488.74552000000006
ID_IRBfZ8_Mn,-292.6599800000001
ID_IRBfZ8_Zn,-10.953746
ID_IRBfZ8_Cu,-5.159968000000004
ID_IRBfZ8_B,-0.7513900000000007
ID_xNfQvw_N,-6318.32
ID_xNfQvw_P,-4.571840000000009
ID_xNfQvw_K,-361.016
ID_xNfQvw_Ca,-5628.384
ID_xNfQvw_Mg,-864.52
ID_xNfQvw_S,-36.08087999999996
ID_xNfQvw_Fe,-695.668
ID_xNfQvw_Mn,-338.78240000000005
ID_xNfQvw_Zn,-18.43856000000001
ID_xNfQvw_Cu,-6.07576
ID_xNfQvw_B,-0.8495200000000006
ID_YFiPqh_N,-4796.4980000000005
ID_YFiPqh_P,30.786447999999993
ID_YFiPqh_K,-763.3636000000001
ID_YFiPqh_Ca,-6366.026000000001
ID_YFiPqh_Mg,-742.8138000000002
ID_YFiPqh_S,-7.307606000000007
ID_YFiPqh_Fe,-521.7444740000001
ID_YFiPqh_Mn,-250.75126000000006
ID_YFiPqh_Zn,-8.671634000000001
ID_YFiPqh_Cu,-4.795252000000003
ID_YFiPqh_B,-0.6550960000000005
ID_DXtjgQ_N,-5072.050000000001
ID_DXtjgQ_P,-16.727088000000016
ID_DXtjgQ_K,-891.7002000000001
ID_DXtjgQ_Ca,-6827.226800000001
ID_DXtjgQ_Mg,-958.4376000000001
ID_DXtjgQ_S,-7.350334000000004
ID_DXtjgQ_Fe,-485.77512800000005
ID_DXtjgQ_Mn,-269.8480600000001
ID_DXtjgQ_Zn,-9.554969999999999
ID_DXtjgQ_Cu,-4.814218000000003
ID_DXtjgQ_B,-0.9559360000000005
ID_zEaMPz_N,-5985.242000000001
ID_zEaMPz_P,18.723519999999994
ID_zEaMPz_K,-269.23400000000004
ID_zEaMPz_Ca,-3410.3076
ID_zEaMPz_Mg,-464.37160000000017
ID_zEaMPz_S,-33.086645999999966
ID_zEaMPz_Fe,-695.6983600000001
ID_zEaMPz_Mn,-294.6646400000001
ID_zEaMPz_Zn,-16.485542000000006
ID_zEaMPz_Cu,-4.550800000000006
ID_zEaMPz_B,-0.5613580000000004
ID_0vMzAQ_N,-5384.6720000000005
ID_0vMzAQ_P,0.9852160000000154
ID_0vMzAQ_K,-287.12000000000006
ID_0vMzAQ_Ca,-3380.2800000000007
ID_0vMzAQ_Mg,-499.62160000000006
ID_0vMzAQ_S,-31.049879999999973
ID_0vMzAQ_Fe,-737.4448000000001
ID_0vMzAQ_Mn,-262.9342400000001
ID_0vMzAQ_Zn,-15.773216000000007
ID_0vMzAQ_Cu,-4.764328000000006
ID_0vMzAQ_B,-0.5738320000000005
ID_yOme19_N,-6635.258000000001
ID_yOme19_P,-120.85054400000013
ID_yOme19_K,-366.00380000000007
ID_yOme19_Ca,-4283.7222
ID_yOme19_Mg,-677.3362000000001
ID_yOme19_S,-33.38989799999997
ID_yOme19_Fe,-422.79598000000004
ID_yOme19_Mn,-316.6537400000001
ID_yOme19_Zn,-17.087384000000014
ID_yOme19_Cu,-5.470990000000001
ID_yOme19_B,-0.8606140000000005
ID_WKf0UV_N,-6160.844
ID_WKf0UV_P,-90.207572
ID_WKf0UV_K,-752.6419999999999
ID_WKf0UV_Ca,-6587.2444000000005
ID_WKf0UV_Mg,-847.0279999999999
ID_WKf0UV_S,-12.127696
ID_WKf0UV_Fe,-680.87184
ID_WKf0UV_Mn,-329.2377200000001
ID_WKf0UV_Zn,-18.206239999999998
ID_WKf0UV_Cu,-6.4589760000000025
ID_WKf0UV_B,-1.2283840000000008
ID_XUdiA5_N,-5741.696000000001
ID_XUdiA5_P,-1.188447999999994
ID_XUdiA5_K,-323.3568
ID_XUdiA5_Ca,-4418.160000000001
ID_XUdiA5_Mg,-673.4528000000001
ID_XUdiA5_S,-34.47036799999995
ID_XUdiA5_Fe,-592.3856000000002
ID_XUdiA5_Mn,-306.4217600000001
ID_XUdiA5_Zn,-16.30233600000001
ID_XUdiA5_Cu,-5.500128000000003
ID_XUdiA5_B,-0.7600000000000008
ID_ehqi4d_N,-6422.396
ID_ehqi4d_P,-8.714251999999988
ID_ehqi4d_K,-358.17199999999997
ID_ehqi4d_Ca,-3438.5748000000003
ID_ehqi4d_Mg,-492.8248
ID_ehqi4d_S,-34.45705199999997
ID_ehqi4d_Fe,-544.7014
ID_ehqi4d_Mn,-285.63968
ID_ehqi4d_Zn,-16.61518400000001
ID_ehqi4d_Cu,-6.066352
ID_ehqi4d_B,-0.6936040000000003
ID_Uc9Hca_N,-6712.058000000001
ID_Uc9Hca_P,10.812138000000004
ID_Uc9Hca_K,-370.6772
ID_Uc9Hca_Ca,-5312.1452
ID_Uc9Hca_Mg,-684.5556000000001
ID_Uc9Hca_S,-37.500131999999965
ID_Uc9Hca_Fe,-732.2760800000001
ID_Uc9Hca_Mn,-289.36354000000006
ID_Uc9Hca_Zn,-17.956426000000008
ID_Uc9Hca_Cu,-5.392862000000004
ID_Uc9Hca_B,-0.6169600000000005
ID_ZsDr2H_N,-6170.456
ID_ZsDr2H_P,5.9254000000000175
ID_ZsDr2H_K,-315.01160000000004
ID_ZsDr2H_Ca,-3321.2004
ID_ZsDr2H_Mg,-503.17599999999993
ID_ZsDr2H_S,-35.341919999999966
ID_ZsDr2H_Fe,-615.8214399999999
ID_ZsDr2H_Mn,-315.7242800000001
ID_ZsDr2H_Zn,-16.399952000000006
ID_ZsDr2H_Cu,-5.460556000000003
ID_ZsDr2H_B,-0.6464080000000004
ID_MZ9bLj_N,-5814.968000000001
ID_MZ9bLj_P,-47.76880999999999
ID_MZ9bLj_K,-340.91780000000006
ID_MZ9bLj_Ca,-3962.5548
ID_MZ9bLj_Mg,-591.2446000000001
ID_MZ9bLj_S,-33.62055599999998
ID_MZ9bLj_Fe,-528.92974
ID_MZ9bLj_Mn,-321.52664000000004
ID_MZ9bLj_Zn,-15.576674000000011
ID_MZ9bLj_Cu,-5.248324000000002
ID_MZ9bLj_B,-0.7798060000000007
ID_16d81E_N,-5683.360000000001
ID_16d81E_P,-54.67502000000003
ID_16d81E_K,-351.0620000000001
ID_16d81E_Ca,-3207.942
ID_16d81E_Mg,-494.7660000000001
ID_16d81E_S,-33.096479999999985
ID_16d81E_Fe,-608.4262000000001
ID_16d81E_Mn,-283.6222000000001
ID_16d81E_Zn,-15.030360000000014
ID_16d81E_Cu,-5.002780000000001
ID_16d81E_B,-0.5263200000000002
ID_bKE4ep_N,-5838.139999999999
ID_bKE4ep_P,7.841170000000012
ID_bKE4ep_K,-355.054
ID_bKE4ep_Ca,-3469.234
ID_bKE4ep_Mg,-561.5719999999999
ID_bKE4ep_S,-34.655729999999956
ID_bKE4ep_Fe,-520.6744
ID_bKE4ep_Mn,-349.1011
ID_bKE4ep_Zn,-16.936250000000005
ID_bKE4ep_Cu,-5.34576
ID_bKE4ep_B,-0.8738100000000006
ID_yygRxd_N,-4501.36
ID_yygRxd_P,2.173702000000027
ID_yygRxd_K,-741.1469999999999
ID_yygRxd_Ca,-8103.637399999999
ID_yygRxd_Mg,-1504.5502
ID_yygRxd_S,-8.759681999999998
ID_yygRxd_Fe,-568.8883700000002
ID_yygRxd_Mn,-266.60996000000006
ID_yygRxd_Zn,-4.842295999999998
ID_yygRxd_Cu,-4.81607
ID_yygRxd_B,-0.6865920000000005
ID_w0qYDm_N,-4152.01
ID_w0qYDm_P,13.655339999999995
ID_w0qYDm_K,-712.819
ID_w0qYDm_Ca,-7676.486000000001
ID_w0qYDm_Mg,-1205.6639999999998
ID_w0qYDm_S,-8.616970000000002
ID_w0qYDm_Fe,-632.2561400000001
ID_w0qYDm_Mn,-310.33690000000007
ID_w0qYDm_Zn,-5.52549
ID_w0qYDm_Cu,-5.72848
ID_w0qYDm_B,-0.8084900000000008
ID_046bTG_N,-5903.990000000002
ID_046bTG_P,25.775793999999998
ID_046bTG_K,-468.1238000000001
ID_046bTG_Ca,-3820.9188000000013
ID_046bTG_Mg,-557.7892000000002
ID_046bTG_S,-11.983992000000004
ID_046bTG_Fe,-413.44312
ID_046bTG_Mn,-206.11328000000003
ID_046bTG_Zn,-8.261551999999998
ID_046bTG_Cu,-4.541254000000002
ID_046bTG_B,-0.6434980000000002
ID_MtdwMH_N,-4450.552
ID_MtdwMH_P,-70.43974000000001
ID_MtdwMH_K,-852.6588
ID_MtdwMH_Ca,-8725.0504
ID_MtdwMH_Mg,-1000.3571999999999
ID_MtdwMH_S,-9.965936
ID_MtdwMH_Fe,-590.35758
ID_MtdwMH_Mn,-401.5434000000001
ID_MtdwMH_Zn,-10.308027999999997
ID_MtdwMH_Cu,-6.019308000000001
ID_MtdwMH_B,-1.3987760000000007
ID_Vx8COJ_N,-4109.476
ID_Vx8COJ_P,-45.34777000000001
ID_Vx8COJ_K,-724.8072000000001
ID_Vx8COJ_Ca,-7843.081999999999
ID_Vx8COJ_Mg,-913.515
ID_Vx8COJ_S,-8.844657999999992
ID_Vx8COJ_Fe,-545.5990699999999
ID_Vx8COJ_Mn,-321.28162000000003
ID_Vx8COJ_Zn,-10.048884
ID_Vx8COJ_Cu,-5.720748000000003
ID_Vx8COJ_B,-1.256564000000001
ID_M6y2g1_N,-5588.4800000000005
ID_M6y2g1_P,17.502559999999995
ID_M6y2g1_K,-349.7216000000001
ID_M6y2g1_Ca,-4200.812800000001
ID_M6y2g1_Mg,-571.5552000000001
ID_M6y2g1_S,-10.908256000000009
ID_M6y2g1_Fe,-403.61856000000006
ID_M6y2g1_Mn,-261.77856
ID_M6y2g1_Zn,-9.231104
ID_M6y2g1_Cu,-4.371616000000005
ID_M6y2g1_B,-0.5964800000000005
ID_emVyfl_N,-5435.712
ID_emVyfl_P,21.754528
ID_emVyfl_K,-679.2032000000002
ID_emVyfl_Ca,-4647.5136
ID_emVyfl_Mg,-627.8240000000001
ID_emVyfl_S,-9.193984
ID_emVyfl_Fe,-535.3529600000002
ID_emVyfl_Mn,-291.44960000000003
ID_emVyfl_Zn,-9.081248
ID_emVyfl_Cu,-4.580160000000002
ID_emVyfl_B,-0.6397120000000004
ID_mQbgFH_N,-6672.09
ID_mQbgFH_P,-49.73171800000003
ID_mQbgFH_K,-817.5801999999999
ID_mQbgFH_Ca,-4687.737800000001
ID_mQbgFH_Mg,-658.6096
ID_mQbgFH_S,-29.71010799999997
ID_mQbgFH_Fe,-537.9781240000001
ID_mQbgFH_Mn,-280.9587
ID_mQbgFH_Zn,-16.995898
ID_mQbgFH_Cu,-5.798718000000002
ID_mQbgFH_B,-0.8294240000000005
ID_TE8Xk1_N,-6089.804000000001
ID_TE8Xk1_P,-27.382327999999987
ID_TE8Xk1_K,-311.76920000000007
ID_TE8Xk1_Ca,-3182.358
ID_TE8Xk1_Mg,-446.74480000000005
ID_TE8Xk1_S,-33.39322799999998
ID_TE8Xk1_Fe,-678.0404800000002
ID_TE8Xk1_Mn,-303.5402
ID_TE8Xk1_Zn,-15.034994000000006
ID_TE8Xk1_Cu,-5.355772000000002
ID_TE8Xk1_B,-0.5555860000000002
ID_Llrjvd_N,-5444.394
ID_Llrjvd_P,-34.36764799999999
ID_Llrjvd_K,-292.0040000000001
ID_Llrjvd_Ca,-4075.478200000001
ID_Llrjvd_Mg,-654.3712
ID_Llrjvd_S,-30.96474799999997
ID_Llrjvd_Fe,-672.5017200000002
ID_Llrjvd_Mn,-268.74716
ID_Llrjvd_Zn,-15.811134000000001
ID_Llrjvd_Cu,-5.077344000000004
ID_Llrjvd_B,-0.5877340000000008
ID_HTqbky_N,-3921.5300000000007
ID_HTqbky_P,-40.070294000000004
ID_HTqbky_K,-921.4922000000003
ID_HTqbky_Ca,-6648.310800000001
ID_HTqbky_Mg,-866.7022000000002
ID_HTqbky_S,-8.412456000000002
ID_HTqbky_Fe,-535.0538319999999
ID_HTqbky_Mn,-389.77388000000013
ID_HTqbky_Zn,-12.198278000000007
ID_HTqbky_Cu,-5.337124000000003
ID_HTqbky_B,-1.4360380000000004
ID_VkoBAN_N,-4084.16
ID_VkoBAN_P,-136.08570000000003
ID_VkoBAN_K,-1273.7889999999998
ID_VkoBAN_Ca,-8436.889
ID_VkoBAN_Mg,-1045.4
ID_VkoBAN_S,-9.307199999999995
ID_VkoBAN_Fe,-514.83516
ID_VkoBAN_Mn,-440.1351
ID_VkoBAN_Zn,-12.7583
ID_VkoBAN_Cu,-5.663620000000004
ID_VkoBAN_B,-1.5511599999999999
ID_DMIare_N,-4090.416
ID_DMIare_P,-106.97348399999996
ID_DMIare_K,-943.5896000000001
ID_DMIare_Ca,-9776.170799999998
ID_DMIare_Mg,-1019.1428000000001
ID_DMIare_S,-9.870827999999996
ID_DMIare_Fe,-522.4542440000001
ID_DMIare_Mn,-423.8194400000001
ID_DMIare_Zn,-13.523056
ID_DMIare_Cu,-5.963848000000005
ID_DMIare_B,-1.5724719999999992
ID_NczYan_N,-4284.56
ID_NczYan_P,-119.09191999999996
ID_NczYan_K,-1477.136
ID_NczYan_Ca,-8176.080000000001
ID_NczYan_Mg,-1046.488
ID_NczYan_S,-9.26616
ID_NczYan_Fe,-522.3949600000002
ID_NczYan_Mn,-436.0472000000001
ID_NczYan_Zn,-12.401119999999997
ID_NczYan_Cu,-5.967040000000004
ID_NczYan_B,-1.709439999999999
ID_U8CSpu_N,-4010.884
ID_U8CSpu_P,-100.08959999999999
ID_U8CSpu_K,-1525.424
ID_U8CSpu_Ca,-8384.856399999999
ID_U8CSpu_Mg,-1088.0312000000001
ID_U8CSpu_S,-9.173683999999998
ID_U8CSpu_Fe,-491.8337159999999
ID_U8CSpu_Mn,-476.3436000000001
ID_U8CSpu_Zn,-9.982583999999994
ID_U8CSpu_Cu,-6.006092000000004
ID_U8CSpu_B,-1.6687599999999994
ID_G07BgL_N,-4133.064
ID_G07BgL_P,-106.19607199999999
ID_G07BgL_K,-1437.3164
ID_G07BgL_Ca,-8965.2562
ID_G07BgL_Mg,-1243.8901999999998
ID_G07BgL_S,-8.572178000000001
ID_G07BgL_Fe,-503.676346
ID_G07BgL_Mn,-492.22004000000004
ID_G07BgL_Zn,-8.550612
ID_G07BgL_Cu,-5.8625840000000045
ID_G07BgL_B,-1.722899999999999
ID_3j5h04_N,-3857.6479999999997
ID_3j5h04_P,-105.944174
ID_3j5h04_K,-1086.7831999999999
ID_3j5h04_Ca,-9779.9316
ID_3j5h04_Mg,-1092.8746
ID_3j5h04_S,-12.297174000000012
ID_3j5h04_Fe,-532.6345180000002
ID_3j5h04_Mn,-458.7959
ID_3j5h04_Zn,-11.495329999999994
ID_3j5h04_Cu,-6.236344000000004
ID_3j5h04_B,-1.744089999999999
ID_KObuEl_N,-3684.6759999999995
ID_KObuEl_P,-71.27999400000002
ID_KObuEl_K,-1097.4686000000002
ID_KObuEl_Ca,-7499.351400000001
ID_KObuEl_Mg,-1084.6580000000001
ID_KObuEl_S,-9.998102
ID_KObuEl_Fe,-525.7652420000001
ID_KObuEl_Mn,-442.86786000000006
ID_KObuEl_Zn,-9.612184
ID_KObuEl_Cu,-5.955870000000005
ID_KObuEl_B,-1.5529179999999994
ID_c2BaIn_N,-4016.076
ID_c2BaIn_P,-93.66709600000004
ID_c2BaIn_K,-1471.144
ID_c2BaIn_Ca,-7859.2844000000005
ID_c2BaIn_Mg,-1061.906
ID_c2BaIn_S,-7.740220000000008
ID_c2BaIn_Fe,-487.2529559999999
ID_c2BaIn_Mn,-445.97276
ID_c2BaIn_Zn,-9.129444000000001
ID_c2BaIn_Cu,-5.783544000000005
ID_c2BaIn_B,-1.6885839999999996
ID_EDja7v_N,-3820.196
ID_EDja7v_P,-89.062972
ID_EDja7v_K,-1044.1492000000003
ID_EDja7v_Ca,-9603.6076
ID_EDja7v_Mg,-1214.0552000000002
ID_EDja7v_S,-8.008788000000003
ID_EDja7v_Fe,-521.9211200000001
ID_EDja7v_Mn,-362.97628
ID_EDja7v_Zn,-8.242555999999999
ID_EDja7v_Cu,-5.679704000000004
ID_EDja7v_B,-1.6576679999999997
ID_GKtvpR_N,-3925.67
ID_GKtvpR_P,-50.110152000000014
ID_GKtvpR_K,-1981.6954000000003
ID_GKtvpR_Ca,-8918.211399999998
ID_GKtvpR_Mg,-1104.1594
ID_GKtvpR_S,-8.497883999999999
ID_GKtvpR_Fe,-509.41174600000005
ID_GKtvpR_Mn,-555.4014000000001
ID_GKtvpR_Zn,-8.966609999999996
ID_GKtvpR_Cu,-6.136043999999998
ID_GKtvpR_B,-1.7911440000000003
ID_jGnpfM_N,-4270.956
ID_jGnpfM_P,-38.381971999999976
ID_jGnpfM_K,-928.9340000000001
ID_jGnpfM_Ca,-8567.3788
ID_jGnpfM_Mg,-967.1283999999998
ID_jGnpfM_S,-8.791600000000003
ID_jGnpfM_Fe,-599.868144
ID_jGnpfM_Mn,-383.6829200000001
ID_jGnpfM_Zn,-8.247747999999994
ID_jGnpfM_Cu,-5.727848000000001
ID_jGnpfM_B,-1.51772
ID_jY0XHx_N,-4550.2480000000005
ID_jY0XHx_P,-55.39444
ID_jY0XHx_K,-1111.864
ID_jY0XHx_Ca,-9205.3912
ID_jY0XHx_Mg,-1132.4032
ID_jY0XHx_S,-8.501168000000007
ID_jY0XHx_Fe,-526.70964
ID_jY0XHx_Mn,-443.51007999999996
ID_jY0XHx_Zn,-9.969127999999998
ID_jY0XHx_Cu,-6.4893040000000015
ID_jY0XHx_B,-1.7338719999999992
ID_ZrqF3d_N,-4350.788
ID_ZrqF3d_P,-23.990479999999963
ID_ZrqF3d_K,-974.912
ID_ZrqF3d_Ca,-8623.7052
ID_ZrqF3d_Mg,-1095.7251999999999
ID_ZrqF3d_S,-7.5396
ID_ZrqF3d_Fe,-571.668328
ID_ZrqF3d_Mn,-258.64676000000003
ID_ZrqF3d_Zn,-6.74438
ID_ZrqF3d_Cu,-5.422479999999999
ID_ZrqF3d_B,-1.0962520000000002
ID_XoePlQ_N,-4059.7120000000004
ID_XoePlQ_P,-49.965483999999975
ID_XoePlQ_K,-1331.9191999999998
ID_XoePlQ_Ca,-11088.096800000001
ID_XoePlQ_Mg,-1503.2628
ID_XoePlQ_S,-7.741308
ID_XoePlQ_Fe,-575.26814
ID_XoePlQ_Mn,-457.3171600000001
ID_XoePlQ_Zn,-7.933575999999999
ID_XoePlQ_Cu,-6.908451999999996
ID_XoePlQ_B,-1.6116519999999999
ID_LI0H8e_N,-4388.736
ID_LI0H8e_P,-59.10042399999999
ID_LI0H8e_K,-1310.8144
ID_LI0H8e_Ca,-8600.837599999999
ID_LI0H8e_Mg,-913.9447999999999
ID_LI0H8e_S,-8.567032000000012
ID_LI0H8e_Fe,-603.0069119999999
ID_LI0H8e_Mn,-422.1462400000001
ID_LI0H8e_Zn,-13.346232000000004
ID_LI0H8e_Cu,-5.776784000000004
ID_LI0H8e_B,-1.6207919999999998
ID_Tk6bgY_N,-4052.0
ID_Tk6bgY_P,-44.17725000000003
ID_Tk6bgY_K,-1086.575
ID_Tk6bgY_Ca,-9812.349999999999
ID_Tk6bgY_Mg,-1298.9499999999998
ID_Tk6bgY_S,-10.322500000000005
ID_Tk6bgY_Fe,-584.54075
ID_Tk6bgY_Mn,-375.0325
ID_Tk6bgY_Zn,-7.613750000000003
ID_Tk6bgY_Cu,-7.424249999999996
ID_Tk6bgY_B,-1.71075
ID_yZqcGG_N,-4339.23
ID_yZqcGG_P,-77.80623000000001
ID_yZqcGG_K,-1252.2150000000001
ID_yZqcGG_Ca,-7528.365999999999
ID_yZqcGG_Mg,-1060.8560000000002
ID_yZqcGG_S,-6.99156
ID_yZqcGG_Fe,-496.7028799999998
ID_yZqcGG_Mn,-461.2284
ID_yZqcGG_Zn,-9.162709999999995
ID_yZqcGG_Cu,-5.759760000000001
ID_yZqcGG_B,-1.7717299999999996
ID_uP2uAd_N,-3873.464
ID_uP2uAd_P,-100.71263999999996
ID_uP2uAd_K,-2009.9464000000003
ID_uP2uAd_Ca,-15983.124
ID_uP2uAd_Mg,-1102.2359999999999
ID_uP2uAd_S,-7.869640000000004
ID_uP2uAd_Fe,-240.80317600000004
ID_uP2uAd_Mn,-559.43456
ID_uP2uAd_Zn,-12.799407999999998
ID_uP2uAd_Cu,-5.712056000000001
ID_uP2uAd_B,-1.6625519999999998
ID_5TI0l0_N,-4282.016
ID_5TI0l0_P,-54.304056
ID_5TI0l0_K,-942.4216000000001
ID_5TI0l0_Ca,-7134.6672
ID_5TI0l0_Mg,-941.3439999999999
ID_5TI0l0_S,-9.000408
ID_5TI0l0_Fe,-535.275672
ID_5TI0l0_Mn,-434.80184
ID_5TI0l0_Zn,-9.275792000000001
ID_5TI0l0_Cu,-5.730616000000004
ID_5TI0l0_B,-1.6303039999999993
ID_8hV9Cb_N,-4875.866
ID_8hV9Cb_P,-28.534241999999992
ID_8hV9Cb_K,-674.3522
ID_8hV9Cb_Ca,-7040.130399999999
ID_8hV9Cb_Mg,-888.3555999999999
ID_8hV9Cb_S,-10.451491999999998
ID_8hV9Cb_Fe,-630.2979360000002
ID_8hV9Cb_Mn,-385.94064000000003
ID_8hV9Cb_Zn,-10.763865999999998
ID_8hV9Cb_Cu,-5.747382000000001
ID_8hV9Cb_B,-1.4629540000000008
ID_HGWWLa_N,-4987.034
ID_HGWWLa_P,-13.473859999999974
ID_HGWWLa_K,-559.7142
ID_HGWWLa_Ca,-6664.9439999999995
ID_HGWWLa_Mg,-928.883
ID_HGWWLa_S,-8.301805999999988
ID_HGWWLa_Fe,-565.9402000000001
ID_HGWWLa_Mn,-285.30467999999996
ID_HGWWLa_Zn,-8.622371999999995
ID_HGWWLa_Cu,-4.910312000000004
ID_HGWWLa_B,-0.9767760000000004
ID_NVoHuc_N,-5300.956
ID_NVoHuc_P,-16.79546400000001
ID_NVoHuc_K,-855.7420000000001
ID_NVoHuc_Ca,-7127.3387999999995
ID_NVoHuc_Mg,-980.328
ID_NVoHuc_S,-10.477444000000002
ID_NVoHuc_Fe,-577.640258
ID_NVoHuc_Mn,-325.81841999999995
ID_NVoHuc_Zn,-9.439719999999998
ID_NVoHuc_Cu,-5.578960000000002
ID_NVoHuc_B,-1.3398140000000007
ID_3oQvVL_N,-4318.92
ID_3oQvVL_P,-4.511059999999986
ID_3oQvVL_K,-799.1624
ID_3oQvVL_Ca,-6882.894600000001
ID_3oQvVL_Mg,-838.2014000000001
ID_3oQvVL_S,-9.186857999999997
ID_3oQvVL_Fe,-505.585
ID_3oQvVL_Mn,-336.1857000000001
ID_3oQvVL_Zn,-8.053543999999995
ID_3oQvVL_Cu,-5.267748
ID_3oQvVL_B,-1.5360760000000004
ID_CETLbQ_N,-5319.59
ID_CETLbQ_P,-25.756965999999963
ID_CETLbQ_K,-570.2062000000001
ID_CETLbQ_Ca,-7261.600399999999
ID_CETLbQ_Mg,-837.6448
ID_CETLbQ_S,-9.452574000000002
ID_CETLbQ_Fe,-594.6652
ID_CETLbQ_Mn,-380.69434
ID_CETLbQ_Zn,-12.877572000000004
ID_CETLbQ_Cu,-6.153952000000004
ID_CETLbQ_B,-1.326988000000001
ID_iJAR2E_N,-5690.334
ID_iJAR2E_P,-3.0428459999999973
ID_iJAR2E_K,-559.4614
ID_iJAR2E_Ca,-6537.5848000000005
ID_iJAR2E_Mg,-832.4418000000001
ID_iJAR2E_S,-12.15426200000001
ID_iJAR2E_Fe,-695.3856000000002
ID_iJAR2E_Mn,-362.29992
ID_iJAR2E_Zn,-13.605991999999995
ID_iJAR2E_Cu,-5.499100000000005
ID_iJAR2E_B,-1.0869239999999998
ID_SzoO6H_N,-5816.048
ID_SzoO6H_P,13.004668000000002
ID_SzoO6H_K,-540.5724
ID_SzoO6H_Ca,-4817.976
ID_SzoO6H_Mg,-752.4392
ID_SzoO6H_S,-9.108784
ID_SzoO6H_Fe,-773.702912
ID_SzoO6H_Mn,-325.8936
ID_SzoO6H_Zn,-12.310723999999995
ID_SzoO6H_Cu,-5.239800000000003
ID_SzoO6H_B,-0.6711880000000001
ID_6U6yAH_N,-5114.896000000001
ID_6U6yAH_P,-3.3686879999999775
ID_6U6yAH_K,-468.7472
ID_6U6yAH_Ca,-5689.9336
ID_6U6yAH_Mg,-822.0032
ID_6U6yAH_S,-8.951920000000008
ID_6U6yAH_Fe,-593.2476
ID_6U6yAH_Mn,-332.172
ID_6U6yAH_Zn,-10.227919999999997
ID_6U6yAH_Cu,-5.344104000000002
ID_6U6yAH_B,-1.2790560000000006
ID_xmKE3a_N,-5678.932000000001
ID_xmKE3a_P,-32.67596399999999
ID_xmKE3a_K,-570.8040000000001
ID_xmKE3a_Ca,-6135.1392
ID_xmKE3a_Mg,-655.2307999999999
ID_xmKE3a_S,-12.252303999999995
ID_xmKE3a_Fe,-738.3284000000001
ID_xmKE3a_Mn,-326.47888
ID_xmKE3a_Zn,-12.003924
ID_xmKE3a_Cu,-5.638640000000005
ID_xmKE3a_B,-0.9692560000000011
ID_iqTEpw_N,-5589.776
ID_iqTEpw_P,-12.572345999999996
ID_iqTEpw_K,-577.4551999999999
ID_iqTEpw_Ca,-5915.527999999999
ID_iqTEpw_Mg,-646.4733999999999
ID_iqTEpw_S,-11.314837999999995
ID_iqTEpw_Fe,-726.5538799999999
ID_iqTEpw_Mn,-244.19979999999995
ID_iqTEpw_Zn,-10.814571999999997
ID_iqTEpw_Cu,-5.279822000000004
ID_iqTEpw_B,-1.0420900000000006
ID_abA9eB_N,-5709.296000000001
ID_abA9eB_P,6.095272000000001
ID_abA9eB_K,-281.53280000000007
ID_abA9eB_Ca,-3383.889600000001
ID_abA9eB_Mg,-492.8986000000001
ID_abA9eB_S,-11.493815999999995
ID_abA9eB_Fe,-703.8368800000001
ID_abA9eB_Mn,-207.95144000000002
ID_abA9eB_Zn,-9.152660000000001
ID_abA9eB_Cu,-4.4750980000000045
ID_abA9eB_B,-0.5602480000000006
ID_CHaOFm_N,-5810.466
ID_CHaOFm_P,14.72638599999999
ID_CHaOFm_K,-293.52440000000007
ID_CHaOFm_Ca,-3434.277400000001
ID_CHaOFm_Mg,-476.71000000000004
ID_CHaOFm_S,-9.754811999999998
ID_CHaOFm_Fe,-633.0765600000002
ID_CHaOFm_Mn,-221.11782
ID_CHaOFm_Zn,-12.948464000000005
ID_CHaOFm_Cu,-4.416622000000003
ID_CHaOFm_B,-0.6244880000000009
ID_3LDUc1_N,-5168.34
ID_3LDUc1_P,-47.04145999999999
ID_3LDUc1_K,-340.63400000000007
ID_3LDUc1_Ca,-4261.786000000001
ID_3LDUc1_Mg,-607.2080000000001
ID_3LDUc1_S,-9.196560000000002
ID_3LDUc1_Fe,-737.1988000000001
ID_3LDUc1_Mn,-264.5482
ID_3LDUc1_Zn,-15.423060000000005
ID_3LDUc1_Cu,-4.884860000000003
ID_3LDUc1_B,-0.5720800000000003
ID_8GNrly_N,-5540.544000000001
ID_8GNrly_P,-3.5583680000000015
ID_8GNrly_K,-292.2432000000001
ID_8GNrly_Ca,-3649.1904000000004
ID_8GNrly_Mg,-508.6784000000001
ID_8GNrly_S,-32.66604799999996
ID_8GNrly_Fe,-716.7392000000001
ID_8GNrly_Mn,-280.8342400000001
ID_8GNrly_Zn,-16.126272000000007
ID_8GNrly_Cu,-5.151136000000005
ID_8GNrly_B,-0.6099200000000006
ID_S3DzUn_N,-6547.112
ID_S3DzUn_P,10.131613999999999
ID_S3DzUn_K,-349.6472
ID_S3DzUn_Ca,-3490.3219999999997
ID_S3DzUn_Mg,-508.4326
ID_S3DzUn_S,-34.27236999999995
ID_S3DzUn_Fe,-586.6079000000001
ID_S3DzUn_Mn,-292.63385999999997
ID_S3DzUn_Zn,-17.75819600000001
ID_S3DzUn_Cu,-5.533394000000003
ID_S3DzUn_B,-0.7141640000000005
ID_TtnIPj_N,-6712.639999999999
ID_TtnIPj_P,-23.396239999999977
ID_TtnIPj_K,-344.384
ID_TtnIPj_Ca,-4017.0719999999997
ID_TtnIPj_Mg,-585.2320000000001
ID_TtnIPj_S,-37.21391999999995
ID_TtnIPj_Fe,-713.6176000000002
ID_TtnIPj_Mn,-309.7856000000001
ID_TtnIPj_Zn,-16.779920000000008
ID_TtnIPj_Cu,-5.462320000000004
ID_TtnIPj_B,-0.7278400000000008
ID_80OieJ_N,-6953.459999999999
ID_80OieJ_P,-206.769626
ID_80OieJ_K,-386.666
ID_80OieJ_Ca,-3284.1874
ID_80OieJ_Mg,-508.4778
ID_80OieJ_S,-34.13541399999996
ID_80OieJ_Fe,-505.02868
ID_80OieJ_Mn,-319.57306000000005
ID_80OieJ_Zn,-17.355238000000003
ID_80OieJ_Cu,-6.182466
ID_80OieJ_B,-0.7962020000000002
ID_zbhcOh_N,-6275.798
ID_zbhcOh_P,4.678870000000003
ID_zbhcOh_K,-355.745
ID_zbhcOh_Ca,-3950.3922000000002
ID_zbhcOh_Mg,-479.70279999999997
ID_zbhcOh_S,-36.49111799999997
ID_zbhcOh_Fe,-650.4781600000001
ID_zbhcOh_Mn,-315.98204000000004
ID_zbhcOh_Zn,-17.155148
ID_zbhcOh_Cu,-5.232076000000001
ID_zbhcOh_B,-0.7635700000000006
ID_Lx8vZT_N,-5854.512
ID_Lx8vZT_P,3.406872
ID_Lx8vZT_K,-320.77760000000006
ID_Lx8vZT_Ca,-3685.1751999999997
ID_Lx8vZT_Mg,-478.8288
ID_Lx8vZT_S,-35.023847999999965
ID_Lx8vZT_Fe,-711.7276800000001
ID_Lx8vZT_Mn,-279.72608
ID_Lx8vZT_Zn,-17.393936000000007
ID_Lx8vZT_Cu,-5.335752000000006
ID_Lx8vZT_B,-0.6939520000000005
ID_hF8gjj_N,-5466.412
ID_hF8gjj_P,-13.346561999999999
ID_hF8gjj_K,-420.3842000000001
ID_hF8gjj_Ca,-3429.5224000000003
ID_hF8gjj_Mg,-571.5094
ID_hF8gjj_S,-30.73475799999997
ID_hF8gjj_Fe,-554.0318000000001
ID_hF8gjj_Mn,-256.02903999999995
ID_hF8gjj_Zn,-15.088682000000006
ID_hF8gjj_Cu,-4.904906
ID_hF8gjj_B,-0.515140000000001
ID_olN0TY_N,-5491.52
ID_olN0TY_P,9.683779999999988
ID_olN0TY_K,-297.27200000000005
ID_olN0TY_Ca,-3841.2780000000007
ID_olN0TY_Mg,-476.99000000000007
ID_olN0TY_S,-32.348479999999974
ID_olN0TY_Fe,-712.2068000000002
ID_olN0TY_Mn,-253.75720000000007
ID_olN0TY_Zn,-16.09406000000001
ID_olN0TY_Cu,-4.816220000000007
ID_olN0TY_B,-0.5756000000000007
ID_XNsWNn_N,-5522.752
ID_XNsWNn_P,-4.244023999999989
ID_XNsWNn_K,-505.70479999999986
ID_XNsWNn_Ca,-4895.148
ID_XNsWNn_Mg,-668.0016
ID_XNsWNn_S,-9.993135999999993
ID_XNsWNn_Fe,-730.2088
ID_XNsWNn_Mn,-327.47168
ID_XNsWNn_Zn,-16.95592000000001
ID_XNsWNn_Cu,-5.075912000000005
ID_XNsWNn_B,-0.6777120000000004
ID_z8mRE8_N,-6631.706000000002
ID_z8mRE8_P,7.841745999999986
ID_z8mRE8_K,-313.25660000000005
ID_z8mRE8_Ca,-3303.1704
ID_z8mRE8_Mg,-400.23580000000004
ID_z8mRE8_S,-12.067685999999995
ID_z8mRE8_Fe,-563.9435800000002
ID_z8mRE8_Mn,-237.17552000000006
ID_z8mRE8_Zn,-14.625403999999998
ID_z8mRE8_Cu,-5.676562000000003
ID_z8mRE8_B,-0.7083220000000009
ID_3ZDtO5_N,-6281.11
ID_3ZDtO5_P,-77.31908600000003
ID_3ZDtO5_K,-511.48580000000004
ID_3ZDtO5_Ca,-4160.0052
ID_3ZDtO5_Mg,-600.7083999999999
ID_3ZDtO5_S,-11.803676
ID_3ZDtO5_Fe,-385.77977999999996
ID_3ZDtO5_Mn,-221.04835999999997
ID_3ZDtO5_Zn,-17.992784000000004
ID_3ZDtO5_Cu,-5.838041999999999
ID_3ZDtO5_B,-0.926378
ID_mr4RzZ_N,-6307.7440000000015
ID_mr4RzZ_P,-38.69411200000002
ID_mr4RzZ_K,-581.248
ID_mr4RzZ_Ca,-4507.536000000001
ID_mr4RzZ_Mg,-531.4144
ID_mr4RzZ_S,-32.25007999999997
ID_mr4RzZ_Fe,-375.2265600000001
ID_mr4RzZ_Mn,-222.17759999999998
ID_mr4RzZ_Zn,-16.399776000000013
ID_mr4RzZ_Cu,-5.550752000000001
ID_mr4RzZ_B,-0.8357120000000003
ID_s0tvDA_N,-6644.292
ID_s0tvDA_P,-74.51329600000007
ID_s0tvDA_K,-464.5004
ID_s0tvDA_Ca,-3955.6107999999995
ID_s0tvDA_Mg,-530.3546
ID_s0tvDA_S,-34.02037999999996
ID_s0tvDA_Fe,-530.3452000000001
ID_s0tvDA_Mn,-241.43582
ID_s0tvDA_Zn,-17.33535000000001
ID_s0tvDA_Cu,-6.0070900000000025
ID_s0tvDA_B,-0.7797040000000004
ID_epXX6m_N,-6631.636
ID_epXX6m_P,-0.6650840000000073
ID_epXX6m_K,-351.9975999999999
ID_epXX6m_Ca,-4243.128
ID_epXX6m_Mg,-660.7792000000001
ID_epXX6m_S,-33.61109399999997
ID_epXX6m_Fe,-537.0664400000002
ID_epXX6m_Mn,-216.33852
ID_epXX6m_Zn,-17.08019600000001
ID_epXX6m_Cu,-4.5437400000000014
ID_epXX6m_B,-0.8219660000000004
ID_OlCBeU_N,-6012.621999999999
ID_OlCBeU_P,-8.986177999999981
ID_OlCBeU_K,-997.5439999999999
ID_OlCBeU_Ca,-6745.4678
ID_OlCBeU_Mg,-963.1445999999999
ID_OlCBeU_S,-6.992362
ID_OlCBeU_Fe,-438.52592
ID_OlCBeU_Mn,-231.1234399999999
ID_OlCBeU_Zn,-15.886690000000003
ID_OlCBeU_Cu,-5.058794000000002
ID_OlCBeU_B,-1.0911320000000002
ID_2HW7At_N,-4505.821999999999
ID_2HW7At_P,-29.977232
ID_2HW7At_K,-605.2826
ID_2HW7At_Ca,-5845.277400000001
ID_2HW7At_Mg,-968.2246
ID_2HW7At_S,-13.58017799999999
ID_2HW7At_Fe,-737.9679520000001
ID_2HW7At_Mn,-412.85804
ID_2HW7At_Zn,-8.109644
ID_2HW7At_Cu,-5.567164000000002
ID_2HW7At_B,-0.8244100000000004
ID_gjQdCu_N,-5448.008000000001
ID_gjQdCu_P,-22.041168
ID_gjQdCu_K,-945.1831999999999
ID_gjQdCu_Ca,-9266.5728
ID_gjQdCu_Mg,-1307.1192
ID_gjQdCu_S,-8.92425600000001
ID_gjQdCu_Fe,-599.0224720000001
ID_gjQdCu_Mn,-356.87128000000007
ID_gjQdCu_Zn,-6.998088000000001
ID_gjQdCu_Cu,-5.953623999999999
ID_gjQdCu_B,-1.3767520000000006
ID_khNU8W_N,-4277.092
ID_khNU8W_P,-66.226432
ID_khNU8W_K,-1367.9884000000002
ID_khNU8W_Ca,-8213.9688
ID_khNU8W_Mg,-1111.0412
ID_khNU8W_S,-7.6427520000000015
ID_khNU8W_Fe,-496.97639200000003
ID_khNU8W_Mn,-420.60040000000004
ID_khNU8W_Zn,-8.273707999999996
ID_khNU8W_Cu,-6.034176000000001
ID_khNU8W_B,-1.6130639999999994
ID_wsnCkI_N,-4131.008
ID_wsnCkI_P,-24.076831999999968
ID_wsnCkI_K,-1311.1596
ID_wsnCkI_Ca,-7573.0163999999995
ID_wsnCkI_Mg,-1055.0148
ID_wsnCkI_S,-7.628119999999999
ID_wsnCkI_Fe,-537.221944
ID_wsnCkI_Mn,-397.88775999999996
ID_wsnCkI_Zn,-8.949847999999994
ID_wsnCkI_Cu,-5.956532000000002
ID_wsnCkI_B,-1.65342
ID_Eh1tTu_N,-4697.936000000001
ID_Eh1tTu_P,-20.048611999999984
ID_Eh1tTu_K,-813.8467999999999
ID_Eh1tTu_Ca,-6826.3692
ID_Eh1tTu_Mg,-878.2282
ID_Eh1tTu_S,-10.048416
ID_Eh1tTu_Fe,-616.4299900000001
ID_Eh1tTu_Mn,-409.6616
ID_Eh1tTu_Zn,-10.656967999999997
ID_Eh1tTu_Cu,-5.834157999999999
ID_Eh1tTu_B,-1.5764859999999992
ID_NYBExd_N,-5109.888
ID_NYBExd_P,-11.885136000000003
ID_NYBExd_K,-560.4888000000001
ID_NYBExd_Ca,-6709.736400000001
ID_NYBExd_Mg,-951.7496
ID_NYBExd_S,-11.110460000000003
ID_NYBExd_Fe,-730.0788200000001
ID_NYBExd_Mn,-414.01691999999997
ID_NYBExd_Zn,-11.783896000000002
ID_NYBExd_Cu,-5.895852000000001
ID_NYBExd_B,-1.2356480000000005
ID_Z2S4yk_N,-5442.46
ID_Z2S4yk_P,-9.892288
ID_Z2S4yk_K,-464.10839999999996
ID_Z2S4yk_Ca,-6164.4504
ID_Z2S4yk_Mg,-812.926
ID_Z2S4yk_S,-11.415212000000004
ID_Z2S4yk_Fe,-620.47
ID_Z2S4yk_Mn,-400.75988
ID_Z2S4yk_Zn,-13.028164000000007
ID_Z2S4yk_Cu,-5.426712000000004
ID_Z2S4yk_B,-1.4023160000000015
ID_y0J4xs_N,-4030.0
ID_y0J4xs_P,-45.021124
ID_y0J4xs_K,-1145.4404
ID_y0J4xs_Ca,-10608.3304
ID_y0J4xs_Mg,-1578.156
ID_y0J4xs_S,-7.716148000000004
ID_y0J4xs_Fe,-508.09152000000006
ID_y0J4xs_Mn,-362.32256
ID_y0J4xs_Zn,-8.742403999999999
ID_y0J4xs_Cu,-7.055347999999994
ID_y0J4xs_B,-1.6713559999999998
ID_fpmuaQ_N,-4553.36
ID_fpmuaQ_P,-33.629900000000006
ID_fpmuaQ_K,-584.985
ID_fpmuaQ_Ca,-6681.069
ID_fpmuaQ_Mg,-1009.5889999999999
ID_fpmuaQ_S,-8.62134
ID_fpmuaQ_Fe,-679.5400000000001
ID_fpmuaQ_Mn,-323.70910000000003
ID_fpmuaQ_Zn,-9.32992
ID_fpmuaQ_Cu,-5.403949999999998
ID_fpmuaQ_B,-1.272860000000001
ID_EboQQ7_N,-4960.916
ID_EboQQ7_P,8.792272
ID_EboQQ7_K,-639.9572
ID_EboQQ7_Ca,-6121.7928
ID_EboQQ7_Mg,-844.0132
ID_EboQQ7_S,-10.717463999999993
ID_EboQQ7_Fe,-618.2749480000001
ID_EboQQ7_Mn,-289.40396000000004
ID_EboQQ7_Zn,-6.798872000000001
ID_EboQQ7_Cu,-4.496572000000001
ID_EboQQ7_B,-0.774088
ID_bpCS8a_N,-4605.272
ID_bpCS8a_P,-2.1630560000000187
ID_bpCS8a_K,-812.5364
ID_bpCS8a_Ca,-7962.064799999999
ID_bpCS8a_Mg,-1307.0332
ID_bpCS8a_S,-13.732745999999992
ID_bpCS8a_Fe,-631.026676
ID_bpCS8a_Mn,-305.86154
ID_bpCS8a_Zn,-9.237757999999996
ID_bpCS8a_Cu,-4.966486
ID_bpCS8a_B,-1.0401580000000006
ID_mpCypL_N,-4370.0
ID_mpCypL_P,-25.17128000000001
ID_mpCypL_K,-941.6719999999998
ID_mpCypL_Ca,-11854.176
ID_mpCypL_Mg,-1861.5280000000002
ID_mpCypL_S,-9.531359999999992
ID_mpCypL_Fe,-596.4496
ID_mpCypL_Mn,-348.50480000000016
ID_mpCypL_Zn,-7.072639999999997
ID_mpCypL_Cu,-6.418240000000002
ID_mpCypL_B,-1.2916000000000003
ID_Vlq347_N,-4311.312
ID_Vlq347_P,1.6969640000000155
ID_Vlq347_K,-707.6603999999999
ID_Vlq347_Ca,-8831.51
ID_Vlq347_Mg,-1802.3559999999998
ID_Vlq347_S,-10.656707999999995
ID_Vlq347_Fe,-611.6136280000002
ID_Vlq347_Mn,-301.8994800000001
ID_Vlq347_Zn,-5.508260000000001
ID_Vlq347_Cu,-6.220144000000004
ID_Vlq347_B,-0.7795120000000004
ID_c5hshz_N,-5163.3
ID_c5hshz_P,23.169594000000004
ID_c5hshz_K,-584.6018
ID_c5hshz_Ca,-5993.332600000001
ID_c5hshz_Mg,-642.0536000000001
ID_c5hshz_S,-7.816581999999997
ID_c5hshz_Fe,-575.6992400000001
ID_c5hshz_Mn,-224.07819999999998
ID_c5hshz_Zn,-10.570941999999997
ID_c5hshz_Cu,-4.777990000000004
ID_c5hshz_B,-0.5845560000000002
ID_vqVi7x_N,-4582.868000000001
ID_vqVi7x_P,-35.05487000000004
ID_vqVi7x_K,-1376.8364000000001
ID_vqVi7x_Ca,-8931.2034
ID_vqVi7x_Mg,-1412.2006000000001
ID_vqVi7x_S,-9.390144000000003
ID_vqVi7x_Fe,-496.85917600000005
ID_vqVi7x_Mn,-338.0456600000001
ID_vqVi7x_Zn,-8.024233999999996
ID_vqVi7x_Cu,-6.043306000000004
ID_vqVi7x_B,-1.2020500000000005
ID_urIOty_N,-3209.318
ID_urIOty_P,-25.284846
ID_urIOty_K,-1218.6398
ID_urIOty_Ca,-10825.513599999998
ID_urIOty_Mg,-1495.4876000000002
ID_urIOty_S,-6.151868000000004
ID_urIOty_Fe,-498.7178559999999
ID_urIOty_Mn,-324.4026800000001
ID_urIOty_Zn,-5.266723999999999
ID_urIOty_Cu,-6.701135999999997
ID_urIOty_B,-1.3315960000000002
ID_bbD7AM_N,-5919.308000000001
ID_bbD7AM_P,-95.77231400000005
ID_bbD7AM_K,-939.2744000000001
ID_bbD7AM_Ca,-7114.7106
ID_bbD7AM_Mg,-1035.2002000000002
ID_bbD7AM_S,-12.034608000000002
ID_bbD7AM_Fe,-464.12261200000006
ID_bbD7AM_Mn,-182.72114
ID_bbD7AM_Zn,-20.896238000000007
ID_bbD7AM_Cu,-4.589206
ID_bbD7AM_B,-1.2710920000000003
ID_HrS8nH_N,-4862.116000000001
ID_HrS8nH_P,23.43962999999999
ID_HrS8nH_K,-665.8304
ID_HrS8nH_Ca,-6600.376000000001
ID_HrS8nH_Mg,-852.5114000000002
ID_HrS8nH_S,-8.863472000000005
ID_HrS8nH_Fe,-551.817138
ID_HrS8nH_Mn,-274.4587600000001
ID_HrS8nH_Zn,-5.895404000000001
ID_HrS8nH_Cu,-4.191827999999999
ID_HrS8nH_B,-0.7414240000000004
ID_egvALL_N,-4743.098
ID_egvALL_P,14.123344000000003
ID_egvALL_K,-820.8901999999998
ID_egvALL_Ca,-9007.366199999999
ID_egvALL_Mg,-1783.3401999999999
ID_egvALL_S,-12.118145999999992
ID_egvALL_Fe,-604.1789200000001
ID_egvALL_Mn,-325.64390000000014
ID_egvALL_Zn,-6.485215999999997
ID_egvALL_Cu,-6.668602
ID_egvALL_B,-0.7815880000000003
ID_O6u6ww_N,-4402.146
ID_O6u6ww_P,7.285369999999986
ID_O6u6ww_K,-668.3072000000001
ID_O6u6ww_Ca,-7369.250400000001
ID_O6u6ww_Mg,-1113.4797999999998
ID_O6u6ww_S,-12.458849999999991
ID_O6u6ww_Fe,-682.052672
ID_O6u6ww_Mn,-251.06568
ID_O6u6ww_Zn,-5.701774000000002
ID_O6u6ww_Cu,-4.618319999999999
ID_O6u6ww_B,-0.6913380000000001
ID_AUuaPd_N,-5191.784000000001
ID_AUuaPd_P,30.345232000000003
ID_AUuaPd_K,-457.7168
ID_AUuaPd_Ca,-3213.1824000000006
ID_AUuaPd_Mg,-579.6712000000001
ID_AUuaPd_S,-12.721199999999989
ID_AUuaPd_Fe,-467.34565600000013
ID_AUuaPd_Mn,-235.38776
ID_AUuaPd_Zn,-7.691360000000001
ID_AUuaPd_Cu,-4.470784000000003
ID_AUuaPd_B,-0.4744720000000004
ID_1fPRIw_N,-4746.956000000001
ID_1fPRIw_P,30.965619999999994
ID_1fPRIw_K,-469.1172
ID_1fPRIw_Ca,-3512.2244
ID_1fPRIw_Mg,-620.4104000000002
ID_1fPRIw_S,-11.285655999999996
ID_1fPRIw_Fe,-550.8028
ID_1fPRIw_Mn,-253.34916000000004
ID_1fPRIw_Zn,-12.35604
ID_1fPRIw_Cu,-3.6611560000000005
ID_1fPRIw_B,-0.4951560000000003
ID_1FWJR7_N,-4832.604
ID_1FWJR7_P,15.813555999999988
ID_1FWJR7_K,-458.8140000000001
ID_1FWJR7_Ca,-5498.685600000001
ID_1FWJR7_Mg,-867.2844000000001
ID_1FWJR7_S,-9.451007999999995
ID_1FWJR7_Fe,-535.5165400000002
ID_1FWJR7_Mn,-233.62044
ID_1FWJR7_Zn,-5.166696
ID_1FWJR7_Cu,-4.031520000000001
ID_1FWJR7_B,-0.4968520000000001
ID_qpFeXN_N,-4473.11
ID_qpFeXN_P,15.853934000000002
ID_qpFeXN_K,-765.3063999999999
ID_qpFeXN_Ca,-7249.379999999999
ID_qpFeXN_Mg,-1055.8498
ID_qpFeXN_S,-9.336434
ID_qpFeXN_Fe,-624.27984
ID_qpFeXN_Mn,-272.03622
ID_qpFeXN_Zn,-5.5978140000000005
ID_qpFeXN_Cu,-4.771774000000003
ID_qpFeXN_B,-0.8120220000000007
ID_veiLc6_N,-4537.696000000001
ID_veiLc6_P,-17.254176000000008
ID_veiLc6_K,-963.2576000000001
ID_veiLc6_Ca,-9935.526400000002
ID_veiLc6_Mg,-1471.7440000000001
ID_veiLc6_S,-9.965664000000004
ID_veiLc6_Fe,-552.6251520000002
ID_veiLc6_Mn,-271.4016000000001
ID_veiLc6_Zn,-5.263840000000001
ID_veiLc6_Cu,-4.865312000000001
ID_veiLc6_B,-0.8715520000000007
ID_dDH8nr_N,-4302.664
ID_dDH8nr_P,-4.503631999999989
ID_dDH8nr_K,-919.2216000000001
ID_dDH8nr_Ca,-9751.975199999999
ID_dDH8nr_Mg,-1601.9175999999998
ID_dDH8nr_S,-8.426208000000003
ID_dDH8nr_Fe,-595.772224
ID_dDH8nr_Mn,-335.09752
ID_dDH8nr_Zn,-5.524584000000001
ID_dDH8nr_Cu,-5.629696000000001
ID_dDH8nr_B,-0.9210800000000007
ID_Kr0LAX_N,-5147.4400000000005
ID_Kr0LAX_P,24.462059999999994
ID_Kr0LAX_K,-641.9020000000002
ID_Kr0LAX_Ca,-6156.778
ID_Kr0LAX_Mg,-835.216
ID_Kr0LAX_S,-11.41371999999999
ID_Kr0LAX_Fe,-501.7011200000001
ID_Kr0LAX_Mn,-258.9338000000001
ID_Kr0LAX_Zn,-5.8603200000000015
ID_Kr0LAX_Cu,-5.188680000000001
ID_Kr0LAX_B,-0.6378600000000003
ID_tyBOdj_N,-4230.56
ID_tyBOdj_P,-29.71140800000002
ID_tyBOdj_K,-1231.1936
ID_tyBOdj_Ca,-8442.0144
ID_tyBOdj_Mg,-1211.608
ID_tyBOdj_S,-5.671056000000004
ID_tyBOdj_Fe,-418.55816000000004
ID_tyBOdj_Mn,-269.58192
ID_tyBOdj_Zn,-6.82488
ID_tyBOdj_Cu,-5.257296
ID_tyBOdj_B,-1.3947200000000002
ID_MbZ9N2_N,-5155.744000000001
ID_MbZ9N2_P,-16.86449600000001
ID_MbZ9N2_K,-868.9408000000002
ID_MbZ9N2_Ca,-6634.993600000001
ID_MbZ9N2_Mg,-986.2816000000001
ID_MbZ9N2_S,-8.406048000000002
ID_MbZ9N2_Fe,-459.858848
ID_MbZ9N2_Mn,-269.0432
ID_MbZ9N2_Zn,-8.529648
ID_MbZ9N2_Cu,-5.2936960000000015
ID_MbZ9N2_B,-1.0513119999999996
ID_d3Jkf2_N,-5044.608
ID_d3Jkf2_P,29.201632
ID_d3Jkf2_K,-610.0992000000001
ID_d3Jkf2_Ca,-5052.192000000001
ID_d3Jkf2_Mg,-784.6464000000002
ID_d3Jkf2_S,-10.541343999999999
ID_d3Jkf2_Fe,-556.5568000000001
ID_d3Jkf2_Mn,-284.5862400000001
ID_d3Jkf2_Zn,-6.252800000000002
ID_d3Jkf2_Cu,-4.7891520000000005
ID_d3Jkf2_B,-0.6152960000000004
ID_VhiNOD_N,-4389.664
ID_VhiNOD_P,14.611080000000001
ID_VhiNOD_K,-759.652
ID_VhiNOD_Ca,-7630.613600000001
ID_VhiNOD_Mg,-1433.7872
ID_VhiNOD_S,-11.321568
ID_VhiNOD_Fe,-665.5652480000001
ID_VhiNOD_Mn,-292.90832000000006
ID_VhiNOD_Zn,-6.421495999999998
ID_VhiNOD_Cu,-5.674472000000001
ID_VhiNOD_B,-0.6985920000000004
ID_j80P0w_N,-4290.494000000001
ID_j80P0w_P,12.107697999999985
ID_j80P0w_K,-786.4940000000001
ID_j80P0w_Ca,-6359.466600000002
ID_j80P0w_Mg,-837.0208000000001
ID_j80P0w_S,-10.057032000000003
ID_j80P0w_Fe,-613.1070340000001
ID_j80P0w_Mn,-283.5335600000001
ID_j80P0w_Zn,-6.101048000000001
ID_j80P0w_Cu,-4.265974000000002
ID_j80P0w_B,-0.7311880000000001
ID_M9zUDj_N,-5670.14
ID_M9zUDj_P,-63.52061600000005
ID_M9zUDj_K,-1092.5216
ID_M9zUDj_Ca,-5986.252800000001
ID_M9zUDj_Mg,-895.3528000000001
ID_M9zUDj_S,-7.541364000000009
ID_M9zUDj_Fe,-382.76284
ID_M9zUDj_Mn,-140.03563999999997
ID_M9zUDj_Zn,-18.545683999999998
ID_M9zUDj_Cu,-3.6582519999999983
ID_M9zUDj_B,-0.9695800000000004
ID_OQLcTB_N,-6139.7300000000005
ID_OQLcTB_P,-40.01965999999999
ID_OQLcTB_K,-381.27200000000005
ID_OQLcTB_Ca,-4409.529
ID_OQLcTB_Mg,-450.241
ID_OQLcTB_S,-14.20925999999999
ID_OQLcTB_Fe,-451.59250000000003
ID_OQLcTB_Mn,-168.8264
ID_OQLcTB_Zn,-11.85182
ID_OQLcTB_Cu,-3.09763
ID_OQLcTB_B,-0.7631500000000006
ID_1yte7N_N,-5469.392
ID_1yte7N_P,20.492976
ID_1yte7N_K,-722.7408
ID_1yte7N_Ca,-5589.8024000000005
ID_1yte7N_Mg,-868.0087999999998
ID_1yte7N_S,-15.357903999999987
ID_1yte7N_Fe,-408.63893599999983
ID_1yte7N_Mn,-313.93680000000006
ID_1yte7N_Zn,-6.143791999999998
ID_1yte7N_Cu,-5.617168000000001
ID_1yte7N_B,-0.7415120000000002
ID_xi0Cko_N,-5339.328
ID_xi0Cko_P,6.3409719999999865
ID_xi0Cko_K,-1003.6515999999999
ID_xi0Cko_Ca,-6261.2104
ID_xi0Cko_Mg,-983.7428
ID_xi0Cko_S,-11.521883999999996
ID_xi0Cko_Fe,-434.21148400000004
ID_xi0Cko_Mn,-362.96920000000006
ID_xi0Cko_Zn,-5.434628
ID_xi0Cko_Cu,-5.663420000000001
ID_xi0Cko_B,-0.8219920000000005
ID_s1Nwd7_N,-4771.86
ID_s1Nwd7_P,8.151899999999994
ID_s1Nwd7_K,-754.265
ID_s1Nwd7_Ca,-7539.82
ID_s1Nwd7_Mg,-1494.9120000000003
ID_s1Nwd7_S,-13.389240000000004
ID_s1Nwd7_Fe,-450.76291000000003
ID_s1Nwd7_Mn,-287.79690000000005
ID_s1Nwd7_Zn,-4.504519999999999
ID_s1Nwd7_Cu,-6.145930000000002
ID_s1Nwd7_B,-0.8319500000000003
ID_AJ6e5g_N,-4117.838
ID_AJ6e5g_P,16.127620000000004
ID_AJ6e5g_K,-803.9975999999999
ID_AJ6e5g_Ca,-7648.7446
ID_AJ6e5g_Mg,-1758.4611999999997
ID_AJ6e5g_S,-9.333721999999998
ID_AJ6e5g_Fe,-499.02657200000004
ID_AJ6e5g_Mn,-286.73978000000005
ID_AJ6e5g_Zn,-5.275764000000001
ID_AJ6e5g_Cu,-5.9618899999999995
ID_AJ6e5g_B,-0.8488600000000008
ID_ghntby_N,-5389.54
ID_ghntby_P,-19.26895199999997
ID_ghntby_K,-1096.1477999999997
ID_ghntby_Ca,-7615.273999999999
ID_ghntby_Mg,-2290.1713999999997
ID_ghntby_S,-10.977193999999997
ID_ghntby_Fe,-431.425
ID_ghntby_Mn,-260.7949800000001
ID_ghntby_Zn,-5.018576000000001
ID_ghntby_Cu,-4.6867980000000005
ID_ghntby_B,-0.9426500000000005
ID_1L6mGf_N,-4678.816000000001
ID_1L6mGf_P,-16.977087999999974
ID_1L6mGf_K,-718.8736
ID_1L6mGf_Ca,-6341.289600000001
ID_1L6mGf_Mg,-1179.76
ID_1L6mGf_S,-11.296223999999999
ID_1L6mGf_Fe,-406.0359680000001
ID_1L6mGf_Mn,-271.27840000000003
ID_1L6mGf_Zn,-5.783072000000002
ID_1L6mGf_Cu,-5.280832
ID_1L6mGf_B,-0.7436480000000006
ID_jFxhVU_N,-4231.999999999999
ID_jFxhVU_P,0.6617919999999913
ID_jFxhVU_K,-950.2195999999999
ID_jFxhVU_Ca,-8335.1712
ID_jFxhVU_Mg,-2419.744
ID_jFxhVU_S,-10.050107999999994
ID_jFxhVU_Fe,-448.69857999999994
ID_jFxhVU_Mn,-325.82923999999997
ID_jFxhVU_Zn,-4.844912
ID_jFxhVU_Cu,-6.746476000000003
ID_jFxhVU_B,-0.9168160000000009
ID_mbDwXP_N,-4737.0199999999995
ID_mbDwXP_P,1.983963999999986
ID_mbDwXP_K,-857.036
ID_mbDwXP_Ca,-6566.666400000001
ID_mbDwXP_Mg,-1627.6491999999998
ID_mbDwXP_S,-12.848351999999988
ID_mbDwXP_Fe,-451.37188
ID_mbDwXP_Mn,-317.04668000000004
ID_mbDwXP_Zn,-5.180756000000001
ID_mbDwXP_Cu,-5.467396000000002
ID_mbDwXP_B,-0.8053240000000006
ID_M6Xn2o_N,-4633.778
ID_M6Xn2o_P,8.306835999999997
ID_M6Xn2o_K,-870.2048000000001
ID_M6Xn2o_Ca,-8881.3182
ID_M6Xn2o_Mg,-1940.1970000000001
ID_M6Xn2o_S,-14.060256000000006
ID_M6Xn2o_Fe,-667.7391940000001
ID_M6Xn2o_Mn,-334.65938000000006
ID_M6Xn2o_Zn,-7.42526
ID_M6Xn2o_Cu,-6.960813999999999
ID_M6Xn2o_B,-1.067344
ID_NIJ4AV_N,-4267.184
ID_NIJ4AV_P,15.96716799999999
ID_NIJ4AV_K,-683.0198
ID_NIJ4AV_Ca,-6929.1630000000005
ID_NIJ4AV_Mg,-956.0350000000001
ID_NIJ4AV_S,-7.874106000000005
ID_NIJ4AV_Fe,-663.3822640000002
ID_NIJ4AV_Mn,-286.1975600000001
ID_NIJ4AV_Zn,-7.005254000000001
ID_NIJ4AV_Cu,-4.872699999999999
ID_NIJ4AV_B,-0.7243060000000009
ID_lCJeng_N,-4402.146
ID_lCJeng_P,14.62607599999999
ID_lCJeng_K,-724.1518000000001
ID_lCJeng_Ca,-7152.606799999999
ID_lCJeng_Mg,-812.7416
ID_lCJeng_S,-11.019003999999995
ID_lCJeng_Fe,-670.8439760000001
ID_lCJeng_Mn,-327.59606000000014
ID_lCJeng_Zn,-8.902838
ID_lCJeng_Cu,-4.7541459999999995
ID_lCJeng_B,-0.961634
ID_g73pkP_N,-4303.76
ID_g73pkP_P,-32.07581599999999
ID_g73pkP_K,-1075.8676
ID_g73pkP_Ca,-12760.3908
ID_g73pkP_Mg,-2521.212
ID_g73pkP_S,-9.827168
ID_g73pkP_Fe,-554.2691679999999
ID_g73pkP_Mn,-373.05820000000006
ID_g73pkP_Zn,-8.071455999999996
ID_g73pkP_Cu,-6.435140000000001
ID_g73pkP_B,-1.4667440000000003
ID_X6Zl3z_N,-4724.784
ID_X6Zl3z_P,-33.932664
ID_X6Zl3z_K,-940.8992000000003
ID_X6Zl3z_Ca,-11958.840400000001
ID_X6Zl3z_Mg,-1922.598
ID_X6Zl3z_S,-9.339355999999999
ID_X6Zl3z_Fe,-570.735596
ID_X6Zl3z_Mn,-342.8997600000001
ID_X6Zl3z_Zn,-8.075468
ID_X6Zl3z_Cu,-6.9592959999999975
ID_X6Zl3z_B,-1.3881560000000008
ID_iH6iXb_N,-4128.000000000001
ID_iH6iXb_P,-37.010080000000016
ID_iH6iXb_K,-832.1280000000002
ID_iH6iXb_Ca,-9287.248000000001
ID_iH6iXb_Mg,-1158.9504000000004
ID_iH6iXb_S,-8.129535999999998
ID_iH6iXb_Fe,-520.8774080000001
ID_iH6iXb_Mn,-323.48832000000016
ID_iH6iXb_Zn,-12.567360000000006
ID_iH6iXb_Cu,-6.147264000000001
ID_iH6iXb_B,-1.2633280000000011
ID_SnOkum_N,-5902.08
ID_SnOkum_P,-96.38586000000004
ID_SnOkum_K,-768.1569999999998
ID_SnOkum_Ca,-7457.848
ID_SnOkum_Mg,-1060.764
ID_SnOkum_S,-12.20680999999999
ID_SnOkum_Fe,-551.9718799999999
ID_SnOkum_Mn,-237.25440000000003
ID_SnOkum_Zn,-12.017009999999997
ID_SnOkum_Cu,-5.436840000000001
ID_SnOkum_B,-1.0927700000000005
ID_JEU7o9_N,-5693.836
ID_JEU7o9_P,11.722895999999977
ID_JEU7o9_K,-595.7138000000001
ID_JEU7o9_Ca,-5689.495000000001
ID_JEU7o9_Mg,-622.6366000000002
ID_JEU7o9_S,-9.366401999999997
ID_JEU7o9_Fe,-552.4512040000001
ID_JEU7o9_Mn,-222.60940000000002
ID_JEU7o9_Zn,-9.360754000000002
ID_JEU7o9_Cu,-3.9824160000000024
ID_JEU7o9_B,-0.6728520000000003
ID_Jag9OQ_N,-3683.34
ID_Jag9OQ_P,-36.56154000000001
ID_Jag9OQ_K,-1059.2640000000001
ID_Jag9OQ_Ca,-10562.388
ID_Jag9OQ_Mg,-1525.3560000000002
ID_Jag9OQ_S,-9.556480000000008
ID_Jag9OQ_Fe,-505.99178
ID_Jag9OQ_Mn,-291.3002000000001
ID_Jag9OQ_Zn,-4.366739999999999
ID_Jag9OQ_Cu,-5.387340000000002
ID_Jag9OQ_B,-1.0937
ID_fD6w3e_N,-6013.124000000001
ID_fD6w3e_P,8.724113999999997
ID_fD6w3e_K,-405.51060000000007
ID_fD6w3e_Ca,-3335.4736000000007
ID_fD6w3e_Mg,-407.86620000000005
ID_fD6w3e_S,-12.44607599999999
ID_fD6w3e_Fe,-545.1045840000002
ID_fD6w3e_Mn,-241.13538
ID_fD6w3e_Zn,-7.789780000000004
ID_fD6w3e_Cu,-4.166884000000004
ID_fD6w3e_B,-0.5831860000000001
ID_nVSwZH_N,-5667.200000000001
ID_nVSwZH_P,-42.647648000000004
ID_nVSwZH_K,-1068.2408000000003
ID_nVSwZH_Ca,-6802.4976000000015
ID_nVSwZH_Mg,-994.8880000000001
ID_nVSwZH_S,-7.757520000000014
ID_nVSwZH_Fe,-449.9768799999999
ID_nVSwZH_Mn,-185.07271999999998
ID_nVSwZH_Zn,-16.592072000000005
ID_nVSwZH_Cu,-5.018344000000002
ID_nVSwZH_B,-1.1628640000000006
ID_ini6eM_N,-6163.616
ID_ini6eM_P,-30.05391200000001
ID_ini6eM_K,-449.3948
ID_ini6eM_Ca,-3990.243599999999
ID_ini6eM_Mg,-582.7023999999999
ID_ini6eM_S,-12.639275999999988
ID_ini6eM_Fe,-588.1048480000001
ID_ini6eM_Mn,-231.44863999999993
ID_ini6eM_Zn,-11.719568
ID_ini6eM_Cu,-4.860687999999999
ID_ini6eM_B,-0.7202800000000004
ID_dOx8UC_N,-5777.808
ID_dOx8UC_P,-68.51254399999999
ID_dOx8UC_K,-790.3472
ID_dOx8UC_Ca,-6349.2898
ID_dOx8UC_Mg,-833.737
ID_dOx8UC_S,-12.096345999999997
ID_dOx8UC_Fe,-571.227696
ID_dOx8UC_Mn,-218.38607999999996
ID_dOx8UC_Zn,-15.842846000000003
ID_dOx8UC_Cu,-5.803464000000003
ID_dOx8UC_B,-0.8773360000000006
ID_wp1iZd_N,-3950.3719999999994
ID_wp1iZd_P,-2.1982679999999846
ID_wp1iZd_K,-944.3888
ID_wp1iZd_Ca,-13943.274
ID_wp1iZd_Mg,-2258.3505999999993
ID_wp1iZd_S,-8.563740000000003
ID_wp1iZd_Fe,-515.4949660000001
ID_wp1iZd_Mn,-261.81424000000004
ID_wp1iZd_Zn,-5.849577999999999
ID_wp1iZd_Cu,-6.769162000000003
ID_wp1iZd_B,-1.228088
ID_9KcvAJ_N,-4255.4580000000005
ID_9KcvAJ_P,-22.13907599999999
ID_9KcvAJ_K,-855.2034
ID_9KcvAJ_Ca,-7197.485000000001
ID_9KcvAJ_Mg,-806.421
ID_9KcvAJ_S,-6.3751999999999995
ID_9KcvAJ_Fe,-520.18636
ID_9KcvAJ_Mn,-234.99208
ID_9KcvAJ_Zn,-19.75792400000001
ID_9KcvAJ_Cu,-4.686732000000001
ID_9KcvAJ_B,-1.2056460000000007
ID_e4NElr_N,-4161.81
ID_e4NElr_P,-31.752060000000014
ID_e4NElr_K,-1208.3316000000004
ID_e4NElr_Ca,-8025.818599999999
ID_e4NElr_Mg,-987.2498
ID_e4NElr_S,-6.816592
ID_e4NElr_Fe,-489.33276000000006
ID_e4NElr_Mn,-334.66622
ID_e4NElr_Zn,-7.367343999999998
ID_e4NElr_Cu,-5.0273780000000015
ID_e4NElr_B,-1.3150660000000005
ID_gpfsqr_N,-5296.59
ID_gpfsqr_P,29.591372
ID_gpfsqr_K,-596.5936
ID_gpfsqr_Ca,-5063.890200000001
ID_gpfsqr_Mg,-791.297
ID_gpfsqr_S,-9.675958000000005
ID_gpfsqr_Fe,-452.51792000000006
ID_gpfsqr_Mn,-285.8361800000001
ID_gpfsqr_Zn,-6.587554000000002
ID_gpfsqr_Cu,-4.597962000000002
ID_gpfsqr_B,-0.5275660000000004
ID_SGSuQN_N,-5864.698
ID_SGSuQN_P,21.18986999999999
ID_SGSuQN_K,-431.45860000000016
ID_SGSuQN_Ca,-3721.882200000001
ID_SGSuQN_Mg,-485.35580000000004
ID_SGSuQN_S,-12.369783999999996
ID_SGSuQN_Fe,-473.99092
ID_SGSuQN_Mn,-189.85296000000002
ID_SGSuQN_Zn,-18.16204600000001
ID_SGSuQN_Cu,-3.3542720000000017
ID_SGSuQN_B,-0.5829380000000006
ID_82HkDH_N,-5069.072
ID_82HkDH_P,-97.347206
ID_82HkDH_K,-699.0883999999999
ID_82HkDH_Ca,-6078.2028
ID_82HkDH_Mg,-961.4722000000002
ID_82HkDH_S,-11.78785599999999
ID_82HkDH_Fe,-472.246476
ID_82HkDH_Mn,-258.1598199999999
ID_82HkDH_Zn,-13.343511999999999
ID_82HkDH_Cu,-6.0021179999999985
ID_82HkDH_B,-0.8447920000000001
ID_nYi8Vr_N,-6065.168000000001
ID_nYi8Vr_P,28.061269999999997
ID_nYi8Vr_K,-374.832
ID_nYi8Vr_Ca,-3675.8326
ID_nYi8Vr_Mg,-371.6374
ID_nYi8Vr_S,-10.91646999999999
ID_nYi8Vr_Fe,-414.58664
ID_nYi8Vr_Mn,-126.07988
ID_nYi8Vr_Zn,-18.049978
ID_nYi8Vr_Cu,-2.7709319999999997
ID_nYi8Vr_B,-0.593002
ID_6Mgmqq_N,-5136.880000000001
ID_6Mgmqq_P,23.5044
ID_6Mgmqq_K,-808.0460000000002
ID_6Mgmqq_Ca,-5708.396000000001
ID_6Mgmqq_Mg,-857.018
ID_6Mgmqq_S,-11.260159999999999
ID_6Mgmqq_Fe,-539.3528000000001
ID_6Mgmqq_Mn,-282.21200000000005
ID_6Mgmqq_Zn,-5.467619999999999
ID_6Mgmqq_Cu,-4.359720000000001
ID_6Mgmqq_B,-0.6237800000000006
ID_dD1tUp_N,-5595.686000000001
ID_dD1tUp_P,25.497767999999994
ID_dD1tUp_K,-675.7930000000001
ID_dD1tUp_Ca,-5861.6394
ID_dD1tUp_Mg,-779.5468000000001
ID_dD1tUp_S,-7.361670000000004
ID_dD1tUp_Fe,-452.7971780000002
ID_dD1tUp_Mn,-278.0732000000001
ID_dD1tUp_Zn,-12.385700000000003
ID_dD1tUp_Cu,-4.547822000000002
ID_dD1tUp_B,-0.6058280000000004
ID_wzuRYf_N,-4057.7800000000007
ID_wzuRYf_P,9.917640000000006
ID_wzuRYf_K,-853.5860000000001
ID_wzuRYf_Ca,-7837.908000000002
ID_wzuRYf_Mg,-1143.1500000000003
ID_wzuRYf_S,-7.8013200000000005
ID_wzuRYf_Fe,-551.6336400000001
ID_wzuRYf_Mn,-257.4136000000001
ID_wzuRYf_Zn,-6.307800000000003
ID_wzuRYf_Cu,-5.071640000000002
ID_wzuRYf_B,-0.7854800000000007
ID_5RelF6_N,-5101.460000000001
ID_5RelF6_P,5.282460000000015
ID_5RelF6_K,-911.424
ID_5RelF6_Ca,-5576.176
ID_5RelF6_Mg,-1161.652
ID_5RelF6_S,-10.701580000000003
ID_5RelF6_Fe,-414.15718
ID_5RelF6_Mn,-227.8368000000001
ID_5RelF6_Zn,-4.94776
ID_5RelF6_Cu,-4.395140000000003
ID_5RelF6_B,-0.8184800000000004
ID_nACyEF_N,-4337.301600000001
ID_nACyEF_P,8.655408000000005
ID_nACyEF_K,-811.4807999999999
ID_nACyEF_Ca,-7311.8456
ID_nACyEF_Mg,-1647.4360000000001
ID_nACyEF_S,-9.731440000000006
ID_nACyEF_Fe,-517.8151200000001
ID_nACyEF_Mn,-322.68320000000006
ID_nACyEF_Zn,-5.148047999999998
ID_nACyEF_Cu,-6.529856000000002
ID_nACyEF_B,-0.8705040000000004
ID_tf2A2W_N,-5444.740000000001
ID_tf2A2W_P,-77.96300599999998
ID_tf2A2W_K,-453.254
ID_tf2A2W_Ca,-6466.850000000001
ID_tf2A2W_Mg,-1114.3658000000003
ID_tf2A2W_S,-11.258589999999991
ID_tf2A2W_Fe,-427.6900600000001
ID_tf2A2W_Mn,-203.64686
ID_tf2A2W_Zn,-6.412475999999996
ID_tf2A2W_Cu,-3.780185999999999
ID_tf2A2W_B,-0.6801280000000005
ID_zSfl5m_N,-5304.146000000001
ID_zSfl5m_P,-31.138790000000043
ID_zSfl5m_K,-1125.8876000000002
ID_zSfl5m_Ca,-10335.286800000002
ID_zSfl5m_Mg,-1770.9082000000003
ID_zSfl5m_S,-9.342414000000005
ID_zSfl5m_Fe,-435.41446000000013
ID_zSfl5m_Mn,-203.7401
ID_zSfl5m_Zn,-7.5058640000000025
ID_zSfl5m_Cu,-3.9969100000000006
ID_zSfl5m_B,-0.9323200000000006
ID_OpJ8d3_N,-4240.256
ID_OpJ8d3_P,-56.620344
ID_OpJ8d3_K,-1007.3815999999999
ID_OpJ8d3_Ca,-9776.8224
ID_OpJ8d3_Mg,-1367.3656
ID_OpJ8d3_S,-10.847592000000002
ID_OpJ8d3_Fe,-525.910528
ID_OpJ8d3_Mn,-365.29232
ID_OpJ8d3_Zn,-6.935839999999997
ID_OpJ8d3_Cu,-7.117975999999999
ID_OpJ8d3_B,-1.3117680000000005
ID_YaCRrH_N,-4564.824
ID_YaCRrH_P,-35.64754399999997
ID_YaCRrH_K,-934.8584
ID_YaCRrH_Ca,-8965.3792
ID_YaCRrH_Mg,-1019.2031999999999
ID_YaCRrH_S,-9.711488000000003
ID_YaCRrH_Fe,-541.634096
ID_YaCRrH_Mn,-371.06912
ID_YaCRrH_Zn,-8.043871999999997
ID_YaCRrH_Cu,-6.078151999999999
ID_YaCRrH_B,-1.1922880000000005
ID_fSYKu6_N,-3748.7900000000004
ID_fSYKu6_P,-83.48937000000004
ID_fSYKu6_K,-980.7531999999999
ID_fSYKu6_Ca,-8558.822600000001
ID_fSYKu6_Mg,-940.0602000000001
ID_fSYKu6_S,-8.090444000000005
ID_fSYKu6_Fe,-499.35827200000006
ID_fSYKu6_Mn,-349.47474000000017
ID_fSYKu6_Zn,-10.757240000000001
ID_fSYKu6_Cu,-5.221442000000003
ID_fSYKu6_B,-1.3243560000000008
ID_9WjuWr_N,-4145.588
ID_9WjuWr_P,-62.12279599999998
ID_9WjuWr_K,-904.7108000000001
ID_9WjuWr_Ca,-9436.912800000002
ID_9WjuWr_Mg,-1125.0916000000002
ID_9WjuWr_S,-8.076768000000001
ID_9WjuWr_Fe,-493.3988919999999
ID_9WjuWr_Mn,-433.655
ID_9WjuWr_Zn,-8.39738
ID_9WjuWr_Cu,-6.880312000000003
ID_9WjuWr_B,-1.692016
ID_gGBSZJ_N,-3575.1000000000004
ID_gGBSZJ_P,-43.22512000000002
ID_gGBSZJ_K,-1614.9180000000006
ID_gGBSZJ_Ca,-8381.704000000003
ID_gGBSZJ_Mg,-1015.616
ID_gGBSZJ_S,-6.820340000000002
ID_gGBSZJ_Fe,-430.3678800000002
ID_gGBSZJ_Mn,-424.3364000000001
ID_gGBSZJ_Zn,-10.591639999999998
ID_gGBSZJ_Cu,-6.030180000000001
ID_gGBSZJ_B,-1.4870600000000005
ID_EWaqPH_N,-4157.576
ID_EWaqPH_P,-14.484272000000004
ID_EWaqPH_K,-1035.8408000000002
ID_EWaqPH_Ca,-9066.1776
ID_EWaqPH_Mg,-1392.3064000000002
ID_EWaqPH_S,-6.725688000000002
ID_EWaqPH_Fe,-477.71149600000007
ID_EWaqPH_Mn,-312.09584000000007
ID_EWaqPH_Zn,-5.332208000000001
ID_EWaqPH_Cu,-5.477776000000001
ID_EWaqPH_B,-1.2704320000000002
ID_hi1vbV_N,-4528.064000000001
ID_hi1vbV_P,-20.449312
ID_hi1vbV_K,-763.0016
ID_hi1vbV_Ca,-7145.875200000001
ID_hi1vbV_Mg,-1218.736
ID_hi1vbV_S,-8.222496000000003
ID_hi1vbV_Fe,-543.1114240000003
ID_hi1vbV_Mn,-334.03200000000004
ID_hi1vbV_Zn,-9.263808000000003
ID_hi1vbV_Cu,-5.363040000000003
ID_hi1vbV_B,-1.2539200000000008
ID_PRSerd_N,-4179.170000000001
ID_PRSerd_P,-6.256700000000002
ID_PRSerd_K,-776.5129999999999
ID_PRSerd_Ca,-6588.804
ID_PRSerd_Mg,-911.0860000000001
ID_PRSerd_S,-8.066549999999992
ID_PRSerd_Fe,-558.7891000000001
ID_PRSerd_Mn,-284.2991000000001
ID_PRSerd_Zn,-11.129629999999999
ID_PRSerd_Cu,-4.691740000000002
ID_PRSerd_B,-0.8421100000000005
ID_nqiDMc_N,-4566.9
ID_nqiDMc_P,3.2652820000000062
ID_nqiDMc_K,-787.0024
ID_nqiDMc_Ca,-7038.4768
ID_nqiDMc_Mg,-785.3277999999999
ID_nqiDMc_S,-10.322697999999999
ID_nqiDMc_Fe,-633.7359060000001
ID_nqiDMc_Mn,-314.54230000000007
ID_nqiDMc_Zn,-6.533454000000001
ID_nqiDMc_Cu,-5.427851999999999
ID_nqiDMc_B,-0.7433180000000001
ID_D9JYuV_N,-4607.2880000000005
ID_D9JYuV_P,5.708326
ID_D9JYuV_K,-613.0010000000001
ID_D9JYuV_Ca,-5903.8782
ID_D9JYuV_Mg,-884.9506000000001
ID_D9JYuV_S,-10.655543999999999
ID_D9JYuV_Fe,-660.8092840000002
ID_D9JYuV_Mn,-299.5841600000001
ID_D9JYuV_Zn,-5.661931999999999
ID_D9JYuV_Cu,-4.910884000000002
ID_D9JYuV_B,-0.6621460000000002
ID_w1Ggmc_N,-4418.05
ID_w1Ggmc_P,-5.752314000000013
ID_w1Ggmc_K,-781.8936
ID_w1Ggmc_Ca,-6914.644800000001
ID_w1Ggmc_Mg,-1197.5182000000002
ID_w1Ggmc_S,-7.645942000000005
ID_w1Ggmc_Fe,-536.11765
ID_w1Ggmc_Mn,-324.5399000000001
ID_w1Ggmc_Zn,-7.122090000000003
ID_w1Ggmc_Cu,-5.1612740000000015
ID_w1Ggmc_B,-1.1512640000000012
ID_xzH65O_N,-4529.184
ID_xzH65O_P,-4.391200000000026
ID_xzH65O_K,-844.3360000000001
ID_xzH65O_Ca,-6501.8976
ID_xzH65O_Mg,-960.576
ID_xzH65O_S,-12.577055999999999
ID_xzH65O_Fe,-560.6533120000001
ID_xzH65O_Mn,-324.92864000000003
ID_xzH65O_Zn,-7.433056000000002
ID_xzH65O_Cu,-5.271424000000002
ID_xzH65O_B,-0.9100800000000007
ID_pX7SKG_N,-3162.428
ID_pX7SKG_P,-24.885625999999988
ID_pX7SKG_K,-1101.1051999999997
ID_pX7SKG_Ca,-15150.708599999998
ID_pX7SKG_Mg,-2629.3671999999997
ID_pX7SKG_S,-6.985589999999998
ID_pX7SKG_Fe,-454.84011999999984
ID_pX7SKG_Mn,-310.26074
ID_pX7SKG_Zn,-4.4543300000000015
ID_pX7SKG_Cu,-7.2732579999999984
ID_pX7SKG_B,-1.4087079999999996
ID_D9S6S4_N,-4350.8
ID_D9S6S4_P,13.696479999999994
ID_D9S6S4_K,-906.3439999999999
ID_D9S6S4_Ca,-9324.96
ID_D9S6S4_Mg,-2082.4719999999998
ID_D9S6S4_S,-10.598640000000003
ID_D9S6S4_Fe,-565.0175200000001
ID_D9S6S4_Mn,-362.9144000000001
ID_D9S6S4_Zn,-4.86056
ID_D9S6S4_Cu,-7.088080000000004
ID_D9S6S4_B,-0.8855200000000011
ID_g12aDa_N,-4294.556
ID_g12aDa_P,11.440223999999994
ID_g12aDa_K,-880.0348
ID_g12aDa_Ca,-9455.6356
ID_g12aDa_Mg,-1976.6184000000003
ID_g12aDa_S,-14.59602
ID_g12aDa_Fe,-531.231084
ID_g12aDa_Mn,-332.2986400000001
ID_g12aDa_Zn,-5.879488
ID_g12aDa_Cu,-7.520504000000002
ID_g12aDa_B,-0.9343279999999997
ID_CKlRaK_N,-4300.286
ID_CKlRaK_P,14.288709999999991
ID_CKlRaK_K,-976.863
ID_CKlRaK_Ca,-9126.767
ID_CKlRaK_Mg,-2254.7726
ID_CKlRaK_S,-10.447194000000003
ID_CKlRaK_Fe,-512.311148
ID_CKlRaK_Mn,-329.7848
ID_CKlRaK_Zn,-6.211198
ID_CKlRaK_Cu,-7.635476000000003
ID_CKlRaK_B,-1.039734
ID_PVVS5U_N,-5321.68
ID_PVVS5U_P,0.17236799999999874
ID_PVVS5U_K,-974.874
ID_PVVS5U_Ca,-6547.696
ID_PVVS5U_Mg,-1216.7092
ID_PVVS5U_S,-14.366883999999999
ID_PVVS5U_Fe,-480.301144
ID_PVVS5U_Mn,-345.35776
ID_PVVS5U_Zn,-6.48324
ID_PVVS5U_Cu,-6.1393640000000005
ID_PVVS5U_B,-0.8393920000000001
ID_PP1hKY_N,-4279.424000000001
ID_PP1hKY_P,-8.159104000000013
ID_PP1hKY_K,-849.7792
ID_PP1hKY_Ca,-6798.966400000001
ID_PP1hKY_Mg,-1114.9792000000002
ID_PP1hKY_S,-7.563487999999996
ID_PP1hKY_Fe,-442.25452800000005
ID_PP1hKY_Mn,-281.55552000000006
ID_PP1hKY_Zn,-14.920480000000001
ID_PP1hKY_Cu,-4.996352000000003
ID_PP1hKY_B,-1.0256640000000012
ID_dKSvsB_N,-4930.938
ID_dKSvsB_P,-1.7466940000000193
ID_dKSvsB_K,-704.6614000000001
ID_dKSvsB_Ca,-6028.1506
ID_dKSvsB_Mg,-1174.6781999999998
ID_dKSvsB_S,-16.215747999999998
ID_dKSvsB_Fe,-474.31254999999993
ID_dKSvsB_Mn,-344.42096000000004
ID_dKSvsB_Zn,-5.035804
ID_dKSvsB_Cu,-6.798882000000002
ID_dKSvsB_B,-0.7253760000000005
ID_qwO7TL_N,-4794.212
ID_qwO7TL_P,-30.546716000000046
ID_qwO7TL_K,-1134.2348000000002
ID_qwO7TL_Ca,-11781.283800000003
ID_qwO7TL_Mg,-2475.2254000000003
ID_qwO7TL_S,-11.877210000000005
ID_qwO7TL_Fe,-354.73122399999994
ID_qwO7TL_Mn,-194.16745999999998
ID_qwO7TL_Zn,-4.995266000000003
ID_qwO7TL_Cu,-4.4802040000000005
ID_qwO7TL_B,-0.9201100000000008
ID_LLuoRd_N,-5269.952000000001
ID_LLuoRd_P,-43.88732800000004
ID_LLuoRd_K,-1153.4336
ID_LLuoRd_Ca,-6570.396800000001
ID_LLuoRd_Mg,-2095.6064
ID_LLuoRd_S,-9.729792000000007
ID_LLuoRd_Fe,-403.33161600000005
ID_LLuoRd_Mn,-199.69024000000005
ID_LLuoRd_Zn,-6.260416000000001
ID_LLuoRd_Cu,-4.062272000000001
ID_LLuoRd_B,-0.9990080000000007
ID_uW6RLY_N,-4520.7699999999995
ID_uW6RLY_P,-58.12501999999999
ID_uW6RLY_K,-645.3638000000001
ID_uW6RLY_Ca,-7061.5504
ID_uW6RLY_Mg,-1178.073
ID_uW6RLY_S,-10.646176
ID_uW6RLY_Fe,-594.848312
ID_uW6RLY_Mn,-415.33840000000004
ID_uW6RLY_Zn,-9.321823999999998
ID_uW6RLY_Cu,-6.193156000000002
ID_uW6RLY_B,-1.3015900000000014
ID_jPnEVX_N,-4243.5
ID_jPnEVX_P,-49.25452200000001
ID_jPnEVX_K,-790.6152000000001
ID_jPnEVX_Ca,-8962.3374
ID_jPnEVX_Mg,-1347.7907999999998
ID_jPnEVX_S,-10.334158000000006
ID_jPnEVX_Fe,-555.328412
ID_jPnEVX_Mn,-414.3745
ID_jPnEVX_Zn,-9.29731
ID_jPnEVX_Cu,-6.445912000000002
ID_jPnEVX_B,-1.3851280000000006
ID_8AJhOn_N,-4559.57
ID_8AJhOn_P,-29.239200000000025
ID_8AJhOn_K,-688.462
ID_8AJhOn_Ca,-6821.116000000001
ID_8AJhOn_Mg,-1130.638
ID_8AJhOn_S,-9.227159999999998
ID_8AJhOn_Fe,-566.8770300000001
ID_8AJhOn_Mn,-351.54830000000004
ID_8AJhOn_Zn,-9.366259999999997
ID_8AJhOn_Cu,-6.835930000000002
ID_8AJhOn_B,-1.2735500000000002
ID_DJwb1t_N,-4002.388
ID_DJwb1t_P,-46.213632000000004
ID_DJwb1t_K,-970.4463999999998
ID_DJwb1t_Ca,-8862.803600000001
ID_DJwb1t_Mg,-1030.0696
ID_DJwb1t_S,-9.460424000000003
ID_DJwb1t_Fe,-510.7429800000001
ID_DJwb1t_Mn,-417.30820000000006
ID_DJwb1t_Zn,-5.430380000000001
ID_DJwb1t_Cu,-5.709440000000002
ID_DJwb1t_B,-1.5505239999999998
ID_lmjCtn_N,-4166.1720000000005
ID_lmjCtn_P,-26.793899999999994
ID_lmjCtn_K,-778.5548000000001
ID_lmjCtn_Ca,-7456.880800000001
ID_lmjCtn_Mg,-1007.5552
ID_lmjCtn_S,-10.433452000000003
ID_lmjCtn_Fe,-564.981916
ID_lmjCtn_Mn,-374.53556000000003
ID_lmjCtn_Zn,-8.025199999999998
ID_lmjCtn_Cu,-5.8250800000000025
ID_lmjCtn_B,-1.0096120000000004
ID_O0ALWo_N,-4243.5736
ID_O0ALWo_P,-21.118311999999996
ID_O0ALWo_K,-1027.3799999999999
ID_O0ALWo_Ca,-13544.803999999998
ID_O0ALWo_Mg,-2536.3672
ID_O0ALWo_S,-10.122823999999998
ID_O0ALWo_Fe,-458.1182719999999
ID_O0ALWo_Mn,-351.59504
ID_O0ALWo_Zn,-7.885880000000002
ID_O0ALWo_Cu,-6.566743999999999
ID_O0ALWo_B,-1.5089679999999994
ID_KdPMJj_N,-4485.952
ID_KdPMJj_P,-20.422432000000008
ID_KdPMJj_K,-891.5552000000002
ID_KdPMJj_Ca,-7607.987200000002
ID_KdPMJj_Mg,-1128.5536
ID_KdPMJj_S,-8.314784000000003
ID_KdPMJj_Fe,-520.6549760000001
ID_KdPMJj_Mn,-314.8867200000001
ID_KdPMJj_Zn,-9.698816000000003
ID_KdPMJj_Cu,-5.484224000000002
ID_KdPMJj_B,-1.2024000000000008
ID_441oec_N,-4558.650000000001
ID_441oec_P,2.2259499999999974
ID_441oec_K,-826.8759999999999
ID_441oec_Ca,-7295.996999999999
ID_441oec_Mg,-1152.396
ID_441oec_S,-12.869669999999992
ID_441oec_Fe,-591.54913
ID_441oec_Mn,-332.5503
ID_441oec_Zn,-7.58399
ID_441oec_Cu,-5.99183
ID_441oec_B,-1.0058300000000004
ID_pfURU3_N,-4400.756
ID_pfURU3_P,-29.687774000000005
ID_pfURU3_K,-975.3068000000001
ID_pfURU3_Ca,-10670.965799999998
ID_pfURU3_Mg,-1602.0838000000003
ID_pfURU3_S,-8.771946
ID_pfURU3_Fe,-521.1004960000001
ID_pfURU3_Mn,-369.8324600000001
ID_pfURU3_Zn,-9.525343999999999
ID_pfURU3_Cu,-5.909974
ID_pfURU3_B,-1.3729060000000004
ID_la7irk_N,-4160.911999999999
ID_la7irk_P,8.496719999999996
ID_la7irk_K,-835.1447999999999
ID_la7irk_Ca,-8686.143999999998
ID_la7irk_Mg,-1817.2136
ID_la7irk_S,-12.285064000000002
ID_la7irk_Fe,-524.1055680000001
ID_la7irk_Mn,-297.63416000000007
ID_la7irk_Zn,-6.421728
ID_la7irk_Cu,-6.201576
ID_la7irk_B,-0.8169120000000001
ID_vN23Ha_N,-4779.656
ID_vN23Ha_P,7.608856000000003
ID_vN23Ha_K,-573.2864
ID_vN23Ha_Ca,-4671.1287999999995
ID_vN23Ha_Mg,-948.7216000000001
ID_vN23Ha_S,-15.730959999999989
ID_vN23Ha_Fe,-517.9274079999999
ID_vN23Ha_Mn,-313.88344
ID_vN23Ha_Zn,-5.757048000000001
ID_vN23Ha_Cu,-5.267543999999999
ID_vN23Ha_B,-0.6749280000000003
ID_PfG4FS_N,-4245.443200000001
ID_PfG4FS_P,7.716447999999993
ID_PfG4FS_K,-910.6624000000002
ID_PfG4FS_Ca,-12772.912000000002
ID_PfG4FS_Mg,-2249.3376000000003
ID_PfG4FS_S,-7.228384000000002
ID_PfG4FS_Fe,-478.2844800000001
ID_PfG4FS_Mn,-295.36512
ID_PfG4FS_Zn,-5.314240000000001
ID_PfG4FS_Cu,-6.018016000000002
ID_PfG4FS_B,-0.9792960000000007
ID_o4sKCK_N,-5257.634
ID_o4sKCK_P,12.045297999999995
ID_o4sKCK_K,-807.9422
ID_o4sKCK_Ca,-6432.0684
ID_o4sKCK_Mg,-1111.2262000000003
ID_o4sKCK_S,-14.749548
ID_o4sKCK_Fe,-501.102484
ID_o4sKCK_Mn,-336.3690800000001
ID_o4sKCK_Zn,-6.120722000000001
ID_o4sKCK_Cu,-6.536464000000002
ID_o4sKCK_B,-0.7571380000000003
ID_BmtqPJ_N,-4108.54
ID_BmtqPJ_P,24.261329999999997
ID_BmtqPJ_K,-788.098
ID_BmtqPJ_Ca,-7577.954
ID_BmtqPJ_Mg,-1745.405
ID_BmtqPJ_S,-11.396519999999992
ID_BmtqPJ_Fe,-431.3973700000001
ID_BmtqPJ_Mn,-301.55320000000006
ID_BmtqPJ_Zn,-4.4051599999999995
ID_BmtqPJ_Cu,-6.102690000000003
ID_BmtqPJ_B,-0.7997500000000005
ID_5OzRwg_N,-3757.0400000000004
ID_5OzRwg_P,-58.86775999999999
ID_5OzRwg_K,-594.0080000000002
ID_5OzRwg_Ca,-8581.632
ID_5OzRwg_Mg,-1259.032
ID_5OzRwg_S,-12.786960000000011
ID_5OzRwg_Fe,-591.02008
ID_5OzRwg_Mn,-445.3640000000001
ID_5OzRwg_Zn,-10.551200000000001
ID_5OzRwg_Cu,-5.770480000000002
ID_5OzRwg_B,-1.3199200000000009
ID_LdwtzJ_N,-4147.764
ID_LdwtzJ_P,-70.61556000000002
ID_LdwtzJ_K,-1138.62
ID_LdwtzJ_Ca,-10615.2924
ID_LdwtzJ_Mg,-1370.2636000000002
ID_LdwtzJ_S,-11.291548000000006
ID_LdwtzJ_Fe,-494.06226399999997
ID_LdwtzJ_Mn,-429.67460000000005
ID_LdwtzJ_Zn,-9.775847999999996
ID_LdwtzJ_Cu,-6.313364
ID_LdwtzJ_B,-1.709351999999999
ID_MtUgj2_N,-3966.988
ID_MtUgj2_P,-20.363607999999992
ID_MtUgj2_K,-872.5064000000001
ID_MtUgj2_Ca,-8117.02
ID_MtUgj2_Mg,-1200.9571999999998
ID_MtUgj2_S,-10.140811999999997
ID_MtUgj2_Fe,-519.5530960000002
ID_MtUgj2_Mn,-368.56712000000005
ID_MtUgj2_Zn,-9.085076000000003
ID_MtUgj2_Cu,-6.035827999999999
ID_MtUgj2_B,-1.2732240000000004
ID_3bNO91_N,-4039.9119999999994
ID_3bNO91_P,-32.401731999999996
ID_3bNO91_K,-970.1632
ID_3bNO91_Ca,-10589.851600000002
ID_3bNO91_Mg,-2013.2927999999997
ID_3bNO91_S,-9.181236000000009
ID_3bNO91_Fe,-488.0598399999999
ID_3bNO91_Mn,-385.73612
ID_3bNO91_Zn,-7.956759999999997
ID_3bNO91_Cu,-6.121495999999998
ID_3bNO91_B,-1.3916960000000003
ID_JBMynH_N,-4125.107999999999
ID_JBMynH_P,-46.26673199999999
ID_JBMynH_K,-1099.3024
ID_JBMynH_Ca,-11057.391199999998
ID_JBMynH_Mg,-1724.5468
ID_JBMynH_S,-10.462244000000009
ID_JBMynH_Fe,-481.727016
ID_JBMynH_Mn,-390.68976
ID_JBMynH_Zn,-8.834443999999998
ID_JBMynH_Cu,-6.582167999999998
ID_JBMynH_B,-1.6553079999999996
ID_xbIfzR_N,-3326.8379999999997
ID_xbIfzR_P,-40.656914
ID_xbIfzR_K,-1910.9682000000003
ID_xbIfzR_Ca,-12127.9516
ID_xbIfzR_Mg,-1628.0592
ID_xbIfzR_S,-6.335832
ID_xbIfzR_Fe,-334.97543199999984
ID_xbIfzR_Mn,-512.42112
ID_xbIfzR_Zn,-8.260545999999994
ID_xbIfzR_Cu,-6.868149999999999
ID_xbIfzR_B,-1.6075420000000002
ID_LKzZym_N,-3603.752
ID_LKzZym_P,-49.84055599999999
ID_LKzZym_K,-1507.2356
ID_LKzZym_Ca,-12466.962599999999
ID_LKzZym_Mg,-1863.9766
ID_LKzZym_S,-7.275750000000002
ID_LKzZym_Fe,-477.65137599999997
ID_LKzZym_Mn,-418.23068000000006
ID_LKzZym_Zn,-7.506859999999996
ID_LKzZym_Cu,-7.257111999999997
ID_LKzZym_B,-1.6092459999999997
ID_B9DlgP_N,-4657.76
ID_B9DlgP_P,4.454388000000002
ID_B9DlgP_K,-882.1351999999999
ID_B9DlgP_Ca,-7930.815999999999
ID_B9DlgP_Mg,-1622.7363999999998
ID_B9DlgP_S,-13.343095999999992
ID_B9DlgP_Fe,-542.718384
ID_B9DlgP_Mn,-313.63576
ID_B9DlgP_Zn,-5.763612
ID_B9DlgP_Cu,-6.013172
ID_B9DlgP_B,-0.8727319999999995
ID_VLIKUo_N,-4777.148
ID_VLIKUo_P,16.474504000000007
ID_VLIKUo_K,-506.96479999999997
ID_VLIKUo_Ca,-5479.152
ID_VLIKUo_Mg,-759.448
ID_VLIKUo_S,-13.045571999999996
ID_VLIKUo_Fe,-432.34003600000005
ID_VLIKUo_Mn,-289.2033200000001
ID_VLIKUo_Zn,-5.161376
ID_VLIKUo_Cu,-5.202460000000001
ID_VLIKUo_B,-0.6803800000000002
ID_ChSZJp_N,-4861.726000000001
ID_ChSZJp_P,-1.072966000000008
ID_ChSZJp_K,-792.2653999999999
ID_ChSZJp_Ca,-7591.4706
ID_ChSZJp_Mg,-1720.1220000000003
ID_ChSZJp_S,-13.249312000000003
ID_ChSZJp_Fe,-444.51629999999994
ID_ChSZJp_Mn,-304.2078200000001
ID_ChSZJp_Zn,-5.165031999999998
ID_ChSZJp_Cu,-6.120798000000003
ID_ChSZJp_B,-0.8475860000000001
ID_ourSbJ_N,-3231.0879999999997
ID_ourSbJ_P,-49.887404000000004
ID_ourSbJ_K,-1511.9668000000001
ID_ourSbJ_Ca,-11747.628800000002
ID_ourSbJ_Mg,-1820.6091999999999
ID_ourSbJ_S,-8.802707999999999
ID_ourSbJ_Fe,-441.5207599999999
ID_ourSbJ_Mn,-428.56420000000014
ID_ourSbJ_Zn,-9.681347999999995
ID_ourSbJ_Cu,-7.731219999999998
ID_ourSbJ_B,-1.8439399999999997
ID_AoRm5b_N,-4499.972
ID_AoRm5b_P,-10.207273999999984
ID_AoRm5b_K,-959.8861999999999
ID_AoRm5b_Ca,-13152.722999999998
ID_AoRm5b_Mg,-2284.8489999999997
ID_AoRm5b_S,-8.687472000000003
ID_AoRm5b_Fe,-505.076878
ID_AoRm5b_Mn,-336.46873999999997
ID_AoRm5b_Zn,-5.56817
ID_AoRm5b_Cu,-6.6381820000000005
ID_AoRm5b_B,-0.9802540000000001
ID_dAORkL_N,-3561.6299999999997
ID_dAORkL_P,-26.54908399999998
ID_dAORkL_K,-1204.5686000000003
ID_dAORkL_Ca,-15030.028400000003
ID_dAORkL_Mg,-2229.6045999999997
ID_dAORkL_S,-8.156457999999997
ID_dAORkL_Fe,-447.16597999999993
ID_dAORkL_Mn,-355.3338400000001
ID_dAORkL_Zn,-8.053284
ID_dAORkL_Cu,-8.190451999999999
ID_dAORkL_B,-1.6738219999999993
ID_UmE87T_N,-3507.496
ID_UmE87T_P,-28.621483999999995
ID_UmE87T_K,-1537.5307999999998
ID_UmE87T_Ca,-17581.7764
ID_UmE87T_Mg,-2589.534
ID_UmE87T_S,-5.344819999999995
ID_UmE87T_Fe,-434.984384
ID_UmE87T_Mn,-348.0681599999999
ID_UmE87T_Zn,-6.916943999999999
ID_UmE87T_Cu,-8.119943999999997
ID_UmE87T_B,-1.5165399999999998
ID_j9Vq3x_N,-3424.7799999999997
ID_j9Vq3x_P,-16.07756
ID_j9Vq3x_K,-1981.5195999999996
ID_j9Vq3x_Ca,-21392.9346
ID_j9Vq3x_Mg,-2231.4610000000002
ID_j9Vq3x_S,-6.111800000000002
ID_j9Vq3x_Fe,-435.78006000000005
ID_j9Vq3x_Mn,-459.08518
ID_j9Vq3x_Zn,-6.527704000000002
ID_j9Vq3x_Cu,-7.056143999999996
ID_j9Vq3x_B,-1.6852460000000011
ID_ITjY69_N,-5177.6
ID_ITjY69_P,-2.308400000000006
ID_ITjY69_K,-792.4879999999999
ID_ITjY69_Ca,-7293.527999999998
ID_ITjY69_Mg,-1502.6319999999998
ID_ITjY69_S,-9.838560000000001
ID_ITjY69_Fe,-571.0192000000001
ID_ITjY69_Mn,-315.97040000000004
ID_ITjY69_Zn,-5.963120000000002
ID_ITjY69_Cu,-5.9752
ID_ITjY69_B,-1.1579200000000003
ID_qmGbGu_N,-4814.224
ID_qmGbGu_P,19.424661999999994
ID_qmGbGu_K,-870.9164
ID_qmGbGu_Ca,-7806.2285999999995
ID_qmGbGu_Mg,-1539.238
ID_qmGbGu_S,-12.804597999999999
ID_qmGbGu_Fe,-524.191586
ID_qmGbGu_Mn,-323.24430000000007
ID_qmGbGu_Zn,-5.310334
ID_qmGbGu_Cu,-6.4004540000000025
ID_qmGbGu_B,-0.8753320000000003
ID_sapIkq_N,-3370.0760000000005
ID_sapIkq_P,-10.800229999999999
ID_sapIkq_K,-1570.8128
ID_sapIkq_Ca,-19335.0636
ID_sapIkq_Mg,-2639.5750000000003
ID_sapIkq_S,-7.403988000000002
ID_sapIkq_Fe,-481.0643080000001
ID_sapIkq_Mn,-355.06262
ID_sapIkq_Zn,-6.695870000000001
ID_sapIkq_Cu,-8.115291999999991
ID_sapIkq_B,-1.4412639999999999
ID_jPvKGG_N,-4665.95
ID_jPvKGG_P,6.761871999999997
ID_jPvKGG_K,-801.3728
ID_jPvKGG_Ca,-8930.231199999998
ID_jPvKGG_Mg,-1989.2008000000003
ID_jPvKGG_S,-10.950101999999998
ID_jPvKGG_Fe,-563.8454800000001
ID_jPvKGG_Mn,-317.55372000000006
ID_jPvKGG_Zn,-5.292483999999999
ID_jPvKGG_Cu,-6.385936000000001
ID_jPvKGG_B,-0.9207900000000001
ID_KQAZep_N,-4442.824
ID_KQAZep_P,-7.014066
ID_KQAZep_K,-1019.3824000000002
ID_KQAZep_Ca,-11517.315600000002
ID_KQAZep_Mg,-2241.5352
ID_KQAZep_S,-10.68048199999999
ID_KQAZep_Fe,-431.079008
ID_KQAZep_Mn,-310.42238000000003
ID_KQAZep_Zn,-5.071136
ID_KQAZep_Cu,-6.768632000000004
ID_KQAZep_B,-1.0264240000000011
ID_kSP0JS_N,-4422.714
ID_kSP0JS_P,1.0698640000000097
ID_kSP0JS_K,-1034.5176
ID_kSP0JS_Ca,-12520.8658
ID_kSP0JS_Mg,-2395.5858000000003
ID_kSP0JS_S,-10.480052
ID_kSP0JS_Fe,-433.882486
ID_kSP0JS_Mn,-323.74172000000004
ID_kSP0JS_Zn,-4.868843999999998
ID_kSP0JS_Cu,-6.568958000000002
ID_kSP0JS_B,-1.157362000000001
ID_xjXlHV_N,-5126.240000000001
ID_xjXlHV_P,-10.364480000000015
ID_xjXlHV_K,-813.3679999999999
ID_xjXlHV_Ca,-7147.68
ID_xjXlHV_Mg,-1556.392
ID_xjXlHV_S,-14.11007999999999
ID_xjXlHV_Fe,-534.8557600000001
ID_xjXlHV_Mn,-313.2368000000001
ID_xjXlHV_Zn,-6.606319999999998
ID_xjXlHV_Cu,-6.501040000000002
ID_xjXlHV_B,-0.8401599999999998
ID_c8CSlv_N,-4093.514
ID_c8CSlv_P,-57.021314000000004
ID_c8CSlv_K,-1010.7344
ID_c8CSlv_Ca,-8779.8948
ID_c8CSlv_Mg,-1290.9808
ID_c8CSlv_S,-9.170916000000005
ID_c8CSlv_Fe,-480.6596799999999
ID_c8CSlv_Mn,-342.48488
ID_c8CSlv_Zn,-8.396996000000001
ID_c8CSlv_Cu,-6.817426000000002
ID_c8CSlv_B,-1.4463820000000007
ID_G8vBmt_N,-3790.75
ID_G8vBmt_P,-43.113000000000014
ID_G8vBmt_K,-2227.975
ID_G8vBmt_Ca,-26261.625
ID_G8vBmt_Mg,-1462.275
ID_G8vBmt_S,-11.46875
ID_G8vBmt_Fe,-196.76600000000002
ID_G8vBmt_Mn,-527.8125
ID_G8vBmt_Zn,-8.736249999999997
ID_G8vBmt_Cu,-7.5455
ID_G8vBmt_B,-1.9197499999999992
ID_2Ut6du_N,-4304.106
ID_2Ut6du_P,4.719400000000007
ID_2Ut6du_K,-910.7870000000001
ID_2Ut6du_Ca,-8833.931
ID_2Ut6du_Mg,-1884.173
ID_2Ut6du_S,-10.598888000000002
ID_2Ut6du_Fe,-540.7668620000001
ID_2Ut6du_Mn,-330.76012000000003
ID_2Ut6du_Zn,-7.787944000000001
ID_2Ut6du_Cu,-7.155077999999999
ID_2Ut6du_B,-1.0368380000000001
ID_VUWXMy_N,-4003.8199999999997
ID_VUWXMy_P,-38.325379999999996
ID_VUWXMy_K,-1249.4540000000002
ID_VUWXMy_Ca,-11064.710400000002
ID_VUWXMy_Mg,-1593.4096000000002
ID_VUWXMy_S,-7.902960000000007
ID_VUWXMy_Fe,-492.16340800000006
ID_VUWXMy_Mn,-375.50084000000004
ID_VUWXMy_Zn,-6.738404000000003
ID_VUWXMy_Cu,-7.244835999999999
ID_VUWXMy_B,-1.7258320000000003
ID_bRMzEI_N,-4851.5
ID_bRMzEI_P,-44.20299999999999
ID_bRMzEI_K,-1054.3500000000001
ID_bRMzEI_Ca,-9408.575
ID_bRMzEI_Mg,-1291.5
ID_bRMzEI_S,-9.295750000000005
ID_bRMzEI_Fe,-546.6377500000001
ID_bRMzEI_Mn,-372.0850000000001
ID_bRMzEI_Zn,-7.645749999999998
ID_bRMzEI_Cu,-6.3012500000000005
ID_bRMzEI_B,-1.34725
ID_gEzfUC_N,-4926.25
ID_gEzfUC_P,-40.58224999999999
ID_gEzfUC_K,-948.6750000000001
ID_gEzfUC_Ca,-7142.85
ID_gEzfUC_Mg,-1634.325
ID_gEzfUC_S,-15.568750000000009
ID_gEzfUC_Fe,-495.66399999999993
ID_gEzfUC_Mn,-364.13250000000005
ID_gEzfUC_Zn,-6.063250000000001
ID_gEzfUC_Cu,-6.451500000000005
ID_gEzfUC_B,-0.9075000000000006
ID_gpzc7p_N,-4385.665400000001
ID_gpzc7p_P,-17.128166000000014
ID_gpzc7p_K,-1050.7694000000001
ID_gpzc7p_Ca,-14149.568399999998
ID_gpzc7p_Mg,-2571.2776000000003
ID_gpzc7p_S,-11.360610000000008
ID_gpzc7p_Fe,-505.712824
ID_gpzc7p_Mn,-371.04002000000014
ID_gpzc7p_Zn,-5.3683640000000015
ID_gpzc7p_Cu,-7.213630000000001
ID_gpzc7p_B,-1.150144
ID_KUNbjY_N,-4748.414
ID_KUNbjY_P,-3.2797640000000072
ID_KUNbjY_K,-859.8728000000001
ID_KUNbjY_Ca,-7436.019
ID_KUNbjY_Mg,-963.7984000000001
ID_KUNbjY_S,-13.656570000000006
ID_KUNbjY_Fe,-587.9395000000001
ID_KUNbjY_Mn,-343.4219
ID_KUNbjY_Zn,-5.712362000000001
ID_KUNbjY_Cu,-5.552218000000002
ID_KUNbjY_B,-0.8348740000000004
ID_efJsUG_N,-4550.240000000001
ID_efJsUG_P,-0.6555199999999886
ID_efJsUG_K,-880.7120000000001
ID_efJsUG_Ca,-7074.552
ID_efJsUG_Mg,-1288.2160000000003
ID_efJsUG_S,-13.431600000000003
ID_efJsUG_Fe,-477.09616
ID_efJsUG_Mn,-344.1152000000001
ID_efJsUG_Zn,-5.21984
ID_efJsUG_Cu,-6.073600000000002
ID_efJsUG_B,-0.9325600000000002
ID_62qiTW_N,-3526.18
ID_62qiTW_P,-14.492289999999983
ID_62qiTW_K,-1101.358
ID_62qiTW_Ca,-10740.684000000001
ID_62qiTW_Mg,-1541.74
ID_62qiTW_S,-6.234170000000002
ID_62qiTW_Fe,-498.86074
ID_62qiTW_Mn,-328.8358
ID_62qiTW_Zn,-4.921280000000003
ID_62qiTW_Cu,-6.553029999999997
ID_62qiTW_B,-1.4071800000000005
ID_gwQr5u_N,-3383.36
ID_gwQr5u_P,-15.942368000000002
ID_gwQr5u_K,-1577.5285999999999
ID_gwQr5u_Ca,-18246.218399999998
ID_gwQr5u_Mg,-2824.0012000000006
ID_gwQr5u_S,-7.633013999999992
ID_gwQr5u_Fe,-459.19294
ID_gwQr5u_Mn,-367.07234000000005
ID_gwQr5u_Zn,-5.178296
ID_gwQr5u_Cu,-7.622061999999997
ID_gwQr5u_B,-1.6299460000000001
ID_AaE4tk_N,-4971.482
ID_AaE4tk_P,-35.124764
ID_AaE4tk_K,-665.8652
ID_AaE4tk_Ca,-8039.4954
ID_AaE4tk_Mg,-2057.0968000000003
ID_AaE4tk_S,-12.754860000000004
ID_AaE4tk_Fe,-416.64898000000005
ID_AaE4tk_Mn,-298.29398000000003
ID_AaE4tk_Zn,-4.484984000000001
ID_AaE4tk_Cu,-6.155674000000002
ID_AaE4tk_B,-0.8786979999999998
ID_elpxuz_N,-3369.4
ID_elpxuz_P,-63.00136000000005
ID_elpxuz_K,-1734.8620000000003
ID_elpxuz_Ca,-23967.450000000004
ID_elpxuz_Mg,-879.4360000000001
ID_elpxuz_S,-11.017500000000013
ID_elpxuz_Fe,-172.89681999999996
ID_elpxuz_Mn,-534.2066
ID_elpxuz_Zn,-9.608679999999994
ID_elpxuz_Cu,-4.668160000000002
ID_elpxuz_B,-2.40886
ID_kzdByk_N,-4213.408
ID_kzdByk_P,-37.73427199999999
ID_kzdByk_K,-1148.562
ID_kzdByk_Ca,-10325.465600000001
ID_kzdByk_Mg,-1845.7926
ID_kzdByk_S,-10.998954000000005
ID_kzdByk_Fe,-507.647808
ID_kzdByk_Mn,-355.5941
ID_kzdByk_Zn,-5.504316000000002
ID_kzdByk_Cu,-7.422273999999999
ID_kzdByk_B,-1.6839380000000006
ID_kNT4WL_N,-5060.772000000001
ID_kNT4WL_P,-50.01861600000001
ID_kNT4WL_K,-1020.769
ID_kNT4WL_Ca,-10369.208600000002
ID_kNT4WL_Mg,-1576.1218
ID_kNT4WL_S,-10.185122000000007
ID_kNT4WL_Fe,-585.2049240000002
ID_kNT4WL_Mn,-365.61400000000003
ID_kNT4WL_Zn,-5.585002000000001
ID_kNT4WL_Cu,-6.194450000000001
ID_kNT4WL_B,-1.3040460000000007
ID_i7EMPJ_N,-4535.824
ID_i7EMPJ_P,13.150175999999988
ID_i7EMPJ_K,-658.2216000000001
ID_i7EMPJ_Ca,-5929.032800000001
ID_i7EMPJ_Mg,-1029.5736
ID_i7EMPJ_S,-13.178031999999988
ID_i7EMPJ_Fe,-427.17156000000006
ID_i7EMPJ_Mn,-287.92032000000006
ID_i7EMPJ_Zn,-4.646231999999998
ID_i7EMPJ_Cu,-5.39816
ID_i7EMPJ_B,-0.7016080000000003
ID_SwnaQP_N,-5130.14
ID_SwnaQP_P,-4.031264000000007
ID_SwnaQP_K,-957.0376000000001
ID_SwnaQP_Ca,-10046.5828
ID_SwnaQP_Mg,-1456.2196000000004
ID_SwnaQP_S,-10.700295999999998
ID_SwnaQP_Fe,-537.9546840000002
ID_SwnaQP_Mn,-340.3826
ID_SwnaQP_Zn,-5.051692000000001
ID_SwnaQP_Cu,-5.390528000000003
ID_SwnaQP_B,-0.9918920000000006
ID_366Cb6_N,-5312.036
ID_366Cb6_P,20.736508000000004
ID_366Cb6_K,-868.1168
ID_366Cb6_Ca,-6521.3171999999995
ID_366Cb6_Mg,-1335.3076
ID_366Cb6_S,-10.370447999999996
ID_366Cb6_Fe,-414.28904800000004
ID_366Cb6_Mn,-299.0096
ID_366Cb6_Zn,-7.7336719999999985
ID_366Cb6_Cu,-5.4464200000000025
ID_366Cb6_B,-0.9131680000000001
ID_VRfRjK_N,-4597.148
ID_VRfRjK_P,-88.591328
ID_VRfRjK_K,-1213.6706000000001
ID_VRfRjK_Ca,-11356.331400000003
ID_VRfRjK_Mg,-1547.2498
ID_VRfRjK_S,-11.436204000000007
ID_VRfRjK_Fe,-521.788546
ID_VRfRjK_Mn,-395.25590000000005
ID_VRfRjK_Zn,-10.075573999999998
ID_VRfRjK_Cu,-7.978341999999999
ID_VRfRjK_B,-1.8996339999999998
ID_cFehxo_N,-3967.81
ID_cFehxo_P,-33.436479999999975
ID_cFehxo_K,-1556.8614
ID_cFehxo_Ca,-12263.566
ID_cFehxo_Mg,-1702.7408
ID_cFehxo_S,-8.998942
ID_cFehxo_Fe,-485.5477700000001
ID_cFehxo_Mn,-384.7021000000001
ID_cFehxo_Zn,-5.093512000000002
ID_cFehxo_Cu,-9.532771999999996
ID_cFehxo_B,-1.8130620000000008
ID_YmVCLU_N,-3875.6360000000004
ID_YmVCLU_P,-40.40727800000002
ID_YmVCLU_K,-2613.6392000000005
ID_YmVCLU_Ca,-20504.287400000005
ID_YmVCLU_Mg,-1976.6260000000002
ID_YmVCLU_S,-10.027460000000001
ID_YmVCLU_Fe,-273.71997999999996
ID_YmVCLU_Mn,-450.4912800000001
ID_YmVCLU_Zn,-5.745398
ID_YmVCLU_Cu,-8.577201999999998
ID_YmVCLU_B,-1.7769460000000006
ID_7eGk1s_N,-3628.0879999999997
ID_7eGk1s_P,-45.04949600000002
ID_7eGk1s_K,-1678.7108
ID_7eGk1s_Ca,-17071.079999999998
ID_7eGk1s_Mg,-2382.5728
ID_7eGk1s_S,-11.051196000000001
ID_7eGk1s_Fe,-387.8029
ID_7eGk1s_Mn,-375.54368000000005
ID_7eGk1s_Zn,-5.223631999999997
ID_7eGk1s_Cu,-8.727099999999997
ID_7eGk1s_B,-1.6656039999999992
ID_HfPYIx_N,-4284.72
ID_HfPYIx_P,-3.104069999999993
ID_HfPYIx_K,-874.118
ID_HfPYIx_Ca,-7852.090999999999
ID_HfPYIx_Mg,-1957.9019999999998
ID_HfPYIx_S,-10.24974
ID_HfPYIx_Fe,-411.04122
ID_HfPYIx_Mn,-317.1840000000001
ID_HfPYIx_Zn,-4.334319999999999
ID_HfPYIx_Cu,-6.675160000000003
ID_HfPYIx_B,-0.9975500000000012
ID_wEzqu4_N,-4695.8438
ID_wEzqu4_P,-15.245204000000015
ID_wEzqu4_K,-1075.7624
ID_wEzqu4_Ca,-14383.600199999999
ID_wEzqu4_Mg,-2588.7514
ID_wEzqu4_S,-11.598288
ID_wEzqu4_Fe,-428.74871799999994
ID_wEzqu4_Mn,-321.1810400000001
ID_wEzqu4_Zn,-4.723688000000001
ID_wEzqu4_Cu,-7.194760000000001
ID_wEzqu4_B,-1.1443420000000006
ID_vEHb6K_N,-3635.0660000000007
ID_vEHb6K_P,-56.06733200000001
ID_vEHb6K_K,-2355.7076
ID_vEHb6K_Ca,-27971.841000000004
ID_vEHb6K_Mg,-1144.099
ID_vEHb6K_S,-9.955025999999997
ID_vEHb6K_Fe,-192.8873079999999
ID_vEHb6K_Mn,-560.54876
ID_vEHb6K_Zn,-8.67644
ID_vEHb6K_Cu,-6.328690000000001
ID_vEHb6K_B,-2.5647579999999994
ID_MAPz5z_N,-3433.852
ID_MAPz5z_P,-76.055184
ID_MAPz5z_K,-2276.7360000000003
ID_MAPz5z_Ca,-27181.2632
ID_MAPz5z_Mg,-1093.8064000000002
ID_MAPz5z_S,-10.567803999999999
ID_MAPz5z_Fe,-155.95926399999993
ID_MAPz5z_Mn,-387.80644
ID_MAPz5z_Zn,-8.143659999999999
ID_MAPz5z_Cu,-6.197680000000001
ID_MAPz5z_B,-2.0625639999999996
ID_UHElYg_N,-3440.0
ID_UHElYg_P,-20.891249999999992
ID_UHElYg_K,-2451.6000000000004
ID_UHElYg_Ca,-30441.15
ID_UHElYg_Mg,-1719.3000000000002
ID_UHElYg_S,-9.217000000000002
ID_UHElYg_Fe,-142.89724999999999
ID_UHElYg_Mn,-419.95750000000004
ID_UHElYg_Zn,-6.735500000000002
ID_UHElYg_Cu,-8.536749999999994
ID_UHElYg_B,-2.8222499999999986
ID_diwyop_N,-4589.184
ID_diwyop_P,-10.774823999999995
ID_diwyop_K,-870.1768000000001
ID_diwyop_Ca,-8512.445600000001
ID_diwyop_Mg,-1455.8968
ID_diwyop_S,-8.40092
ID_diwyop_Fe,-502.64
ID_diwyop_Mn,-300.6664
ID_diwyop_Zn,-5.139463999999998
ID_diwyop_Cu,-5.454304000000002
ID_diwyop_B,-1.0407920000000002
ID_BFbL4A_N,-4967.344
ID_BFbL4A_P,10.299823999999994
ID_BFbL4A_K,-816.8168000000001
ID_BFbL4A_Ca,-6528.8688
ID_BFbL4A_Mg,-1070.1968
ID_BFbL4A_S,-10.707927999999992
ID_BFbL4A_Fe,-549.1597120000002
ID_BFbL4A_Mn,-295.56239999999997
ID_BFbL4A_Zn,-6.729823999999999
ID_BFbL4A_Cu,-5.079856000000002
ID_BFbL4A_B,-0.8394160000000003
ID_oMk8v2_N,-3297.428
ID_oMk8v2_P,-50.29438400000002
ID_oMk8v2_K,-2015.7775999999994
ID_oMk8v2_Ca,-19181.632800000003
ID_oMk8v2_Mg,-2378.7952
ID_oMk8v2_S,-8.419224
ID_oMk8v2_Fe,-329.958916
ID_oMk8v2_Mn,-393.8963600000001
ID_oMk8v2_Zn,-4.812991999999996
ID_oMk8v2_Cu,-6.899691999999999
ID_oMk8v2_B,-1.5809800000000003
ID_EmaOFE_N,-5307.276
ID_EmaOFE_P,9.122072000000014
ID_EmaOFE_K,-812.9924
ID_EmaOFE_Ca,-6280.020799999999
ID_EmaOFE_Mg,-893.853
ID_EmaOFE_S,-10.161786000000003
ID_EmaOFE_Fe,-439.6333199999999
ID_EmaOFE_Mn,-292.6677600000001
ID_EmaOFE_Zn,-7.282644000000002
ID_EmaOFE_Cu,-4.6354960000000025
ID_EmaOFE_B,-0.8545100000000003
ID_XnpLO9_N,-4228.764
ID_XnpLO9_P,-81.246002
ID_XnpLO9_K,-2399.6650000000004
ID_XnpLO9_Ca,-30197.8052
ID_XnpLO9_Mg,-1441.3578000000002
ID_XnpLO9_S,-11.518691999999998
ID_XnpLO9_Fe,-143.237906
ID_XnpLO9_Mn,-479.52374
ID_XnpLO9_Zn,-8.928247999999998
ID_XnpLO9_Cu,-9.180647999999996
ID_XnpLO9_B,-2.3303999999999996
ID_KuY4WL_N,-3506.96
ID_KuY4WL_P,-37.02535999999999
ID_KuY4WL_K,-1853.2640000000001
ID_KuY4WL_Ca,-16385.832000000002
ID_KuY4WL_Mg,-1978.4560000000001
ID_KuY4WL_S,-8.40288
ID_KuY4WL_Fe,-450.44848
ID_KuY4WL_Mn,-420.5336000000001
ID_KuY4WL_Zn,-5.299999999999999
ID_KuY4WL_Cu,-5.9512
ID_KuY4WL_B,-1.70104
ID_CZuWIt_N,-3445.0400000000004
ID_CZuWIt_P,-74.82440000000003
ID_CZuWIt_K,-2105.24
ID_CZuWIt_Ca,-28311.456000000002
ID_CZuWIt_Mg,-1587.592
ID_CZuWIt_S,-11.816640000000003
ID_CZuWIt_Fe,-146.14984
ID_CZuWIt_Mn,-430.3064
ID_CZuWIt_Zn,-6.078080000000003
ID_CZuWIt_Cu,-5.960800000000002
ID_CZuWIt_B,-2.5244799999999987
ID_lJ5FgG_N,-3393.2000000000003
ID_lJ5FgG_P,-60.235040000000026
ID_lJ5FgG_K,-2325.824
ID_lJ5FgG_Ca,-31307.304
ID_lJ5FgG_Mg,-1871.8719999999998
ID_lJ5FgG_S,-12.836879999999997
ID_lJ5FgG_Fe,-129.63424
ID_lJ5FgG_Mn,-370.34240000000005
ID_lJ5FgG_Zn,-4.827440000000001
ID_lJ5FgG_Cu,-6.2192799999999995
ID_lJ5FgG_B,-2.979279999999999
ID_IR3bKu_N,-3438.464
ID_IR3bKu_P,-41.82338400000002
ID_IR3bKu_K,-1651.0656000000004
ID_IR3bKu_Ca,-18640.328
ID_IR3bKu_Mg,-2547.6648000000005
ID_IR3bKu_S,-9.219375999999997
ID_IR3bKu_Fe,-488.74927199999996
ID_IR3bKu_Mn,-395.39064000000013
ID_IR3bKu_Zn,-6.698503999999998
ID_IR3bKu_Cu,-6.572632000000003
ID_IR3bKu_B,-1.7068399999999997
ID_IIMgl5_N,-4280.544000000001
ID_IIMgl5_P,-24.501248000000018
ID_IIMgl5_K,-841.3792
ID_IIMgl5_Ca,-10925.091200000003
ID_IIMgl5_Mg,-2162.0224000000003
ID_IIMgl5_S,-9.22556800000001
ID_IIMgl5_Fe,-432.15952000000016
ID_IIMgl5_Mn,-288.4166400000001
ID_IIMgl5_Zn,-4.898272
ID_IIMgl5_Cu,-4.981567999999998
ID_IIMgl5_B,-0.8912640000000006
ID_OtI45Q_N,-3403.168
ID_OtI45Q_P,-75.15064600000001
ID_OtI45Q_K,-2136.8958000000002
ID_OtI45Q_Ca,-21796.7194
ID_OtI45Q_Mg,-2156.9182000000005
ID_OtI45Q_S,-7.2509139999999945
ID_OtI45Q_Fe,-292.31498400000015
ID_OtI45Q_Mn,-495.2302
ID_OtI45Q_Zn,-7.757464000000002
ID_OtI45Q_Cu,-10.194187999999993
ID_OtI45Q_B,-1.7851219999999999
ID_6YoQE4_N,-3405.2540000000004
ID_6YoQE4_P,-48.598868000000024
ID_6YoQE4_K,-2253.2906
ID_6YoQE4_Ca,-37871.3604
ID_6YoQE4_Mg,-1884.5025999999998
ID_6YoQE4_S,-33.69548400000001
ID_6YoQE4_Fe,-95.03864799999998
ID_6YoQE4_Mn,-409.13588
ID_6YoQE4_Zn,-5.734256000000001
ID_6YoQE4_Cu,-7.212963999999997
ID_6YoQE4_B,-2.8520740000000004
ID_VWDVah_N,-3500.234
ID_VWDVah_P,-64.93168400000002
ID_VWDVah_K,-2054.973
ID_VWDVah_Ca,-30273.598199999997
ID_VWDVah_Mg,-1240.2602
ID_VWDVah_S,-17.775195999999994
ID_VWDVah_Fe,-134.46178600000002
ID_VWDVah_Mn,-462.98644
ID_VWDVah_Zn,-14.573023999999995
ID_VWDVah_Cu,-5.75562
ID_VWDVah_B,-2.7862479999999987
ID_XWV6ye_N,-3759.1040000000003
ID_XWV6ye_P,-60.72027200000002
ID_XWV6ye_K,-2322.4616
ID_XWV6ye_Ca,-30019.471199999996
ID_XWV6ye_Mg,-1162.8584
ID_XWV6ye_S,-20.460783999999983
ID_XWV6ye_Fe,-139.666896
ID_XWV6ye_Mn,-493.9562
ID_XWV6ye_Zn,-14.562079999999998
ID_XWV6ye_Cu,-5.730908000000002
ID_XWV6ye_B,-2.9312039999999993
ID_edTgTR_N,-3700.3
ID_edTgTR_P,-57.12322400000005
ID_edTgTR_K,-2246.7239999999997
ID_edTgTR_Ca,-29551.039999999997
ID_edTgTR_Mg,-1484.1576
ID_edTgTR_S,-14.080428000000001
ID_edTgTR_Fe,-131.66271999999998
ID_edTgTR_Mn,-528.22844
ID_edTgTR_Zn,-9.119904
ID_edTgTR_Cu,-6.0893440000000005
ID_edTgTR_B,-2.808471999999998
ID_PSsNTe_N,-3137.096
ID_PSsNTe_P,-52.958455999999984
ID_PSsNTe_K,-2255.7039999999997
ID_PSsNTe_Ca,-32887.52559999999
ID_PSsNTe_Mg,-1231.8544
ID_PSsNTe_S,-10.311903999999998
ID_PSsNTe_Fe,-110.10017599999998
ID_PSsNTe_Mn,-381.85479999999995
ID_PSsNTe_Zn,-6.197616000000002
ID_PSsNTe_Cu,-5.958208000000002
ID_PSsNTe_B,-2.8121119999999995
ID_eAFwI7_N,-3463.874
ID_eAFwI7_P,-51.600528
ID_eAFwI7_K,-1932.7052
ID_eAFwI7_Ca,-30383.9768
ID_eAFwI7_Mg,-1243.1786000000002
ID_eAFwI7_S,-11.227538000000003
ID_eAFwI7_Fe,-136.26602000000003
ID_eAFwI7_Mn,-502.1872600000001
ID_eAFwI7_Zn,-10.729263999999999
ID_eAFwI7_Cu,-6.909968000000002
ID_eAFwI7_B,-2.8097579999999986
ID_R80cpU_N,-3573.8
ID_R80cpU_P,-36.691159999999996
ID_R80cpU_K,-2195.128
ID_R80cpU_Ca,-21169.940000000002
ID_R80cpU_Mg,-2004.6340000000005
ID_R80cpU_S,-8.045739999999999
ID_R80cpU_Fe,-213.68907999999993
ID_R80cpU_Mn,-533.5074000000001
ID_R80cpU_Zn,-8.017759999999999
ID_R80cpU_Cu,-10.373939999999997
ID_R80cpU_B,-1.8960000000000006
ID_Lhlypb_N,-3561.464
ID_Lhlypb_P,-41.93471200000002
ID_Lhlypb_K,-2248.5784
ID_Lhlypb_Ca,-29917.991599999998
ID_Lhlypb_Mg,-1352.2512000000002
ID_Lhlypb_S,-9.839708000000002
ID_Lhlypb_Fe,-129.730484
ID_Lhlypb_Mn,-498.23352
ID_Lhlypb_Zn,-6.372708000000001
ID_Lhlypb_Cu,-8.044759999999998
ID_Lhlypb_B,-2.854099999999999
ID_pyyrD7_N,-3562.956
ID_pyyrD7_P,-42.057672000000025
ID_pyyrD7_K,-2017.2008
ID_pyyrD7_Ca,-28137.6316
ID_pyyrD7_Mg,-1169.1916
ID_pyyrD7_S,-14.959932000000009
ID_pyyrD7_Fe,-137.34354399999998
ID_pyyrD7_Mn,-515.6777200000001
ID_pyyrD7_Zn,-10.398887999999998
ID_pyyrD7_Cu,-5.442052000000003
ID_pyyrD7_B,-2.7354799999999986
ID_aGQvrC_N,-3343.384
ID_aGQvrC_P,-42.808291999999994
ID_aGQvrC_K,-2132.9827999999993
ID_aGQvrC_Ca,-28504.660200000002
ID_aGQvrC_Mg,-1195.09
ID_aGQvrC_S,-16.14469000000001
ID_aGQvrC_Fe,-133.74425599999998
ID_aGQvrC_Mn,-513.0493000000001
ID_aGQvrC_Zn,-9.977990000000004
ID_aGQvrC_Cu,-5.589588000000001
ID_aGQvrC_B,-2.6886539999999988
ID_MmPPW8_N,-3336.56
ID_MmPPW8_P,-29.216719999999995
ID_MmPPW8_K,-2265.6560000000004
ID_MmPPW8_Ca,-31582.44
ID_MmPPW8_Mg,-2077.8880000000004
ID_MmPPW8_S,-10.595279999999999
ID_MmPPW8_Fe,-125.23216000000004
ID_MmPPW8_Mn,-371.96959999999996
ID_MmPPW8_Zn,-4.923919999999999
ID_MmPPW8_Cu,-9.486639999999996
ID_MmPPW8_B,-2.4928
ID_wCVVRL_N,-3169.112
ID_wCVVRL_P,-42.963904000000014
ID_wCVVRL_K,-1960.4144000000001
ID_wCVVRL_Ca,-34801.1148
ID_wCVVRL_Mg,-1411.5431999999998
ID_wCVVRL_S,-13.581691999999993
ID_wCVVRL_Fe,-111.772572
ID_wCVVRL_Mn,-434.72764
ID_wCVVRL_Zn,-21.496804
ID_wCVVRL_Cu,-10.029455999999993
ID_wCVVRL_B,-2.1921279999999985
ID_IeSToR_N,-3379.25
ID_IeSToR_P,-45.1465
ID_IeSToR_K,-1938.8500000000001
ID_IeSToR_Ca,-34768.6
ID_IeSToR_Mg,-1427.5
ID_IeSToR_S,-11.699000000000009
ID_IeSToR_Fe,-121.69499999999996
ID_IeSToR_Mn,-459.5350000000001
ID_IeSToR_Zn,-11.256000000000004
ID_IeSToR_Cu,-8.703499999999996
ID_IeSToR_B,-2.8224999999999985
ID_bIIs2x_N,-4993.436000000001
ID_bIIs2x_P,-66.195122
ID_bIIs2x_K,-987.1724000000002
ID_bIIs2x_Ca,-9687.7422
ID_bIIs2x_Mg,-1416.8824
ID_bIIs2x_S,-10.659108000000007
ID_bIIs2x_Fe,-600.9045040000002
ID_bIIs2x_Mn,-388.4705
ID_bIIs2x_Zn,-6.624049999999999
ID_bIIs2x_Cu,-6.302374
ID_bIIs2x_B,-1.3046860000000005
ID_LbXH9a_N,-5157.728
ID_LbXH9a_P,-9.403843999999992
ID_LbXH9a_K,-950.1032000000001
ID_LbXH9a_Ca,-10171.572
ID_LbXH9a_Mg,-1450.45
ID_LbXH9a_S,-12.168816000000007
ID_LbXH9a_Fe,-562.8877120000003
ID_LbXH9a_Mn,-334.42988
ID_LbXH9a_Zn,-5.629856000000001
ID_LbXH9a_Cu,-5.619688000000003
ID_LbXH9a_B,-1.1331280000000001
ID_XeV6iB_N,-6712.036
ID_XeV6iB_P,-20.645255999999996
ID_XeV6iB_K,-1083.26
ID_XeV6iB_Ca,-10123.015800000001
ID_XeV6iB_Mg,-1785.0919999999999
ID_XeV6iB_S,-11.631733999999994
ID_XeV6iB_Fe,-498.66442
ID_XeV6iB_Mn,-266.26948
ID_XeV6iB_Zn,-6.838055999999995
ID_XeV6iB_Cu,-7.374588
ID_XeV6iB_B,-0.8579580000000006
ID_VnazM5_N,-6464.6720000000005
ID_VnazM5_P,15.419599999999996
ID_VnazM5_K,-945.9016
ID_VnazM5_Ca,-3359.5399999999995
ID_VnazM5_Mg,-507.57359999999994
ID_VnazM5_S,-26.089527999999994
ID_VnazM5_Fe,-557.3293600000002
ID_VnazM5_Mn,-254.75128000000004
ID_VnazM5_Zn,-6.582736
ID_VnazM5_Cu,-6.637968
ID_VnazM5_B,-0.4245999999999999
ID_xcy8eg_N,-5393.296
ID_xcy8eg_P,29.828888000000006
ID_xcy8eg_K,-814.3575999999999
ID_xcy8eg_Ca,-3010.4727999999996
ID_xcy8eg_Mg,-478.03999999999996
ID_xcy8eg_S,-28.908559999999994
ID_xcy8eg_Fe,-486.5113600000001
ID_xcy8eg_Mn,-207.93367999999995
ID_xcy8eg_Zn,-3.809872
ID_xcy8eg_Cu,-6.348431999999995
ID_xcy8eg_B,-0.44223200000000024
ID_FNw5cU_N,-5764.096000000001
ID_FNw5cU_P,9.063136
ID_FNw5cU_K,-905.9360000000001
ID_FNw5cU_Ca,-4207.264000000001
ID_FNw5cU_Mg,-765.6736000000001
ID_FNw5cU_S,-21.62441599999999
ID_FNw5cU_Fe,-432.56608
ID_FNw5cU_Mn,-235.66016000000005
ID_FNw5cU_Zn,-5.994304000000003
ID_FNw5cU_Cu,-6.203487999999999
ID_FNw5cU_B,-0.6108160000000005
ID_pX4rdM_N,-6218.900000000001
ID_pX4rdM_P,24.386009999999995
ID_pX4rdM_K,-953.1216
ID_pX4rdM_Ca,-4911.4822
ID_pX4rdM_Mg,-1041.7228000000002
ID_pX4rdM_S,-18.518501999999984
ID_pX4rdM_Fe,-446.13782000000003
ID_pX4rdM_Mn,-226.89952
ID_pX4rdM_Zn,-7.384265999999998
ID_pX4rdM_Cu,-7.5038219999999995
ID_pX4rdM_B,-0.49453200000000025
ID_wGvZTN_N,-6310.16
ID_wGvZTN_P,18.51285600000001
ID_wGvZTN_K,-1006.0824
ID_wGvZTN_Ca,-3838.2024
ID_wGvZTN_Mg,-558.8919999999999
ID_wGvZTN_S,-20.480231999999994
ID_wGvZTN_Fe,-429.45791999999994
ID_wGvZTN_Mn,-179.71088
ID_wGvZTN_Zn,-6.395511999999999
ID_wGvZTN_Cu,-7.544624000000001
ID_wGvZTN_B,-0.4881679999999999
ID_00Mug5_N,-6581.54
ID_00Mug5_P,18.98569600000001
ID_00Mug5_K,-1082.528
ID_00Mug5_Ca,-3890.1972000000005
ID_00Mug5_Mg,-553.9744
ID_00Mug5_S,-19.693595999999985
ID_00Mug5_Fe,-433.32796
ID_00Mug5_Mn,-175.2968
ID_00Mug5_Zn,-6.95414
ID_00Mug5_Cu,-7.653232
ID_00Mug5_B,-0.5796039999999999
ID_z9ILUm_N,-5127.192
ID_z9ILUm_P,25.898808000000002
ID_z9ILUm_K,-1124.4488
ID_z9ILUm_Ca,-8695.215199999999
ID_z9ILUm_Mg,-1846.4687999999999
ID_z9ILUm_S,-10.714423999999994
ID_z9ILUm_Fe,-433.1374400000001
ID_z9ILUm_Mn,-293.04984
ID_z9ILUm_Zn,-6.353287999999999
ID_z9ILUm_Cu,-7.457855999999997
ID_z9ILUm_B,-0.7352480000000003
ID_PRBRj2_N,-5078.2080000000005
ID_PRBRj2_P,-140.7527680000001
ID_PRBRj2_K,-1502.8064000000004
ID_PRBRj2_Ca,-6047.894400000001
ID_PRBRj2_Mg,-937.7056000000001
ID_PRBRj2_S,-11.808512000000015
ID_PRBRj2_Fe,-447.71744
ID_PRBRj2_Mn,-383.97952000000004
ID_PRBRj2_Zn,-15.666848000000003
ID_PRBRj2_Cu,-5.475040000000001
ID_PRBRj2_B,-1.320672
ID_joxOD5_N,-7009.07
ID_joxOD5_P,-28.94687000000002
ID_joxOD5_K,-369.03799999999995
ID_joxOD5_Ca,-3386.4339999999997
ID_joxOD5_Mg,-505.0379999999999
ID_joxOD5_S,-12.960979999999992
ID_joxOD5_Fe,-526.5831
ID_joxOD5_Mn,-385.2916
ID_joxOD5_Zn,-12.875599999999997
ID_joxOD5_Cu,-5.879360000000001
ID_joxOD5_B,-0.7286800000000004
ID_DblGZY_N,-6696.04
ID_DblGZY_P,-71.30274999999997
ID_DblGZY_K,-949.374
ID_DblGZY_Ca,-7066.664000000001
ID_DblGZY_Mg,-772.873
ID_DblGZY_S,-11.85835999999999
ID_DblGZY_Fe,-395.05622
ID_DblGZY_Mn,-320.749
ID_DblGZY_Zn,-14.027900000000006
ID_DblGZY_Cu,-5.032040000000001
ID_DblGZY_B,-1.035960000000001
ID_EAQRqu_N,-6612.55
ID_EAQRqu_P,-73.06960999999997
ID_EAQRqu_K,-1279.861
ID_EAQRqu_Ca,-4848.843
ID_EAQRqu_Mg,-550.2789999999999
ID_EAQRqu_S,-11.638479999999987
ID_EAQRqu_Fe,-535.1515200000001
ID_EAQRqu_Mn,-286.778
ID_EAQRqu_Zn,-13.14033
ID_EAQRqu_Cu,-5.102190000000001
ID_EAQRqu_B,-1.1498100000000009
ID_S9WDYE_N,-6912.824
ID_S9WDYE_P,-59.64466399999995
ID_S9WDYE_K,-393.6944
ID_S9WDYE_Ca,-3081.39
ID_S9WDYE_Mg,-482.22279999999995
ID_S9WDYE_S,-13.090488000000008
ID_S9WDYE_Fe,-399.31264000000004
ID_S9WDYE_Mn,-296.22116
ID_S9WDYE_Zn,-12.433207999999999
ID_S9WDYE_Cu,-5.25262
ID_S9WDYE_B,-0.7485520000000004
ID_6FL0FS_N,-4985.798000000001
ID_6FL0FS_P,-163.09070600000007
ID_6FL0FS_K,-457.2236000000001
ID_6FL0FS_Ca,-3365.3748
ID_6FL0FS_Mg,-578.3464
ID_6FL0FS_S,-11.739348000000007
ID_6FL0FS_Fe,-436.4845
ID_6FL0FS_Mn,-380.78732
ID_6FL0FS_Zn,-12.085724000000004
ID_6FL0FS_Cu,-4.700428000000003
ID_6FL0FS_B,-0.9747220000000004
ID_KblaZT_N,-7003.84
ID_KblaZT_P,-11.730199999999996
ID_KblaZT_K,-372.212
ID_KblaZT_Ca,-3380.9303999999997
ID_KblaZT_Mg,-450.61760000000004
ID_KblaZT_S,-13.864983999999993
ID_KblaZT_Fe,-531.2688
ID_KblaZT_Mn,-293.02664000000004
ID_KblaZT_Zn,-11.977431999999999
ID_KblaZT_Cu,-5.3821520000000005
ID_KblaZT_B,-0.7023040000000003
ID_e9uCrO_N,-7141.896
ID_e9uCrO_P,-99.08825200000004
ID_e9uCrO_K,-423.7288000000001
ID_e9uCrO_Ca,-3626.7895999999996
ID_e9uCrO_Mg,-503.0344
ID_e9uCrO_S,-13.640219999999996
ID_e9uCrO_Fe,-462.1942399999999
ID_e9uCrO_Mn,-286.8828
ID_e9uCrO_Zn,-11.596352000000003
ID_e9uCrO_Cu,-5.1135399999999995
ID_e9uCrO_B,-0.7658240000000006
ID_XTcW7r_N,-5076.968
ID_XTcW7r_P,-249.40085599999998
ID_XTcW7r_K,-1668.7388
ID_XTcW7r_Ca,-6905.52
ID_XTcW7r_Mg,-924.6568
ID_XTcW7r_S,-12.22066800000001
ID_XTcW7r_Fe,-456.8917600000001
ID_XTcW7r_Mn,-282.03272
ID_XTcW7r_Zn,-15.906332
ID_XTcW7r_Cu,-5.621752
ID_XTcW7r_B,-1.5155439999999991
ID_EJkc3l_N,-6619.657999999999
ID_EJkc3l_P,-48.22542799999992
ID_EJkc3l_K,-372.9477999999999
ID_EJkc3l_Ca,-3351.8969999999995
ID_EJkc3l_Mg,-619.6472
ID_EJkc3l_S,-11.330883999999998
ID_EJkc3l_Fe,-428.88701999999995
ID_EJkc3l_Mn,-398.08094
ID_EJkc3l_Zn,-11.834509999999998
ID_EJkc3l_Cu,-4.809064000000001
ID_EJkc3l_B,-0.7256900000000003
ID_G15uRa_N,-5759.040000000001
ID_G15uRa_P,-206.06516
ID_G15uRa_K,-1269.5180000000003
ID_G15uRa_Ca,-6578.254000000001
ID_G15uRa_Mg,-942.1140000000001
ID_G15uRa_S,-11.063040000000008
ID_G15uRa_Fe,-393.62480000000005
ID_G15uRa_Mn,-392.7158000000001
ID_G15uRa_Zn,-14.480360000000003
ID_G15uRa_Cu,-5.5800600000000005
ID_G15uRa_B,-1.4182000000000001
ID_Q5ezGI_N,-5442.432000000001
ID_Q5ezGI_P,-266.225696
ID_Q5ezGI_K,-2119.3664000000003
ID_Q5ezGI_Ca,-7096.169600000001
ID_Q5ezGI_Mg,-981.9680000000001
ID_Q5ezGI_S,-11.675904000000006
ID_Q5ezGI_Fe,-372.03523200000006
ID_Q5ezGI_Mn,-491.7571200000001
ID_Q5ezGI_Zn,-20.037088000000004
ID_Q5ezGI_Cu,-5.537312000000003
ID_Q5ezGI_B,-1.7178239999999996
ID_71LJsu_N,-5170.094
ID_71LJsu_P,-253.13736799999987
ID_71LJsu_K,-1493.2749999999999
ID_71LJsu_Ca,-6871.1238
ID_71LJsu_Mg,-884.2027999999999
ID_71LJsu_S,-10.806112000000002
ID_71LJsu_Fe,-406.36159999999995
ID_71LJsu_Mn,-362.6916
ID_71LJsu_Zn,-15.620236000000004
ID_71LJsu_Cu,-4.668492000000001
ID_71LJsu_B,-1.433748
ID_UlzCR2_N,-5540.281999999999
ID_UlzCR2_P,-257.29079599999994
ID_UlzCR2_K,-2111.2268
ID_UlzCR2_Ca,-6767.5932
ID_UlzCR2_Mg,-918.3287999999999
ID_UlzCR2_S,-8.930537999999999
ID_UlzCR2_Fe,-383.48678400000006
ID_UlzCR2_Mn,-547.00816
ID_UlzCR2_Zn,-19.246406000000004
ID_UlzCR2_Cu,-5.189196000000002
ID_UlzCR2_B,-1.6287859999999998
ID_ThAWs7_N,-5433.2480000000005
ID_ThAWs7_P,-261.6993279999999
ID_ThAWs7_K,-1444.6560000000002
ID_ThAWs7_Ca,-6880.121600000002
ID_ThAWs7_Mg,-973.7248000000002
ID_ThAWs7_S,-13.533087999999996
ID_ThAWs7_Fe,-409.32160000000005
ID_ThAWs7_Mn,-401.0572800000001
ID_ThAWs7_Zn,-16.482208000000004
ID_ThAWs7_Cu,-6.082080000000003
ID_ThAWs7_B,-1.4803839999999997
ID_QeeckS_N,-5046.71
ID_QeeckS_P,-198.00330999999997
ID_QeeckS_K,-1969.3090000000002
ID_QeeckS_Ca,-6912.862999999999
ID_QeeckS_Mg,-908.573
ID_QeeckS_S,-11.049220000000012
ID_QeeckS_Fe,-438.67479999999995
ID_QeeckS_Mn,-489.7645
ID_QeeckS_Zn,-19.13344
ID_QeeckS_Cu,-5.586340000000001
ID_QeeckS_B,-1.4957299999999998
ID_aFbHjw_N,-6283.37
ID_aFbHjw_P,-204.30803400000005
ID_aFbHjw_K,-893.2901999999999
ID_aFbHjw_Ca,-6569.2104
ID_aFbHjw_Mg,-854.2577999999999
ID_aFbHjw_S,-14.337361999999999
ID_aFbHjw_Fe,-409.56176
ID_aFbHjw_Mn,-354.54656
ID_aFbHjw_Zn,-13.509170000000001
ID_aFbHjw_Cu,-4.842964000000002
ID_aFbHjw_B,-1.2567899999999996
ID_L6735S_N,-6718.48
ID_L6735S_P,-196.51773599999999
ID_L6735S_K,-1300.7688
ID_L6735S_Ca,-6494.092000000001
ID_L6735S_Mg,-909.3047999999999
ID_L6735S_S,-13.85129599999999
ID_L6735S_Fe,-428.85472
ID_L6735S_Mn,-386.12128000000007
ID_L6735S_Zn,-15.214064000000011
ID_L6735S_Cu,-5.158504000000002
ID_L6735S_B,-1.2043520000000008
ID_2r0k7D_N,-5643.14
ID_2r0k7D_P,-181.43079200000003
ID_2r0k7D_K,-1013.6888000000004
ID_2r0k7D_Ca,-6089.6256
ID_2r0k7D_Mg,-889.5904
ID_2r0k7D_S,-12.871103999999999
ID_2r0k7D_Fe,-397.09282
ID_2r0k7D_Mn,-346.3884200000001
ID_2r0k7D_Zn,-12.895136000000006
ID_2r0k7D_Cu,-5.013892000000003
ID_2r0k7D_B,-1.1161360000000002
ID_LikoJe_N,-5259.312000000001
ID_LikoJe_P,-363.079602
ID_LikoJe_K,-1738.8918000000003
ID_LikoJe_Ca,-6089.7546
ID_LikoJe_Mg,-991.1594000000001
ID_LikoJe_S,-12.786381999999989
ID_LikoJe_Fe,-392.70722200000006
ID_LikoJe_Mn,-414.0049200000002
ID_LikoJe_Zn,-18.813212000000007
ID_LikoJe_Cu,-5.530784000000003
ID_LikoJe_B,-1.6598580000000003
ID_32D9m2_N,-6503.268
ID_32D9m2_P,-196.989702
ID_32D9m2_K,-417.1308
ID_32D9m2_Ca,-3620.2719999999995
ID_32D9m2_Mg,-573.7466000000001
ID_32D9m2_S,-12.785646
ID_32D9m2_Fe,-422.64715999999993
ID_32D9m2_Mn,-367.4376
ID_32D9m2_Zn,-12.336229999999999
ID_32D9m2_Cu,-5.275301999999999
ID_32D9m2_B,-0.8127000000000002
ID_5mzf3D_N,-6830.129999999999
ID_5mzf3D_P,-72.44032999999996
ID_5mzf3D_K,-559.3629999999999
ID_5mzf3D_Ca,-3556.3120000000004
ID_5mzf3D_Mg,-556.535
ID_5mzf3D_S,-14.102469999999997
ID_5mzf3D_Fe,-396.2605
ID_5mzf3D_Mn,-356.44960000000003
ID_5mzf3D_Zn,-14.253530000000003
ID_5mzf3D_Cu,-5.059640000000001
ID_5mzf3D_B,-1.07092
ID_zBnbJZ_N,-6842.3679999999995
ID_zBnbJZ_P,-77.26207999999997
ID_zBnbJZ_K,-1320.1175999999998
ID_zBnbJZ_Ca,-6562.5552
ID_zBnbJZ_Mg,-870.1664
ID_zBnbJZ_S,-15.45743199999999
ID_zBnbJZ_Fe,-455.33056000000005
ID_zBnbJZ_Mn,-408.442
ID_zBnbJZ_Zn,-16.916479999999996
ID_zBnbJZ_Cu,-5.814136000000001
ID_zBnbJZ_B,-1.6379599999999994
ID_AEIlg9_N,-5095.2880000000005
ID_AEIlg9_P,-150.72682399999994
ID_AEIlg9_K,-1688.0192
ID_AEIlg9_Ca,-6465.4086
ID_AEIlg9_Mg,-940.4089999999999
ID_AEIlg9_S,-10.363152
ID_AEIlg9_Fe,-426.262934
ID_AEIlg9_Mn,-425.28456
ID_AEIlg9_Zn,-18.396872000000005
ID_AEIlg9_Cu,-5.6048100000000005
ID_AEIlg9_B,-1.666528
ID_ghYytC_N,-5034.16
ID_ghYytC_P,-110.01375200000004
ID_ghYytC_K,-1737.4391999999998
ID_ghYytC_Ca,-5166.356
ID_ghYytC_Mg,-959.0456
ID_ghYytC_S,-11.657736000000014
ID_ghYytC_Fe,-428.1139439999999
ID_ghYytC_Mn,-381.70400000000006
ID_ghYytC_Zn,-17.963264
ID_ghYytC_Cu,-5.808104
ID_ghYytC_B,-1.470688
ID_0gBkCc_N,-5014.04
ID_0gBkCc_P,-106.30395200000007
ID_0gBkCc_K,-1663.8596000000002
ID_0gBkCc_Ca,-5386.538400000001
ID_0gBkCc_Mg,-808.3996
ID_0gBkCc_S,-10.272863999999998
ID_0gBkCc_Fe,-487.4232400000001
ID_0gBkCc_Mn,-277.43623999999994
ID_0gBkCc_Zn,-16.334972000000004
ID_0gBkCc_Cu,-5.929324000000002
ID_0gBkCc_B,-1.235332
ID_VEPbLw_N,-5036.076
ID_VEPbLw_P,-229.95225399999998
ID_VEPbLw_K,-1304.4746
ID_VEPbLw_Ca,-7482.8153999999995
ID_VEPbLw_Mg,-956.7036
ID_VEPbLw_S,-15.08768199999999
ID_VEPbLw_Fe,-405.21804000000003
ID_VEPbLw_Mn,-392.5936600000001
ID_VEPbLw_Zn,-15.791317999999999
ID_VEPbLw_Cu,-5.76414
ID_VEPbLw_B,-1.4631279999999995
ID_VLPHUT_N,-5082.912
ID_VLPHUT_P,-101.02457600000002
ID_VLPHUT_K,-2021.0752000000002
ID_VLPHUT_Ca,-19345.699200000003
ID_VLPHUT_Mg,-935.5552000000002
ID_VLPHUT_S,-21.28057599999999
ID_VLPHUT_Fe,-243.71190400000006
ID_VLPHUT_Mn,-489.24832000000004
ID_VLPHUT_Zn,-19.312448000000007
ID_VLPHUT_Cu,-5.5229760000000025
ID_VLPHUT_B,-3.2309440000000014
ID_SfST3G_N,-4894.91
ID_SfST3G_P,-111.85106000000005
ID_SfST3G_K,-1646.7340000000002
ID_SfST3G_Ca,-6728.403
ID_SfST3G_Mg,-933.85
ID_SfST3G_S,-14.044510000000002
ID_SfST3G_Fe,-442.5825
ID_SfST3G_Mn,-410.4398
ID_SfST3G_Zn,-17.461109999999987
ID_SfST3G_Cu,-5.797480000000003
ID_SfST3G_B,-1.4283399999999995
ID_ztSgW9_N,-5076.610000000001
ID_ztSgW9_P,-119.00912000000005
ID_ztSgW9_K,-2070.762
ID_ztSgW9_Ca,-6720.836
ID_ztSgW9_Mg,-835.916
ID_ztSgW9_S,-12.405529999999999
ID_ztSgW9_Fe,-440.46765
ID_ztSgW9_Mn,-528.14
ID_ztSgW9_Zn,-20.116229999999998
ID_ztSgW9_Cu,-5.565640000000003
ID_ztSgW9_B,-1.5580600000000004
ID_aRxK2s_N,-4902.848
ID_aRxK2s_P,-105.79460000000009
ID_aRxK2s_K,-1307.2416
ID_aRxK2s_Ca,-6096.56
ID_aRxK2s_Mg,-879.748
ID_aRxK2s_S,-11.486288000000012
ID_aRxK2s_Fe,-564.306528
ID_aRxK2s_Mn,-360.46439999999996
ID_aRxK2s_Zn,-14.52827200000001
ID_aRxK2s_Cu,-5.313016
ID_aRxK2s_B,-1.2268560000000006
ID_UMp343_N,-6215.272
ID_UMp343_P,-2.8988879999999995
ID_UMp343_K,-830.5047999999999
ID_UMp343_Ca,-6114.9576
ID_UMp343_Mg,-700.6904000000001
ID_UMp343_S,-11.305791999999997
ID_UMp343_Fe,-586.9938080000001
ID_UMp343_Mn,-295.04736
ID_UMp343_Zn,-11.861431999999999
ID_UMp343_Cu,-5.273808000000005
ID_UMp343_B,-0.9134240000000009
ID_qPjdlx_N,-5368.736000000001
ID_qPjdlx_P,-229.44019200000002
ID_qPjdlx_K,-1378.1728000000003
ID_qPjdlx_Ca,-6248.5536
ID_qPjdlx_Mg,-902.9632000000001
ID_qPjdlx_S,-9.822752000000008
ID_qPjdlx_Fe,-415.71904000000006
ID_qPjdlx_Mn,-389.03072000000003
ID_qPjdlx_Zn,-15.279104000000007
ID_qPjdlx_Cu,-5.225056000000001
ID_qPjdlx_B,-1.374656
ID_CmZOly_N,-4922.080000000001
ID_CmZOly_P,-211.95475200000007
ID_CmZOly_K,-535.8656000000001
ID_CmZOly_Ca,-3482.4224000000004
ID_CmZOly_Mg,-627.9584000000002
ID_CmZOly_S,-12.088287999999999
ID_CmZOly_Fe,-448.52160000000003
ID_CmZOly_Mn,-401.36416000000014
ID_CmZOly_Zn,-11.282272000000003
ID_CmZOly_Cu,-5.414560000000001
ID_CmZOly_B,-0.9044800000000001
ID_pvX28R_N,-6590.956
ID_pvX28R_P,-100.81585400000003
ID_pvX28R_K,-380.63180000000006
ID_pvX28R_Ca,-4526.780599999999
ID_pvX28R_Mg,-567.5089999999999
ID_pvX28R_S,-12.597387999999995
ID_pvX28R_Fe,-562.12306
ID_pvX28R_Mn,-291.72986
ID_pvX28R_Zn,-11.586814000000002
ID_pvX28R_Cu,-5.402766000000002
ID_pvX28R_B,-0.7207180000000003
ID_goJ60H_N,-5617.5560000000005
ID_goJ60H_P,-246.400604
ID_goJ60H_K,-1726.2404
ID_goJ60H_Ca,-5734.284
ID_goJ60H_Mg,-890.7076
ID_goJ60H_S,-9.803868000000008
ID_goJ60H_Fe,-464.88088
ID_goJ60H_Mn,-449.0792
ID_goJ60H_Zn,-18.763400000000004
ID_goJ60H_Cu,-5.610124000000002
ID_goJ60H_B,-1.5597760000000005
ID_LHRcrA_N,-6382.584
ID_LHRcrA_P,-47.62291199999997
ID_LHRcrA_K,-382.7336
ID_LHRcrA_Ca,-4329.6633999999995
ID_LHRcrA_Mg,-752.151
ID_LHRcrA_S,-12.183130000000006
ID_LHRcrA_Fe,-466.54314000000005
ID_LHRcrA_Mn,-377.52172
ID_LHRcrA_Zn,-12.092602000000003
ID_LHRcrA_Cu,-4.9607100000000015
ID_LHRcrA_B,-0.7073840000000001
ID_wHizLh_N,-6667.9039999999995
ID_wHizLh_P,-37.48892799999999
ID_wHizLh_K,-391.51439999999997
ID_wHizLh_Ca,-4322.2008000000005
ID_wHizLh_Mg,-680.7384
ID_wHizLh_S,-13.774735999999997
ID_wHizLh_Fe,-449.59319999999997
ID_wHizLh_Mn,-425.1088800000001
ID_wHizLh_Zn,-12.394104
ID_wHizLh_Cu,-5.316728
ID_wHizLh_B,-0.8352400000000001
ID_jFfB56_N,-6721.394
ID_jFfB56_P,-26.400865999999994
ID_jFfB56_K,-389.0918000000001
ID_jFfB56_Ca,-3673.8216
ID_jFfB56_Mg,-642.7486000000001
ID_jFfB56_S,-13.564854000000011
ID_jFfB56_Fe,-443.9525800000001
ID_jFfB56_Mn,-327.7248800000001
ID_jFfB56_Zn,-15.287186
ID_jFfB56_Cu,-5.122450000000003
ID_jFfB56_B,-0.7451740000000006
ID_wywDOS_N,-6259.808000000001
ID_wywDOS_P,-131.89312000000007
ID_wywDOS_K,-551.7696000000001
ID_wywDOS_Ca,-4653.449600000001
ID_wywDOS_Mg,-706.9856000000001
ID_wywDOS_S,-14.27139200000001
ID_wywDOS_Fe,-446.4160000000001
ID_wywDOS_Mn,-377.9628800000001
ID_wywDOS_Zn,-11.653664
ID_wywDOS_Cu,-4.971936000000003
ID_wywDOS_B,-0.7895680000000007
ID_IH7zcG_N,-5321.240000000001
ID_IH7zcG_P,-162.35877200000004
ID_IH7zcG_K,-1940.9828000000002
ID_IH7zcG_Ca,-7712.8674
ID_IH7zcG_Mg,-907.1727999999999
ID_IH7zcG_S,-8.378046000000012
ID_IH7zcG_Fe,-318.62203600000015
ID_IH7zcG_Mn,-449.16110000000003
ID_IH7zcG_Zn,-18.390524
ID_IH7zcG_Cu,-4.634271999999999
ID_IH7zcG_B,-1.6131939999999998
ID_OUROVt_N,-6588.400000000001
ID_OUROVt_P,-112.94333000000006
ID_OUROVt_K,-1366.433
ID_OUROVt_Ca,-6351.41
ID_OUROVt_Mg,-975.963
ID_OUROVt_S,-13.028369999999999
ID_OUROVt_Fe,-464.6924
ID_OUROVt_Mn,-421.7949
ID_OUROVt_Zn,-15.171229999999994
ID_OUROVt_Cu,-6.285310000000003
ID_OUROVt_B,-1.3319699999999999
ID_r0kQai_N,-5399.709999999999
ID_r0kQai_P,-120.36191600000006
ID_r0kQai_K,-2118.3232000000003
ID_r0kQai_Ca,-13158.918399999999
ID_r0kQai_Mg,-999.5306
ID_r0kQai_S,-14.219163999999996
ID_r0kQai_Fe,-250.13909999999996
ID_r0kQai_Mn,-456.5403600000001
ID_r0kQai_Zn,-19.38178
ID_r0kQai_Cu,-5.322084
ID_r0kQai_B,-2.748164000000001
ID_THKPYz_N,-6310.49
ID_THKPYz_P,-143.26950200000007
ID_THKPYz_K,-402.8024
ID_THKPYz_Ca,-4447.8388
ID_THKPYz_Mg,-716.2395999999999
ID_THKPYz_S,-11.150987999999998
ID_THKPYz_Fe,-410.24879999999996
ID_THKPYz_Mn,-347.3213400000001
ID_THKPYz_Zn,-11.318552000000002
ID_THKPYz_Cu,-4.614252
ID_THKPYz_B,-0.7225260000000009
ID_wrvnc8_N,-6700.792
ID_wrvnc8_P,-103.64740800000004
ID_wrvnc8_K,-595.3318
ID_wrvnc8_Ca,-4636.5714
ID_wrvnc8_Mg,-672.0792000000001
ID_wrvnc8_S,-15.013554
ID_wrvnc8_Fe,-391.69193999999993
ID_wrvnc8_Mn,-362.71872
ID_wrvnc8_Zn,-12.282216000000004
ID_wrvnc8_Cu,-5.769564
ID_wrvnc8_B,-0.9012920000000006
ID_bwYnC8_N,-6560.336
ID_bwYnC8_P,-43.04193200000002
ID_bwYnC8_K,-1132.1864
ID_bwYnC8_Ca,-6649.111199999999
ID_bwYnC8_Mg,-857.7844
ID_bwYnC8_S,-13.990631999999994
ID_bwYnC8_Fe,-456.47224
ID_bwYnC8_Mn,-401.73728000000006
ID_bwYnC8_Zn,-15.552704
ID_bwYnC8_Cu,-5.382808000000003
ID_bwYnC8_B,-1.5552159999999995
ID_bkT2OA_N,-6448.192000000001
ID_bkT2OA_P,-25.36745599999999
ID_bkT2OA_K,-1048.2432000000001
ID_bkT2OA_Ca,-6094.464000000001
ID_bkT2OA_Mg,-736.0832000000001
ID_bkT2OA_S,-27.455583999999995
ID_bkT2OA_Fe,-408.5980800000001
ID_bkT2OA_Mn,-411.38144000000005
ID_bkT2OA_Zn,-14.201216000000006
ID_bkT2OA_Cu,-4.9455040000000015
ID_bkT2OA_B,-1.1938880000000014
ID_b062dn_N,-7141.507999999999
ID_b062dn_P,-117.22310000000007
ID_b062dn_K,-399.02959999999996
ID_b062dn_Ca,-3542.6567999999993
ID_b062dn_Mg,-517.4943999999999
ID_b062dn_S,-14.528255999999995
ID_b062dn_Fe,-400.03083999999996
ID_b062dn_Mn,-348.29407999999995
ID_b062dn_Zn,-12.986336
ID_b062dn_Cu,-5.734156000000001
ID_b062dn_B,-0.8233360000000003
ID_66dYaX_N,-6684.0560000000005
ID_66dYaX_P,-39.45695199999996
ID_66dYaX_K,-446.40840000000003
ID_66dYaX_Ca,-4492.650000000001
ID_66dYaX_Mg,-575.2976
ID_66dYaX_S,-14.467871999999996
ID_66dYaX_Fe,-543.00536
ID_66dYaX_Mn,-331.8927200000001
ID_66dYaX_Zn,-11.766508
ID_66dYaX_Cu,-5.193780000000002
ID_66dYaX_B,-0.7174440000000004
ID_PNaUT6_N,-6757.679999999999
ID_PNaUT6_P,-135.14385000000001
ID_PNaUT6_K,-915.0349999999999
ID_PNaUT6_Ca,-6834.571
ID_PNaUT6_Mg,-952.963
ID_PNaUT6_S,-13.505389999999991
ID_PNaUT6_Fe,-407.90539999999993
ID_PNaUT6_Mn,-314.05830000000003
ID_PNaUT6_Zn,-14.366230000000007
ID_PNaUT6_Cu,-6.3142900000000015
ID_PNaUT6_B,-1.1732700000000005
ID_m5we0e_N,-6520.779999999999
ID_m5we0e_P,-93.98052000000007
ID_m5we0e_K,-856.7069999999999
ID_m5we0e_Ca,-6749.171999999999
ID_m5we0e_Mg,-757.049
ID_m5we0e_S,-12.281559999999995
ID_m5we0e_Fe,-523.7794
ID_m5we0e_Mn,-313.43039999999996
ID_m5we0e_Zn,-13.281320000000006
ID_m5we0e_Cu,-5.55736
ID_m5we0e_B,-1.1574000000000004
ID_R8807T_N,-6868.079999999999
ID_R8807T_P,-71.5339
ID_R8807T_K,-371.77500000000003
ID_R8807T_Ca,-3754.8250000000003
ID_R8807T_Mg,-481.41700000000003
ID_R8807T_S,-14.005639999999989
ID_R8807T_Fe,-575.9342
ID_R8807T_Mn,-308.90630000000004
ID_R8807T_Zn,-12.177090000000005
ID_R8807T_Cu,-5.704790000000002
ID_R8807T_B,-0.7677800000000005
ID_efbMuo_N,-6434.048
ID_efbMuo_P,-77.97223199999996
ID_efbMuo_K,-389.612
ID_efbMuo_Ca,-4722.9112000000005
ID_efbMuo_Mg,-593.9472
ID_efbMuo_S,-13.795151999999998
ID_efbMuo_Fe,-597.00368
ID_efbMuo_Mn,-295.44176
ID_efbMuo_Zn,-11.618992000000004
ID_efbMuo_Cu,-5.156184000000002
ID_efbMuo_B,-0.6644880000000005
ID_gHZx1v_N,-6327.122000000001
ID_gHZx1v_P,-108.1854440000001
ID_gHZx1v_K,-547.6442000000001
ID_gHZx1v_Ca,-4611.4164
ID_gHZx1v_Mg,-547.8657999999999
ID_gHZx1v_S,-12.636006000000009
ID_gHZx1v_Fe,-420.492508
ID_gHZx1v_Mn,-281.46452000000005
ID_gHZx1v_Zn,-11.394194
ID_gHZx1v_Cu,-4.835626
ID_gHZx1v_B,-0.8268700000000005
ID_LFNuUO_N,-5585.792000000001
ID_LFNuUO_P,-228.667392
ID_LFNuUO_K,-2085.3184
ID_LFNuUO_Ca,-8217.0432
ID_LFNuUO_Mg,-820.3072000000001
ID_LFNuUO_S,-10.314208000000008
ID_LFNuUO_Fe,-311.86838400000005
ID_LFNuUO_Mn,-511.04128000000014
ID_LFNuUO_Zn,-18.480288000000012
ID_LFNuUO_Cu,-4.7056
ID_LFNuUO_B,-1.6244159999999999
ID_tE7Q51_N,-5394.048000000001
ID_tE7Q51_P,-234.39484800000008
ID_tE7Q51_K,-1633.4208000000003
ID_tE7Q51_Ca,-6328.947200000002
ID_tE7Q51_Mg,-920.8160000000003
ID_tE7Q51_S,-10.719200000000004
ID_tE7Q51_Fe,-424.32736000000006
ID_tE7Q51_Mn,-394.04160000000013
ID_tE7Q51_Zn,-16.331008000000008
ID_tE7Q51_Cu,-4.519904000000002
ID_tE7Q51_B,-1.4167680000000005
ID_sWW3Ah_N,-6412.24
ID_sWW3Ah_P,-90.43109600000005
ID_sWW3Ah_K,-1344.64
ID_sWW3Ah_Ca,-5775.8664
ID_sWW3Ah_Mg,-938.9776
ID_sWW3Ah_S,-12.585968000000005
ID_sWW3Ah_Fe,-428.22136
ID_sWW3Ah_Mn,-378.6462400000001
ID_sWW3Ah_Zn,-15.288535999999997
ID_sWW3Ah_Cu,-5.49212
ID_sWW3Ah_B,-1.283
ID_jgJ52I_N,-6227.299999999999
ID_jgJ52I_P,-57.59819999999999
ID_jgJ52I_K,-536.1329999999999
ID_jgJ52I_Ca,-4699.182
ID_jgJ52I_Mg,-598.165
ID_jgJ52I_S,-10.993099999999998
ID_jgJ52I_Fe,-538.9538800000001
ID_jgJ52I_Mn,-318.7687
ID_jgJ52I_Zn,-11.517449999999998
ID_jgJ52I_Cu,-5.127720000000003
ID_jgJ52I_B,-0.7240800000000005
ID_ENWzSg_N,-5378.599999999999
ID_ENWzSg_P,-332.8389699999999
ID_ENWzSg_K,-2051.971
ID_ENWzSg_Ca,-6730.427
ID_ENWzSg_Mg,-975.2959999999999
ID_ENWzSg_S,-12.009929999999994
ID_ENWzSg_Fe,-448.1277999999999
ID_ENWzSg_Mn,-468.0847000000001
ID_ENWzSg_Zn,-19.523980000000012
ID_ENWzSg_Cu,-6.375240000000001
ID_ENWzSg_B,-1.6307400000000003
ID_4Epfn2_N,-5357.540000000001
ID_4Epfn2_P,-245.32239999999996
ID_4Epfn2_K,-695.7360000000001
ID_4Epfn2_Ca,-4368.244000000001
ID_4Epfn2_Mg,-764.398
ID_4Epfn2_S,-12.44662
ID_4Epfn2_Fe,-462.14820000000003
ID_4Epfn2_Mn,-399.9714
ID_4Epfn2_Zn,-11.837720000000001
ID_4Epfn2_Cu,-5.241480000000002
ID_4Epfn2_B,-0.9656600000000003
ID_BcQnOi_N,-6936.057999999999
ID_BcQnOi_P,-85.98573399999998
ID_BcQnOi_K,-411.978
ID_BcQnOi_Ca,-4338.3418
ID_BcQnOi_Mg,-564.9778
ID_BcQnOi_S,-14.255549999999996
ID_BcQnOi_Fe,-409.50073999999995
ID_BcQnOi_Mn,-364.45892000000003
ID_BcQnOi_Zn,-12.761788
ID_BcQnOi_Cu,-5.640518
ID_BcQnOi_B,-0.7907780000000004
ID_vozq33_N,-6783.281999999999
ID_vozq33_P,1.165064000000008
ID_vozq33_K,-344.0198
ID_vozq33_Ca,-3254.2875999999997
ID_vozq33_Mg,-475.0524
ID_vozq33_S,-12.39737799999999
ID_vozq33_Fe,-528.158424
ID_vozq33_Mn,-358.10832000000005
ID_vozq33_Zn,-11.699588000000002
ID_vozq33_Cu,-4.709398
ID_vozq33_B,-0.6506579999999998
ID_vHWzDz_N,-6453.632
ID_vHWzDz_P,-54.120223999999936
ID_vHWzDz_K,-510.31640000000004
ID_vHWzDz_Ca,-3338.0951999999997
ID_vHWzDz_Mg,-542.4604
ID_vHWzDz_S,-12.006575999999992
ID_vHWzDz_Fe,-416.03507200000007
ID_vHWzDz_Mn,-359.45696
ID_vHWzDz_Zn,-13.844071999999997
ID_vHWzDz_Cu,-4.841308000000001
ID_vHWzDz_B,-1.0258000000000005
ID_JW3ZJz_N,-6539.428
ID_JW3ZJz_P,-23.517073999999994
ID_JW3ZJz_K,-463.4155999999999
ID_JW3ZJz_Ca,-3239.1456
ID_JW3ZJz_Mg,-534.4226
ID_JW3ZJz_S,-12.809827999999992
ID_JW3ZJz_Fe,-562.689416
ID_JW3ZJz_Mn,-366.96752000000004
ID_JW3ZJz_Zn,-12.590706000000003
ID_JW3ZJz_Cu,-4.803414000000001
ID_JW3ZJz_B,-0.9785840000000005
ID_SClbZh_N,-6205.4
ID_SClbZh_P,-42.792839999999956
ID_SClbZh_K,-936.7273999999998
ID_SClbZh_Ca,-6288.111599999999
ID_SClbZh_Mg,-853.9639999999999
ID_SClbZh_S,-12.625637999999991
ID_SClbZh_Fe,-393.53158
ID_SClbZh_Mn,-352.76342000000005
ID_SClbZh_Zn,-12.676359999999997
ID_SClbZh_Cu,-4.2463239999999995
ID_SClbZh_B,-0.9446840000000004
ID_4qY6X0_N,-5018.616
ID_4qY6X0_P,-104.06944800000011
ID_4qY6X0_K,-1710.8983999999998
ID_4qY6X0_Ca,-5416.823200000001
ID_4qY6X0_Mg,-854.9936
ID_4qY6X0_S,-11.366112000000008
ID_4qY6X0_Fe,-550.9894960000001
ID_4qY6X0_Mn,-407.05
ID_4qY6X0_Zn,-18.44884
ID_4qY6X0_Cu,-5.381456000000002
ID_4qY6X0_B,-1.509432
ID_4G42GA_N,-6075.902
ID_4G42GA_P,-68.12857000000002
ID_4G42GA_K,-416.8144
ID_4G42GA_Ca,-3697.8352
ID_4G42GA_Mg,-676.1246
ID_4G42GA_S,-12.325509999999998
ID_4G42GA_Fe,-421.68440000000004
ID_4G42GA_Mn,-383.63275999999996
ID_4G42GA_Zn,-10.743382000000002
ID_4G42GA_Cu,-4.557978
ID_4G42GA_B,-0.7010560000000002
ID_oAS7Fp_N,-5793.98
ID_oAS7Fp_P,-48.59162999999995
ID_oAS7Fp_K,-773.7689999999999
ID_oAS7Fp_Ca,-5958.041
ID_oAS7Fp_Mg,-1138.964
ID_oAS7Fp_S,-12.267529999999994
ID_oAS7Fp_Fe,-451.0695
ID_oAS7Fp_Mn,-392.5964
ID_oAS7Fp_Zn,-14.758839999999996
ID_oAS7Fp_Cu,-5.587490000000002
ID_oAS7Fp_B,-0.9129100000000007
ID_ZJet2c_N,-5918.972
ID_ZJet2c_P,-47.14775599999996
ID_ZJet2c_K,-466.42640000000006
ID_ZJet2c_Ca,-5035.6464000000005
ID_ZJet2c_Mg,-881.0859999999999
ID_ZJet2c_S,-12.904667999999994
ID_ZJet2c_Fe,-433.90479999999997
ID_ZJet2c_Mn,-383.6090000000001
ID_ZJet2c_Zn,-14.539016000000004
ID_ZJet2c_Cu,-5.591428000000001
ID_ZJet2c_B,-0.8126200000000006
ID_Zbn8dp_N,-6685.0
ID_Zbn8dp_P,-64.25624
ID_Zbn8dp_K,-1037.004
ID_Zbn8dp_Ca,-6361.99
ID_Zbn8dp_Mg,-743.479
ID_Zbn8dp_S,-12.463029999999996
ID_Zbn8dp_Fe,-403.56989999999996
ID_Zbn8dp_Mn,-343.4339000000001
ID_Zbn8dp_Zn,-12.513349999999997
ID_Zbn8dp_Cu,-5.34254
ID_Zbn8dp_B,-1.0815000000000008
ID_pB7y4Y_N,-6039.063999999999
ID_pB7y4Y_P,-33.29632000000001
ID_pB7y4Y_K,-388.92599999999993
ID_pB7y4Y_Ca,-4658.561199999999
ID_pB7y4Y_Mg,-715.4712
ID_pB7y4Y_S,-11.02601
ID_pB7y4Y_Fe,-437.37784000000005
ID_pB7y4Y_Mn,-346.51678000000004
ID_pB7y4Y_Zn,-12.527425999999997
ID_pB7y4Y_Cu,-5.332254000000001
ID_pB7y4Y_B,-0.7143900000000005
ID_Q4J5NU_N,-6545.304
ID_Q4J5NU_P,-205.65363799999992
ID_Q4J5NU_K,-394.80199999999996
ID_Q4J5NU_Ca,-3743.238599999999
ID_Q4J5NU_Mg,-591.4875999999999
ID_Q4J5NU_S,-13.895983999999995
ID_Q4J5NU_Fe,-405.87796
ID_Q4J5NU_Mn,-391.94052
ID_Q4J5NU_Zn,-12.018474000000003
ID_Q4J5NU_Cu,-5.156200000000001
ID_Q4J5NU_B,-0.7557480000000003
ID_QPIoW4_N,-4779.338000000001
ID_QPIoW4_P,-75.91685600000004
ID_QPIoW4_K,-1366.9352000000001
ID_QPIoW4_Ca,-5026.7562
ID_QPIoW4_Mg,-796.7944000000001
ID_QPIoW4_S,-10.784748
ID_QPIoW4_Fe,-425.2455280000001
ID_QPIoW4_Mn,-295.5482
ID_QPIoW4_Zn,-15.482102000000001
ID_QPIoW4_Cu,-4.472656000000001
ID_QPIoW4_B,-1.1623120000000005
ID_O8GnQl_N,-6719.5
ID_O8GnQl_P,-71.16544000000005
ID_O8GnQl_K,-373.06299999999993
ID_O8GnQl_Ca,-3556.197
ID_O8GnQl_Mg,-467.52500000000003
ID_O8GnQl_S,-13.39958999999999
ID_O8GnQl_Fe,-561.50492
ID_O8GnQl_Mn,-289.78640000000007
ID_O8GnQl_Zn,-11.69892
ID_O8GnQl_Cu,-5.381870000000001
ID_O8GnQl_B,-0.7473100000000004
ID_X6WDPd_N,-6363.344
ID_X6WDPd_P,-78.22119200000004
ID_X6WDPd_K,-1046.504
ID_X6WDPd_Ca,-5258.3112
ID_X6WDPd_Mg,-873.4024
ID_X6WDPd_S,-11.219748
ID_X6WDPd_Fe,-526.6925920000001
ID_X6WDPd_Mn,-300.4916
ID_X6WDPd_Zn,-14.978828000000005
ID_X6WDPd_Cu,-5.242132000000001
ID_X6WDPd_B,-1.3582240000000005
ID_xcNUjU_N,-6142.432000000001
ID_xcNUjU_P,-95.90281600000006
ID_xcNUjU_K,-385.2928000000001
ID_xcNUjU_Ca,-4413.0752
ID_xcNUjU_Mg,-574.6016
ID_xcNUjU_S,-12.671359999999993
ID_xcNUjU_Fe,-514.7875200000001
ID_xcNUjU_Mn,-307.45216000000005
ID_xcNUjU_Zn,-11.339168000000003
ID_xcNUjU_Cu,-4.996127999999999
ID_xcNUjU_B,-0.7066880000000004
ID_NZssz0_N,-6614.85
ID_NZssz0_P,-5.639820000000007
ID_NZssz0_K,-718.0169999999999
ID_NZssz0_Ca,-6387.013999999999
ID_NZssz0_Mg,-766.985
ID_NZssz0_S,-11.375820000000004
ID_NZssz0_Fe,-548.06832
ID_NZssz0_Mn,-358.71740000000005
ID_NZssz0_Zn,-13.41035
ID_NZssz0_Cu,-5.522860000000001
ID_NZssz0_B,-0.9731700000000004
ID_68Ad5e_N,-6551.9039999999995
ID_68Ad5e_P,-100.6544080000001
ID_68Ad5e_K,-362.6768
ID_68Ad5e_Ca,-4286.194399999999
ID_68Ad5e_Mg,-569.3552000000001
ID_68Ad5e_S,-13.658039999999996
ID_68Ad5e_Fe,-538.6542879999998
ID_68Ad5e_Mn,-337.4662400000001
ID_68Ad5e_Zn,-11.577696000000001
ID_68Ad5e_Cu,-5.355936000000002
ID_68Ad5e_B,-0.7835040000000003
ID_vyhRKD_N,-6599.552
ID_vyhRKD_P,11.394663999999988
ID_vyhRKD_K,-343.10119999999995
ID_vyhRKD_Ca,-3480.6635999999994
ID_vyhRKD_Mg,-529.7608
ID_vyhRKD_S,-13.88438399999999
ID_vyhRKD_Fe,-517.677928
ID_vyhRKD_Mn,-306.26456
ID_vyhRKD_Zn,-11.783408000000005
ID_vyhRKD_Cu,-5.028952000000003
ID_vyhRKD_B,-0.6413920000000002
ID_Ktsl38_N,-6836.567999999999
ID_Ktsl38_P,-57.09687200000002
ID_Ktsl38_K,-352.3296
ID_Ktsl38_Ca,-3308.1056
ID_Ktsl38_Mg,-477.87760000000003
ID_Ktsl38_S,-13.721375999999989
ID_Ktsl38_Fe,-557.072768
ID_Ktsl38_Mn,-353.458
ID_Ktsl38_Zn,-11.559832
ID_Ktsl38_Cu,-5.232048000000003
ID_Ktsl38_B,-0.7988160000000002
ID_BBeIw4_N,-6299.432000000001
ID_BBeIw4_P,-6.017719999999997
ID_BBeIw4_K,-322.9112
ID_BBeIw4_Ca,-4134.400800000001
ID_BBeIw4_Mg,-580.8808000000001
ID_BBeIw4_S,-12.069527999999995
ID_BBeIw4_Fe,-566.7054400000002
ID_BBeIw4_Mn,-285.47168000000005
ID_BBeIw4_Zn,-10.299992000000003
ID_BBeIw4_Cu,-4.713136000000003
ID_BBeIw4_B,-0.5587120000000004
ID_sZ4NhL_N,-6077.1500000000015
ID_sZ4NhL_P,-13.903376000000009
ID_sZ4NhL_K,-360.2762000000001
ID_sZ4NhL_Ca,-4222.5612
ID_sZ4NhL_Mg,-524.6224000000001
ID_sZ4NhL_S,-12.226193999999992
ID_sZ4NhL_Fe,-529.794208
ID_sZ4NhL_Mn,-317.8148000000001
ID_sZ4NhL_Zn,-10.764158000000005
ID_sZ4NhL_Cu,-4.944184000000003
ID_sZ4NhL_B,-0.6783520000000005
ID_ur9cuL_N,-4765.3240000000005
ID_ur9cuL_P,-74.30590199999997
ID_ur9cuL_K,-604.5724000000001
ID_ur9cuL_Ca,-4924.501
ID_ur9cuL_Mg,-829.2290000000002
ID_ur9cuL_S,-12.210425999999998
ID_ur9cuL_Fe,-408.19416
ID_ur9cuL_Mn,-393.06166
ID_ur9cuL_Zn,-12.551379999999998
ID_ur9cuL_Cu,-5.917734000000002
ID_ur9cuL_B,-0.9295580000000002
ID_B6HrlA_N,-4563.274
ID_B6HrlA_P,-82.26761600000005
ID_B6HrlA_K,-855.8522000000002
ID_B6HrlA_Ca,-5460.622
ID_B6HrlA_Mg,-817.1412
ID_B6HrlA_S,-8.897956
ID_B6HrlA_Fe,-350.69500000000005
ID_B6HrlA_Mn,-349.45148000000006
ID_B6HrlA_Zn,-14.616594000000001
ID_B6HrlA_Cu,-4.397576000000003
ID_B6HrlA_B,-1.1939419999999998
ID_vPEoeE_N,-4142.888000000001
ID_vPEoeE_P,-76.02504800000003
ID_vPEoeE_K,-744.4784000000001
ID_vPEoeE_Ca,-6337.946400000001
ID_vPEoeE_Mg,-904.9888000000001
ID_vPEoeE_S,-13.556904000000007
ID_vPEoeE_Fe,-358.6196800000001
ID_vPEoeE_Mn,-380.4641600000001
ID_vPEoeE_Zn,-15.445112000000007
ID_vPEoeE_Cu,-4.903000000000004
ID_vPEoeE_B,-1.0483840000000002
ID_XRaYH4_N,-5216.52
ID_XRaYH4_P,-79.48948000000001
ID_XRaYH4_K,-1508.2620000000004
ID_XRaYH4_Ca,-6384.236000000002
ID_XRaYH4_Mg,-809.6080000000001
ID_XRaYH4_S,-11.314280000000007
ID_XRaYH4_Fe,-438.7996
ID_XRaYH4_Mn,-403.6234000000001
ID_XRaYH4_Zn,-17.655400000000007
ID_XRaYH4_Cu,-5.3759
ID_XRaYH4_B,-1.5801200000000009
ID_zIN0aD_N,-4306.034000000001
ID_zIN0aD_P,-117.82246400000005
ID_zIN0aD_K,-874.0064000000001
ID_zIN0aD_Ca,-6201.669000000001
ID_zIN0aD_Mg,-941.7382000000002
ID_zIN0aD_S,-9.747119999999999
ID_zIN0aD_Fe,-382.39198000000005
ID_zIN0aD_Mn,-363.7244000000001
ID_zIN0aD_Zn,-14.44292
ID_zIN0aD_Cu,-4.838512000000003
ID_zIN0aD_B,-1.2253599999999993
ID_PEoDdq_N,-3683.1360000000004
ID_PEoDdq_P,-8.198304000000014
ID_PEoDdq_K,-512.8608
ID_PEoDdq_Ca,-6096.121600000001
ID_PEoDdq_Mg,-1060.4576000000002
ID_PEoDdq_S,-11.182431999999999
ID_PEoDdq_Fe,-408.23296000000005
ID_PEoDdq_Mn,-332.8425600000001
ID_PEoDdq_Zn,-7.452096000000003
ID_PEoDdq_Cu,-4.273728000000004
ID_PEoDdq_B,-0.6587519999999999
ID_KdVvs6_N,-5047.280000000001
ID_KdVvs6_P,-185.37116000000006
ID_KdVvs6_K,-1126.1720000000003
ID_KdVvs6_Ca,-5966.880000000001
ID_KdVvs6_Mg,-935.6176000000002
ID_KdVvs6_S,-10.864896000000005
ID_KdVvs6_Fe,-311.70448000000005
ID_KdVvs6_Mn,-478.8435200000001
ID_KdVvs6_Zn,-14.855432000000011
ID_KdVvs6_Cu,-5.587504000000003
ID_KdVvs6_B,-1.716904
ID_UpUPBz_N,-5470.674
ID_UpUPBz_P,-83.60211200000002
ID_UpUPBz_K,-1022.4266
ID_UpUPBz_Ca,-6354.826799999999
ID_UpUPBz_Mg,-898.1695999999998
ID_UpUPBz_S,-10.562483999999998
ID_UpUPBz_Fe,-416.396
ID_UpUPBz_Mn,-381.77504000000005
ID_UpUPBz_Zn,-14.063548000000003
ID_UpUPBz_Cu,-4.766575999999999
ID_UpUPBz_B,-1.3471900000000006
ID_MrWmeD_N,-5108.848
ID_MrWmeD_P,-203.538504
ID_MrWmeD_K,-1352.8386
ID_MrWmeD_Ca,-6435.3732
ID_MrWmeD_Mg,-939.2112
ID_MrWmeD_S,-11.460155999999984
ID_MrWmeD_Fe,-441.86619999999994
ID_MrWmeD_Mn,-395.27402
ID_MrWmeD_Zn,-16.308180000000007
ID_MrWmeD_Cu,-5.622212
ID_MrWmeD_B,-1.4014299999999995
ID_RCPloR_N,-4803.314000000001
ID_RCPloR_P,-163.99113800000012
ID_RCPloR_K,-1491.9434000000003
ID_RCPloR_Ca,-5668.447200000001
ID_RCPloR_Mg,-857.4448000000001
ID_RCPloR_S,-10.31854800000001
ID_RCPloR_Fe,-372.4552600000001
ID_RCPloR_Mn,-415.5503000000001
ID_RCPloR_Zn,-17.16841400000001
ID_RCPloR_Cu,-5.475208000000001
ID_RCPloR_B,-1.663810000000001
ID_I67jvO_N,-5133.03
ID_I67jvO_P,-113.219638
ID_I67jvO_K,-1874.8082
ID_I67jvO_Ca,-6142.793600000001
ID_I67jvO_Mg,-985.496
ID_I67jvO_S,-11.003636
ID_I67jvO_Fe,-396.18029999999993
ID_I67jvO_Mn,-460.9473600000002
ID_I67jvO_Zn,-19.387204000000008
ID_I67jvO_Cu,-5.6787120000000035
ID_I67jvO_B,-1.9447340000000009
ID_PpQOOY_N,-4774.256
ID_PpQOOY_P,-126.87036800000001
ID_PpQOOY_K,-1286.9408000000003
ID_PpQOOY_Ca,-5561.772000000001
ID_PpQOOY_Mg,-894.2968000000001
ID_PpQOOY_S,-10.786703999999997
ID_PpQOOY_Fe,-393.30496000000005
ID_PpQOOY_Mn,-371.3403200000001
ID_PpQOOY_Zn,-15.790064000000003
ID_PpQOOY_Cu,-4.625872000000002
ID_PpQOOY_B,-1.3423599999999996
ID_iw8DUY_N,-5142.536
ID_iw8DUY_P,-238.7966
ID_iw8DUY_K,-1548.3224
ID_iw8DUY_Ca,-6219.384000000001
ID_iw8DUY_Mg,-973.5688000000002
ID_iw8DUY_S,-10.297464000000012
ID_iw8DUY_Fe,-303.7405600000001
ID_iw8DUY_Mn,-535.7616800000001
ID_iw8DUY_Zn,-15.489392000000004
ID_iw8DUY_Cu,-5.145784000000003
ID_iw8DUY_B,-1.7590240000000001
ID_YSowcb_N,-4863.920000000001
ID_YSowcb_P,-193.48450400000002
ID_YSowcb_K,-1630.982
ID_YSowcb_Ca,-7014.277800000001
ID_YSowcb_Mg,-854.5588000000002
ID_YSowcb_S,-12.169806000000015
ID_YSowcb_Fe,-368.69236000000006
ID_YSowcb_Mn,-461.3311400000001
ID_YSowcb_Zn,-16.224914
ID_YSowcb_Cu,-5.580658000000004
ID_YSowcb_B,-1.4915380000000007
ID_eHdmT4_N,-5151.84
ID_eHdmT4_P,-130.15856
ID_eHdmT4_K,-1650.7560000000003
ID_eHdmT4_Ca,-5880.920000000001
ID_eHdmT4_Mg,-949.2200000000001
ID_eHdmT4_S,-10.011000000000006
ID_eHdmT4_Fe,-325.0596000000001
ID_eHdmT4_Mn,-440.33480000000014
ID_eHdmT4_Zn,-18.946800000000014
ID_eHdmT4_Cu,-5.342680000000003
ID_eHdmT4_B,-1.7847199999999999
ID_59UUDv_N,-4797.62
ID_59UUDv_P,-97.87258000000003
ID_59UUDv_K,-541.1469999999998
ID_59UUDv_Ca,-7011.670999999999
ID_59UUDv_Mg,-1164.195
ID_59UUDv_S,-13.03734
ID_59UUDv_Fe,-427.81419999999997
ID_59UUDv_Mn,-469.2186000000001
ID_59UUDv_Zn,-16.81964000000001
ID_59UUDv_Cu,-4.743390000000001
ID_59UUDv_B,-0.8029700000000007
ID_dzRpnQ_N,-4988.564
ID_dzRpnQ_P,-99.11674400000001
ID_dzRpnQ_K,-1083.3914
ID_dzRpnQ_Ca,-5973.041399999999
ID_dzRpnQ_Mg,-1147.7962
ID_dzRpnQ_S,-14.358695999999998
ID_dzRpnQ_Fe,-436.7051199999999
ID_dzRpnQ_Mn,-437.9615600000001
ID_dzRpnQ_Zn,-15.006560000000006
ID_dzRpnQ_Cu,-5.440804000000001
ID_dzRpnQ_B,-1.6235199999999992
ID_ruUUbH_N,-4739.3820000000005
ID_ruUUbH_P,-126.67473400000006
ID_ruUUbH_K,-1682.9966000000002
ID_ruUUbH_Ca,-6063.921600000001
ID_ruUUbH_Mg,-816.9338000000002
ID_ruUUbH_S,-8.507696000000003
ID_ruUUbH_Fe,-317.51924
ID_ruUUbH_Mn,-599.4793200000001
ID_ruUUbH_Zn,-14.506404000000002
ID_ruUUbH_Cu,-5.173700000000003
ID_ruUUbH_B,-1.5648100000000005
ID_j1xt01_N,-5020.166000000001
ID_j1xt01_P,-123.98832000000007
ID_j1xt01_K,-1637.9360000000001
ID_j1xt01_Ca,-5601.2166
ID_j1xt01_Mg,-901.5832
ID_j1xt01_S,-9.30296000000001
ID_j1xt01_Fe,-328.6743000000001
ID_j1xt01_Mn,-504.12394000000006
ID_j1xt01_Zn,-16.73676200000001
ID_j1xt01_Cu,-5.173482000000003
ID_j1xt01_B,-1.9356280000000003
ID_FHjjT5_N,-4097.536
ID_FHjjT5_P,-41.50688000000004
ID_FHjjT5_K,-1650.0864000000001
ID_FHjjT5_Ca,-21971.427200000006
ID_FHjjT5_Mg,-795.8912000000001
ID_FHjjT5_S,-19.453184000000007
ID_FHjjT5_Fe,-172.371488
ID_FHjjT5_Mn,-420.7984000000001
ID_FHjjT5_Zn,-11.911711999999998
ID_FHjjT5_Cu,-4.3843840000000025
ID_FHjjT5_B,-2.5022720000000005
ID_tac6b9_N,-3946.8680000000004
ID_tac6b9_P,-76.39012000000001
ID_tac6b9_K,-1135.942
ID_tac6b9_Ca,-6193.324800000001
ID_tac6b9_Mg,-788.8656000000001
ID_tac6b9_S,-6.694160000000004
ID_tac6b9_Fe,-291.41232
ID_tac6b9_Mn,-321.08740000000006
ID_tac6b9_Zn,-8.980575999999997
ID_tac6b9_Cu,-3.691048000000001
ID_tac6b9_B,-1.19412
ID_c013mf_N,-3832.8800000000006
ID_c013mf_P,-28.771430000000024
ID_c013mf_K,-918.4940000000001
ID_c013mf_Ca,-6481.704000000001
ID_c013mf_Mg,-680.527
ID_c013mf_S,-6.346440000000001
ID_c013mf_Fe,-356.9223999999999
ID_c013mf_Mn,-275.6849
ID_c013mf_Zn,-6.26687
ID_c013mf_Cu,-3.610660000000002
ID_c013mf_B,-1.0584100000000007
ID_tLq5v4_N,-3672.2880000000005
ID_tLq5v4_P,-19.963072000000004
ID_tLq5v4_K,-579.2800000000001
ID_tLq5v4_Ca,-5440.1792
ID_tLq5v4_Mg,-609.3024
ID_tLq5v4_S,-6.485792
ID_tLq5v4_Fe,-392.76928
ID_tLq5v4_Mn,-271.3062400000001
ID_tLq5v4_Zn,-9.440688000000002
ID_tLq5v4_Cu,-3.651952
ID_tLq5v4_B,-0.748464
ID_KjdMfj_N,-4904.936
ID_KjdMfj_P,-157.264728
ID_KjdMfj_K,-2206.6128
ID_KjdMfj_Ca,-20404.3248
ID_KjdMfj_Mg,-933.1080000000001
ID_KjdMfj_S,-29.85952799999999
ID_KjdMfj_Fe,-237.7031920000001
ID_KjdMfj_Mn,-512.9208800000001
ID_KjdMfj_Zn,-22.02024800000001
ID_KjdMfj_Cu,-6.336368000000002
ID_KjdMfj_B,-3.2341200000000008
ID_fhsTso_N,-4556.212
ID_fhsTso_P,-137.35357
ID_fhsTso_K,-1478.4424
ID_fhsTso_Ca,-6119.5494
ID_fhsTso_Mg,-858.3575999999999
ID_fhsTso_S,-8.904803999999999
ID_fhsTso_Fe,-377.26096
ID_fhsTso_Mn,-427.58288000000005
ID_fhsTso_Zn,-16.275736
ID_fhsTso_Cu,-4.662294000000004
ID_fhsTso_B,-1.5108760000000003
ID_nJxAAX_N,-4089.0880000000006
ID_nJxAAX_P,-72.33779800000008
ID_nJxAAX_K,-727.1538000000002
ID_nJxAAX_Ca,-5507.193200000001
ID_nJxAAX_Mg,-808.1702
ID_nJxAAX_S,-9.114607999999997
ID_nJxAAX_Fe,-374.87504000000007
ID_nJxAAX_Mn,-360.51426000000015
ID_nJxAAX_Zn,-14.454301999999998
ID_nJxAAX_Cu,-4.619544000000004
ID_nJxAAX_B,-0.9975739999999998
ID_4vXtuo_N,-4496.4800000000005
ID_4vXtuo_P,-166.7431100000001
ID_4vXtuo_K,-1561.094
ID_4vXtuo_Ca,-6006.768
ID_4vXtuo_Mg,-831.5590000000001
ID_4vXtuo_S,-9.936599999999999
ID_4vXtuo_Fe,-332.46790000000004
ID_4vXtuo_Mn,-420.1649000000001
ID_4vXtuo_Zn,-16.016330000000004
ID_4vXtuo_Cu,-4.514080000000002
ID_4vXtuo_B,-1.4815600000000007
ID_lUvZ6R_N,-4688.2880000000005
ID_lUvZ6R_P,-146.0321600000001
ID_lUvZ6R_K,-1360.7912000000003
ID_lUvZ6R_Ca,-6059.9976000000015
ID_lUvZ6R_Mg,-852.5008000000003
ID_lUvZ6R_S,-8.495808000000011
ID_lUvZ6R_Fe,-330.8982400000001
ID_lUvZ6R_Mn,-421.4458400000001
ID_lUvZ6R_Zn,-10.450760000000006
ID_lUvZ6R_Cu,-4.270768000000002
ID_lUvZ6R_B,-1.3883680000000007
ID_VJUe7j_N,-5294.552000000001
ID_VJUe7j_P,-205.60835999999995
ID_VJUe7j_K,-1569.1428000000003
ID_VJUe7j_Ca,-5644.054
ID_VJUe7j_Mg,-854.9460000000001
ID_VJUe7j_S,-9.62272800000001
ID_VJUe7j_Fe,-353.98412
ID_VJUe7j_Mn,-437.2612800000001
ID_VJUe7j_Zn,-16.896656000000007
ID_VJUe7j_Cu,-4.627028000000002
ID_VJUe7j_B,-1.6323240000000006
ID_iYdpzz_N,-6293.31
ID_iYdpzz_P,-46.21411999999998
ID_iYdpzz_K,-709.346
ID_iYdpzz_Ca,-6355.573
ID_iYdpzz_Mg,-729.104
ID_iYdpzz_S,-13.068159999999992
ID_iYdpzz_Fe,-423.06929999999994
ID_iYdpzz_Mn,-408.67109999999997
ID_iYdpzz_Zn,-14.17234
ID_iYdpzz_Cu,-5.956640000000003
ID_iYdpzz_B,-1.0189400000000006
ID_uYTDGb_N,-6002.678
ID_uYTDGb_P,-3.4977679999999864
ID_uYTDGb_K,-875.165
ID_uYTDGb_Ca,-6071.5584
ID_uYTDGb_Mg,-760.626
ID_uYTDGb_S,-10.507792000000002
ID_uYTDGb_Fe,-418.18592
ID_uYTDGb_Mn,-389.09517999999997
ID_uYTDGb_Zn,-13.839581999999996
ID_uYTDGb_Cu,-4.577866000000001
ID_uYTDGb_B,-1.0217500000000008
ID_FHjBIb_N,-5404.456
ID_FHjBIb_P,-106.662926
ID_FHjBIb_K,-1743.005
ID_FHjBIb_Ca,-6243.3184
ID_FHjBIb_Mg,-944.3188
ID_FHjBIb_S,-10.848826000000006
ID_FHjBIb_Fe,-429.835994
ID_FHjBIb_Mn,-481.47494
ID_FHjBIb_Zn,-18.207935999999997
ID_FHjBIb_Cu,-5.741088000000004
ID_FHjBIb_B,-1.6014399999999995
ID_cThAnU_N,-6114.596
ID_cThAnU_P,-65.63126
ID_cThAnU_K,-1030.43
ID_cThAnU_Ca,-7086.8712000000005
ID_cThAnU_Mg,-960.2475999999999
ID_cThAnU_S,-12.701747999999988
ID_cThAnU_Fe,-439.696
ID_cThAnU_Mn,-407.49428000000006
ID_cThAnU_Zn,-15.055892000000004
ID_cThAnU_Cu,-5.469447999999999
ID_cThAnU_B,-1.2768280000000007
ID_U4ODtn_N,-5019.126
ID_U4ODtn_P,-178.40097600000004
ID_U4ODtn_K,-1369.4044000000001
ID_U4ODtn_Ca,-5944.3882
ID_U4ODtn_Mg,-1072.7998
ID_U4ODtn_S,-16.480293999999983
ID_U4ODtn_Fe,-463.3407200000001
ID_U4ODtn_Mn,-404.21232000000003
ID_U4ODtn_Zn,-16.83385600000001
ID_U4ODtn_Cu,-6.0109319999999995
ID_U4ODtn_B,-1.4251599999999998
ID_rQN0i2_N,-5862.98
ID_rQN0i2_P,-56.30628999999999
ID_rQN0i2_K,-837.8009999999999
ID_rQN0i2_Ca,-5448.545
ID_rQN0i2_Mg,-1039.788
ID_rQN0i2_S,-10.796219999999998
ID_rQN0i2_Fe,-430.3717999999999
ID_rQN0i2_Mn,-387.2212999999999
ID_rQN0i2_Zn,-15.14685
ID_rQN0i2_Cu,-5.685930000000003
ID_rQN0i2_B,-0.9821400000000001
ID_9S9S6r_N,-5707.192
ID_9S9S6r_P,-95.81744
ID_9S9S6r_K,-1340.696
ID_9S9S6r_Ca,-6440.6856
ID_9S9S6r_Mg,-1053.98
ID_9S9S6r_S,-12.182056
ID_9S9S6r_Fe,-486.22599999999994
ID_9S9S6r_Mn,-401.74648000000013
ID_9S9S6r_Zn,-16.680536000000007
ID_9S9S6r_Cu,-5.968880000000001
ID_9S9S6r_B,-1.6080319999999995
ID_tu0Jlq_N,-4778.53
ID_tu0Jlq_P,-88.74825000000004
ID_tu0Jlq_K,-1999.4620000000004
ID_tu0Jlq_Ca,-6496.379
ID_tu0Jlq_Mg,-906.7330000000001
ID_tu0Jlq_S,-9.69268000000001
ID_tu0Jlq_Fe,-414.92983000000004
ID_tu0Jlq_Mn,-493.2421
ID_tu0Jlq_Zn,-18.925289999999997
ID_tu0Jlq_Cu,-5.659710000000001
ID_tu0Jlq_B,-1.68341
ID_Ha1GhP_N,-4621.67
ID_Ha1GhP_P,-150.53798
ID_Ha1GhP_K,-2044.0819999999999
ID_Ha1GhP_Ca,-9039.397
ID_Ha1GhP_Mg,-893.508
ID_Ha1GhP_S,-12.086520000000004
ID_Ha1GhP_Fe,-336.71281
ID_Ha1GhP_Mn,-559.535
ID_Ha1GhP_Zn,-17.111510000000003
ID_Ha1GhP_Cu,-5.9559500000000005
ID_Ha1GhP_B,-1.7225099999999998
ID_ioVfOe_N,-5585.708
ID_ioVfOe_P,-116.37844000000004
ID_ioVfOe_K,-1118.002
ID_ioVfOe_Ca,-5913.6521999999995
ID_ioVfOe_Mg,-874.304
ID_ioVfOe_S,-10.474796000000005
ID_ioVfOe_Fe,-463.29778
ID_ioVfOe_Mn,-394.97569999999996
ID_ioVfOe_Zn,-16.136872
ID_ioVfOe_Cu,-5.398698000000002
ID_ioVfOe_B,-1.3532920000000004
ID_PEyH4c_N,-5586.530000000001
ID_PEyH4c_P,-22.59800599999999
ID_PEyH4c_K,-404.60960000000006
ID_PEyH4c_Ca,-3470.3364
ID_PEyH4c_Mg,-516.0532000000001
ID_PEyH4c_S,-13.201218
ID_PEyH4c_Fe,-444.53422
ID_PEyH4c_Mn,-358.96028000000007
ID_PEyH4c_Zn,-11.956076000000005
ID_PEyH4c_Cu,-4.485532000000002
ID_PEyH4c_B,-0.6588160000000004
ID_MQQwWo_N,-6116.21
ID_MQQwWo_P,-45.59035999999996
ID_MQQwWo_K,-1008.001
ID_MQQwWo_Ca,-5802.653
ID_MQQwWo_Mg,-906.319
ID_MQQwWo_S,-9.870700000000003
ID_MQQwWo_Fe,-580.6607
ID_MQQwWo_Mn,-392.3664
ID_MQQwWo_Zn,-14.77931000000001
ID_MQQwWo_Cu,-5.875680000000002
ID_MQQwWo_B,-1.2632000000000012
ID_dSKNQ1_N,-4528.0
ID_dSKNQ1_P,-71.84888000000004
ID_dSKNQ1_K,-457.184
ID_dSKNQ1_Ca,-3217.3664000000003
ID_dSKNQ1_Mg,-553.2464
ID_dSKNQ1_S,-12.814191999999995
ID_dSKNQ1_Fe,-384.75088
ID_dSKNQ1_Mn,-346.79984
ID_dSKNQ1_Zn,-12.313999999999998
ID_dSKNQ1_Cu,-4.521808000000002
ID_dSKNQ1_B,-0.6883520000000005
ID_oIYLpQ_N,-4935.054
ID_oIYLpQ_P,-199.70916
ID_oIYLpQ_K,-2255.1887999999994
ID_oIYLpQ_Ca,-8601.7866
ID_oIYLpQ_Mg,-1028.0292
ID_oIYLpQ_S,-12.41952599999999
ID_oIYLpQ_Fe,-306.899
ID_oIYLpQ_Mn,-446.94665999999995
ID_oIYLpQ_Zn,-18.539704
ID_oIYLpQ_Cu,-5.620178
ID_oIYLpQ_B,-2.3411379999999995
ID_HiS1Nx_N,-4956.976
ID_HiS1Nx_P,-233.94906399999996
ID_HiS1Nx_K,-2123.2952
ID_HiS1Nx_Ca,-20519.399400000002
ID_HiS1Nx_Mg,-991.6883999999999
ID_HiS1Nx_S,-31.359455999999994
ID_HiS1Nx_Fe,-241.74433
ID_HiS1Nx_Mn,-594.21956
ID_HiS1Nx_Zn,-18.401844000000008
ID_HiS1Nx_Cu,-5.4210720000000014
ID_HiS1Nx_B,-3.456900000000001
ID_olajjF_N,-6208.512000000001
ID_olajjF_P,13.528576000000001
ID_olajjF_K,-465.44000000000005
ID_olajjF_Ca,-4047.328000000001
ID_olajjF_Mg,-736.6656000000002
ID_olajjF_S,-15.844767999999988
ID_olajjF_Fe,-367.6688000000001
ID_olajjF_Mn,-321.35584000000006
ID_olajjF_Zn,-10.795967999999998
ID_olajjF_Cu,-5.5601600000000015
ID_olajjF_B,-0.6959360000000003
ID_EZZk8R_N,-7160.660000000001
ID_EZZk8R_P,9.645719999999997
ID_EZZk8R_K,-384.23800000000006
ID_EZZk8R_Ca,-3594.7240000000006
ID_EZZk8R_Mg,-535.3340000000001
ID_EZZk8R_S,-21.27499999999999
ID_EZZk8R_Fe,-358.416
ID_EZZk8R_Mn,-316.5716000000001
ID_EZZk8R_Zn,-17.979240000000008
ID_EZZk8R_Cu,-5.263260000000002
ID_EZZk8R_B,-0.7458800000000002
ID_u3KzDS_N,-7092.524000000001
ID_u3KzDS_P,-29.847428000000022
ID_u3KzDS_K,-356.9692
ID_u3KzDS_Ca,-3629.2272
ID_u3KzDS_Mg,-538.9388000000001
ID_u3KzDS_S,-13.650303999999995
ID_u3KzDS_Fe,-407.7515600000001
ID_u3KzDS_Mn,-354.6766800000001
ID_u3KzDS_Zn,-15.632076000000014
ID_u3KzDS_Cu,-5.070956000000002
ID_u3KzDS_B,-0.7671520000000003
ID_655ct9_N,-7046.758000000001
ID_655ct9_P,13.084658000000001
ID_655ct9_K,-326.52500000000003
ID_655ct9_Ca,-3195.1728000000003
ID_655ct9_Mg,-461.9066000000001
ID_655ct9_S,-13.005104
ID_655ct9_Fe,-405.63800000000003
ID_655ct9_Mn,-379.34452000000005
ID_655ct9_Zn,-12.193397999999998
ID_655ct9_Cu,-5.157442
ID_655ct9_B,-0.7569780000000007
ID_80fudi_N,-7020.752
ID_80fudi_P,-35.46636799999999
ID_80fudi_K,-373.8194000000001
ID_80fudi_Ca,-2994.1982000000003
ID_80fudi_Mg,-419.25820000000004
ID_80fudi_S,-34.46103199999997
ID_80fudi_Fe,-374.40416
ID_80fudi_Mn,-283.1220800000001
ID_80fudi_Zn,-16.95737800000001
ID_80fudi_Cu,-4.924962000000003
ID_80fudi_B,-0.7213680000000006
ID_BVkFk8_N,-7150.9800000000005
ID_BVkFk8_P,-24.574619999999996
ID_BVkFk8_K,-392.884
ID_BVkFk8_Ca,-3450.25
ID_BVkFk8_Mg,-427.53400000000005
ID_BVkFk8_S,-19.761840000000014
ID_BVkFk8_Fe,-387.2866000000001
ID_BVkFk8_Mn,-290.0220000000001
ID_BVkFk8_Zn,-15.041800000000004
ID_BVkFk8_Cu,-4.920500000000003
ID_BVkFk8_B,-0.6816400000000005
ID_irwhmG_N,-7347.752
ID_irwhmG_P,-67.51280399999995
ID_irwhmG_K,-396.1644000000001
ID_irwhmG_Ca,-3165.9386000000004
ID_irwhmG_Mg,-448.38300000000004
ID_irwhmG_S,-23.522228000000005
ID_irwhmG_Fe,-382.37860000000006
ID_irwhmG_Mn,-287.98784000000006
ID_irwhmG_Zn,-17.26519400000001
ID_irwhmG_Cu,-4.953302000000002
ID_irwhmG_B,-0.7045820000000006
ID_MOBzRe_N,-5120.446000000001
ID_MOBzRe_P,-204.4682520000001
ID_MOBzRe_K,-1393.2746000000004
ID_MOBzRe_Ca,-7902.904200000002
ID_MOBzRe_Mg,-1020.0008000000003
ID_MOBzRe_S,-47.59051800000001
ID_MOBzRe_Fe,-411.5644400000001
ID_MOBzRe_Mn,-382.9639000000001
ID_MOBzRe_Zn,-16.07556800000001
ID_MOBzRe_Cu,-6.292694000000002
ID_MOBzRe_B,-1.2892580000000007
ID_sgNveP_N,-6481.190000000001
ID_sgNveP_P,-29.198359999999965
ID_sgNveP_K,-377.597
ID_sgNveP_Ca,-3836.8800000000006
ID_sgNveP_Mg,-610.5340000000001
ID_sgNveP_S,-31.854509999999976
ID_sgNveP_Fe,-374.0185000000001
ID_sgNveP_Mn,-285.9854000000001
ID_sgNveP_Zn,-16.899590000000007
ID_sgNveP_Cu,-4.987000000000002
ID_sgNveP_B,-0.6558400000000002
ID_WvvfRt_N,-6955.856
ID_WvvfRt_P,-23.681335999999988
ID_WvvfRt_K,-436.00880000000006
ID_WvvfRt_Ca,-3088.442400000001
ID_WvvfRt_Mg,-426.4408000000001
ID_WvvfRt_S,-32.22816
ID_WvvfRt_Fe,-375.05296000000016
ID_WvvfRt_Mn,-266.9993600000001
ID_WvvfRt_Zn,-16.71908000000001
ID_WvvfRt_Cu,-4.863904000000001
ID_WvvfRt_B,-0.7224400000000006
ID_KBdGuu_N,-6763.400000000001
ID_KBdGuu_P,-32.17877599999997
ID_KBdGuu_K,-396.0056000000001
ID_KBdGuu_Ca,-3482.4480000000003
ID_KBdGuu_Mg,-436.5712
ID_KBdGuu_S,-31.437815999999998
ID_KBdGuu_Fe,-409.3192
ID_KBdGuu_Mn,-285.4976000000001
ID_KBdGuu_Zn,-17.488688000000014
ID_KBdGuu_Cu,-5.063488000000003
ID_KBdGuu_B,-0.7248160000000011
ID_PIAqGH_N,-6989.796000000001
ID_PIAqGH_P,-38.18635399999998
ID_PIAqGH_K,-381.64560000000006
ID_PIAqGH_Ca,-3308.663200000001
ID_PIAqGH_Mg,-439.0526
ID_PIAqGH_S,-32.527371999999986
ID_PIAqGH_Fe,-426.92472
ID_PIAqGH_Mn,-295.80750000000006
ID_PIAqGH_Zn,-17.34912400000001
ID_PIAqGH_Cu,-5.325428000000005
ID_PIAqGH_B,-0.717880000000001
ID_JuksBz_N,-6864.010000000001
ID_JuksBz_P,-31.601881999999975
ID_JuksBz_K,-457.3134000000001
ID_JuksBz_Ca,-3250.0648
ID_JuksBz_Mg,-449.8654000000001
ID_JuksBz_S,-33.46520799999999
ID_JuksBz_Fe,-377.33626
ID_JuksBz_Mn,-278.8667200000001
ID_JuksBz_Zn,-16.684442000000008
ID_JuksBz_Cu,-5.104594000000002
ID_JuksBz_B,-0.7477460000000006
ID_C2Qa9K_N,-6640.928
ID_C2Qa9K_P,-32.16797599999998
ID_C2Qa9K_K,-392.204
ID_C2Qa9K_Ca,-3355.3320000000003
ID_C2Qa9K_Mg,-444.04480000000007
ID_C2Qa9K_S,-32.59946399999998
ID_C2Qa9K_Fe,-358.80111999999997
ID_C2Qa9K_Mn,-270.64544000000006
ID_C2Qa9K_Zn,-17.11608800000002
ID_C2Qa9K_Cu,-4.886584000000002
ID_C2Qa9K_B,-0.7317280000000004
ID_yGlY0N_N,-6322.544000000001
ID_yGlY0N_P,-1.2795440000000085
ID_yGlY0N_K,-1004.1752000000004
ID_yGlY0N_Ca,-6495.086400000001
ID_yGlY0N_Mg,-972.0784
ID_yGlY0N_S,-11.382864000000005
ID_yGlY0N_Fe,-456.1631200000001
ID_yGlY0N_Mn,-361.7650400000001
ID_yGlY0N_Zn,-18.16736000000002
ID_yGlY0N_Cu,-6.166168000000002
ID_yGlY0N_B,-1.0764640000000003
ID_3pGQKU_N,-6387.360000000001
ID_3pGQKU_P,0.24291999999999803
ID_3pGQKU_K,-928.4300000000002
ID_3pGQKU_Ca,-5302.496
ID_3pGQKU_Mg,-1084.5420000000001
ID_3pGQKU_S,-12.1604
ID_3pGQKU_Fe,-437.4642
ID_3pGQKU_Mn,-387.98360000000014
ID_3pGQKU_Zn,-15.796840000000012
ID_3pGQKU_Cu,-5.76332
ID_3pGQKU_B,-0.9137400000000004
ID_zSMCyn_N,-6698.880000000001
ID_zSMCyn_P,-4.713240000000013
ID_zSMCyn_K,-390.9480000000001
ID_zSMCyn_Ca,-3967.822
ID_zSMCyn_Mg,-641.8360000000001
ID_zSMCyn_S,-12.559040000000003
ID_zSMCyn_Fe,-447.6458000000002
ID_zSMCyn_Mn,-371.45500000000004
ID_zSMCyn_Zn,-14.487620000000007
ID_zSMCyn_Cu,-5.841640000000001
ID_zSMCyn_B,-0.8704000000000001
ID_9DQtLH_N,-6821.420000000002
ID_9DQtLH_P,3.3675799999999967
ID_9DQtLH_K,-1110.986
ID_9DQtLH_Ca,-6252.742000000002
ID_9DQtLH_Mg,-740.3960000000002
ID_9DQtLH_S,-20.164439999999992
ID_9DQtLH_Fe,-386.6178000000001
ID_9DQtLH_Mn,-324.89420000000007
ID_9DQtLH_Zn,-16.812140000000003
ID_9DQtLH_Cu,-5.494260000000003
ID_9DQtLH_B,-1.1326400000000005
ID_aOFckt_N,-6724.952000000001
ID_aOFckt_P,10.962904000000002
ID_aOFckt_K,-399.5264
ID_aOFckt_Ca,-3126.3072000000006
ID_aOFckt_Mg,-423.78400000000005
ID_aOFckt_S,-23.09568000000001
ID_aOFckt_Fe,-437.99320000000006
ID_aOFckt_Mn,-302.5832000000001
ID_aOFckt_Zn,-17.67984800000002
ID_aOFckt_Cu,-5.103448000000003
ID_aOFckt_B,-0.6988960000000005
ID_Shbe5v_N,-6493.768000000001
ID_Shbe5v_P,-35.580305999999965
ID_Shbe5v_K,-406.68760000000003
ID_Shbe5v_Ca,-3542.0478000000003
ID_Shbe5v_Mg,-487.196
ID_Shbe5v_S,-33.46729599999998
ID_Shbe5v_Fe,-369.2445200000001
ID_Shbe5v_Mn,-306.72852000000006
ID_Shbe5v_Zn,-17.68064600000001
ID_Shbe5v_Cu,-4.968956
ID_Shbe5v_B,-0.7235700000000005
ID_3cIFxY_N,-6922.2880000000005
ID_3cIFxY_P,-31.427039999999963
ID_3cIFxY_K,-412.02560000000005
ID_3cIFxY_Ca,-3128.5468000000005
ID_3cIFxY_Mg,-411.654
ID_3cIFxY_S,-31.949931999999976
ID_3cIFxY_Fe,-403.47764
ID_3cIFxY_Mn,-267.4535200000001
ID_3cIFxY_Zn,-17.923584000000016
ID_3cIFxY_Cu,-4.7584680000000015
ID_3cIFxY_B,-0.6736600000000005
ID_UKA2xy_N,-5776.9400000000005
ID_UKA2xy_P,11.537554000000004
ID_UKA2xy_K,-463.32079999999996
ID_UKA2xy_Ca,-3546.7344000000007
ID_UKA2xy_Mg,-593.1256000000002
ID_UKA2xy_S,-15.95593199999999
ID_UKA2xy_Fe,-496.1347600000001
ID_UKA2xy_Mn,-307.73960000000005
ID_UKA2xy_Zn,-7.260685999999998
ID_UKA2xy_Cu,-4.62529
ID_UKA2xy_B,-0.6543100000000002
ID_5W5j1R_N,-6907.688000000001
ID_5W5j1R_P,9.261904000000008
ID_5W5j1R_K,-410.1104
ID_5W5j1R_Ca,-2984.0064
ID_5W5j1R_Mg,-391.2112
ID_5W5j1R_S,-31.921440000000004
ID_5W5j1R_Fe,-365.90103999999997
ID_5W5j1R_Mn,-301.30016000000006
ID_5W5j1R_Zn,-16.403072000000012
ID_5W5j1R_Cu,-5.227432000000002
ID_5W5j1R_B,-0.742312000000001
ID_YUigjY_N,-6464.236000000001
ID_YUigjY_P,-35.09217199999995
ID_YUigjY_K,-395.34560000000005
ID_YUigjY_Ca,-3241.7630000000004
ID_YUigjY_Mg,-449.01840000000004
ID_YUigjY_S,-33.61517
ID_YUigjY_Fe,-361.38215999999994
ID_YUigjY_Mn,-264.0804600000001
ID_YUigjY_Zn,-17.01104000000002
ID_YUigjY_Cu,-4.882286000000002
ID_YUigjY_B,-0.6865480000000007
ID_qFtixW_N,-6703.060000000001
ID_qFtixW_P,-25.65613999999998
ID_qFtixW_K,-397.04200000000014
ID_qFtixW_Ca,-3442.9020000000005
ID_qFtixW_Mg,-493.07200000000006
ID_qFtixW_S,-33.64273999999998
ID_qFtixW_Fe,-379.6174
ID_qFtixW_Mn,-301.23760000000004
ID_qFtixW_Zn,-16.708300000000012
ID_qFtixW_Cu,-5.658380000000001
ID_qFtixW_B,-0.7551200000000007
ID_OWyTVa_N,-6869.896000000001
ID_OWyTVa_P,-20.006898000000028
ID_OWyTVa_K,-468.5186000000001
ID_OWyTVa_Ca,-3570.4594000000006
ID_OWyTVa_Mg,-500.2234000000001
ID_OWyTVa_S,-35.092359999999985
ID_OWyTVa_Fe,-372.4901200000001
ID_OWyTVa_Mn,-306.8404800000001
ID_OWyTVa_Zn,-18.024052000000015
ID_OWyTVa_Cu,-4.9404400000000015
ID_OWyTVa_B,-0.7172260000000008
ID_SOZliJ_N,-6826.040000000001
ID_SOZliJ_P,17.082400000000003
ID_SOZliJ_K,-363.7352000000001
ID_SOZliJ_Ca,-3397.5168
ID_SOZliJ_Mg,-449.05600000000004
ID_SOZliJ_S,-21.690384
ID_SOZliJ_Fe,-447.02200000000005
ID_SOZliJ_Mn,-318.16976000000005
ID_SOZliJ_Zn,-17.36470400000001
ID_SOZliJ_Cu,-4.771240000000004
ID_SOZliJ_B,-0.6384159999999999
ID_AfHBTB_N,-7105.880000000001
ID_AfHBTB_P,9.37314
ID_AfHBTB_K,-385.404
ID_AfHBTB_Ca,-3608.6060000000007
ID_AfHBTB_Mg,-490.256
ID_AfHBTB_S,-19.833559999999995
ID_AfHBTB_Fe,-363.93800000000005
ID_AfHBTB_Mn,-281.09880000000004
ID_AfHBTB_Zn,-17.11222000000001
ID_AfHBTB_Cu,-5.257100000000003
ID_AfHBTB_B,-0.7909800000000006
ID_1nBd0N_N,-6531.004000000001
ID_1nBd0N_P,17.000135999999998
ID_1nBd0N_K,-326.45900000000006
ID_1nBd0N_Ca,-2854.1020000000003
ID_1nBd0N_Mg,-397.5728000000001
ID_1nBd0N_S,-18.96794
ID_1nBd0N_Fe,-444.94488
ID_1nBd0N_Mn,-295.5962400000001
ID_1nBd0N_Zn,-13.385452000000006
ID_1nBd0N_Cu,-4.784274000000005
ID_1nBd0N_B,-0.587038
ID_dRmt85_N,-6943.064
ID_dRmt85_P,12.015364000000005
ID_dRmt85_K,-358.7288000000001
ID_dRmt85_Ca,-3595.2436000000002
ID_dRmt85_Mg,-529.5896000000001
ID_dRmt85_S,-23.09024
ID_dRmt85_Fe,-355.45964
ID_dRmt85_Mn,-341.82736000000006
ID_dRmt85_Zn,-16.377468000000015
ID_dRmt85_Cu,-5.318147999999997
ID_dRmt85_B,-0.6893480000000007
ID_fj587h_N,-7336.112000000001
ID_fj587h_P,-43.15498400000003
ID_fj587h_K,-417.0638000000001
ID_fj587h_Ca,-3820.6302000000014
ID_fj587h_Mg,-568.4674000000001
ID_fj587h_S,-14.442864000000004
ID_fj587h_Fe,-408.5213800000001
ID_fj587h_Mn,-377.5638800000001
ID_fj587h_Zn,-16.261322000000007
ID_fj587h_Cu,-5.3320180000000015
ID_fj587h_B,-0.7806940000000008
ID_E1RXfK_N,-7858.34
ID_E1RXfK_P,-1.4761640000000043
ID_E1RXfK_K,-430.0832
ID_E1RXfK_Ca,-3943.2072000000003
ID_E1RXfK_Mg,-593.9655999999999
ID_E1RXfK_S,-14.93386799999999
ID_E1RXfK_Fe,-417.88779999999997
ID_E1RXfK_Mn,-386.21732000000003
ID_E1RXfK_Zn,-17.58327200000001
ID_E1RXfK_Cu,-5.919064000000002
ID_E1RXfK_B,-0.8461360000000006
ID_7IZBLA_N,-6717.616000000001
ID_7IZBLA_P,10.488543999999994
ID_7IZBLA_K,-584.8752000000001
ID_7IZBLA_Ca,-4146.9808
ID_7IZBLA_Mg,-564.6656
ID_7IZBLA_S,-11.099023999999986
ID_7IZBLA_Fe,-343.86015999999995
ID_7IZBLA_Mn,-302.76000000000005
ID_7IZBLA_Zn,-15.90907200000001
ID_7IZBLA_Cu,-5.218192000000001
ID_7IZBLA_B,-0.795264000000001
ID_g2xF55_N,-7386.6
ID_g2xF55_P,6.900559999999992
ID_g2xF55_K,-356.14400000000006
ID_g2xF55_Ca,-3429.174000000001
ID_g2xF55_Mg,-535.422
ID_g2xF55_S,-15.058019999999999
ID_g2xF55_Fe,-400.557
ID_g2xF55_Mn,-395.57140000000004
ID_g2xF55_Zn,-15.26664000000001
ID_g2xF55_Cu,-5.55102
ID_g2xF55_B,-0.7868000000000004
ID_njXFjh_N,-6827.856
ID_njXFjh_P,11.864880000000003
ID_njXFjh_K,-344.94720000000007
ID_njXFjh_Ca,-3368.728
ID_njXFjh_Mg,-509.0880000000001
ID_njXFjh_S,-13.173199999999998
ID_njXFjh_Fe,-367.07712000000004
ID_njXFjh_Mn,-342.23424
ID_njXFjh_Zn,-14.434144000000009
ID_njXFjh_Cu,-5.182831999999999
ID_njXFjh_B,-0.7004160000000007
ID_9AXeme_N,-7188.272000000001
ID_9AXeme_P,15.146175999999997
ID_9AXeme_K,-349.65200000000004
ID_9AXeme_Ca,-3406.0920000000006
ID_9AXeme_Mg,-493.4656
ID_9AXeme_S,-14.791776000000006
ID_9AXeme_Fe,-395.19064000000003
ID_9AXeme_Mn,-371.9883200000001
ID_9AXeme_Zn,-10.834160000000002
ID_9AXeme_Cu,-5.6548960000000035
ID_9AXeme_B,-0.7386400000000003
ID_I1ILOD_N,-6854.57
ID_I1ILOD_P,-77.84612000000004
ID_I1ILOD_K,-1119.9050000000002
ID_I1ILOD_Ca,-5855.904
ID_I1ILOD_Mg,-902.9800000000001
ID_I1ILOD_S,-31.263569999999987
ID_I1ILOD_Fe,-413.4082
ID_I1ILOD_Mn,-360.3023000000001
ID_I1ILOD_Zn,-13.72712
ID_I1ILOD_Cu,-5.690710000000001
ID_I1ILOD_B,-1.3496799999999995
ID_JIM557_N,-7074.162000000001
ID_JIM557_P,-34.87776799999999
ID_JIM557_K,-348.1172
ID_JIM557_Ca,-3050.6820000000007
ID_JIM557_Mg,-409.3392000000001
ID_JIM557_S,-33.88398599999999
ID_JIM557_Fe,-435.42454000000015
ID_JIM557_Mn,-284.0071600000001
ID_JIM557_Zn,-17.726918000000023
ID_JIM557_Cu,-5.349408000000005
ID_JIM557_B,-0.6962980000000005
ID_rrwXrR_N,-7121.27
ID_rrwXrR_P,-78.85621999999992
ID_rrwXrR_K,-400.73900000000003
ID_rrwXrR_Ca,-3203.184
ID_rrwXrR_Mg,-444.67600000000004
ID_rrwXrR_S,-23.273490000000002
ID_rrwXrR_Fe,-384.61510000000015
ID_rrwXrR_Mn,-282.5204000000001
ID_rrwXrR_Zn,-15.72548000000001
ID_rrwXrR_Cu,-5.083390000000004
ID_rrwXrR_B,-0.6820900000000006
ID_wfp8Dp_N,-6511.072
ID_wfp8Dp_P,-21.45110399999998
ID_wfp8Dp_K,-355.38880000000006
ID_wfp8Dp_Ca,-3934.8624000000004
ID_wfp8Dp_Mg,-509.25440000000015
ID_wfp8Dp_S,-31.462223999999985
ID_wfp8Dp_Fe,-450.48720000000003
ID_wfp8Dp_Mn,-314.1376000000001
ID_wfp8Dp_Zn,-15.392816000000009
ID_wfp8Dp_Cu,-4.575264000000006
ID_wfp8Dp_B,-0.6852320000000007
ID_6PhYz5_N,-6431.064
ID_6PhYz5_P,-39.594261999999986
ID_6PhYz5_K,-343.63720000000006
ID_6PhYz5_Ca,-3668.8440000000005
ID_6PhYz5_Mg,-615.4124
ID_6PhYz5_S,-22.595731999999998
ID_6PhYz5_Fe,-363.33529999999996
ID_6PhYz5_Mn,-263.66854
ID_6PhYz5_Zn,-16.820500000000017
ID_6PhYz5_Cu,-5.685270000000002
ID_6PhYz5_B,-0.6835600000000003
ID_LTsmRt_N,-6565.984
ID_LTsmRt_P,13.161968000000005
ID_LTsmRt_K,-358.5296000000001
ID_LTsmRt_Ca,-3381.9776000000006
ID_LTsmRt_Mg,-542.4720000000001
ID_LTsmRt_S,-17.962399999999974
ID_LTsmRt_Fe,-349.23696
ID_LTsmRt_Mn,-279.95904
ID_LTsmRt_Zn,-16.460272000000018
ID_LTsmRt_Cu,-5.270816
ID_LTsmRt_B,-0.6970880000000005
ID_DWASl0_N,-6088.6
ID_DWASl0_P,8.7466
ID_DWASl0_K,-353.751
ID_DWASl0_Ca,-3633.8032000000003
ID_DWASl0_Mg,-585.543
ID_DWASl0_S,-15.732687999999985
ID_DWASl0_Fe,-338.6806
ID_DWASl0_Mn,-247.70854000000006
ID_DWASl0_Zn,-15.888240000000016
ID_DWASl0_Cu,-5.387782000000002
ID_DWASl0_B,-0.6591400000000005
ID_55TLuZ_N,-6576.254000000001
ID_55TLuZ_P,-27.037138000000013
ID_55TLuZ_K,-361.48320000000007
ID_55TLuZ_Ca,-3116.1718
ID_55TLuZ_Mg,-445.98280000000005
ID_55TLuZ_S,-24.61444000000001
ID_55TLuZ_Fe,-380.18876
ID_55TLuZ_Mn,-262.6290400000001
ID_55TLuZ_Zn,-16.333380000000016
ID_55TLuZ_Cu,-4.814452000000003
ID_55TLuZ_B,-0.6925000000000004
ID_RzHGsD_N,-6686.060000000001
ID_RzHGsD_P,-52.22125999999997
ID_RzHGsD_K,-341.7404
ID_RzHGsD_Ca,-3062.28
ID_RzHGsD_Mg,-399.28600000000006
ID_RzHGsD_S,-22.848300000000016
ID_RzHGsD_Fe,-396.4492
ID_RzHGsD_Mn,-246.07688000000005
ID_RzHGsD_Zn,-15.909392000000013
ID_RzHGsD_Cu,-4.874908000000004
ID_RzHGsD_B,-0.6560320000000005
ID_FW0Mny_N,-6655.139999999999
ID_FW0Mny_P,-61.10471600000001
ID_FW0Mny_K,-1133.596
ID_FW0Mny_Ca,-6947.557
ID_FW0Mny_Mg,-1035.1029999999998
ID_FW0Mny_S,-14.272047999999998
ID_FW0Mny_Fe,-471.5580800000001
ID_FW0Mny_Mn,-397.0187400000001
ID_FW0Mny_Zn,-16.242188000000002
ID_FW0Mny_Cu,-6.163482000000001
ID_FW0Mny_B,-1.4864059999999994
ID_qNbwgo_N,-7054.412
ID_qNbwgo_P,-50.36392400000001
ID_qNbwgo_K,-914.9251999999999
ID_qNbwgo_Ca,-6142.198799999999
ID_qNbwgo_Mg,-925.4548000000001
ID_qNbwgo_S,-10.776516
ID_qNbwgo_Fe,-403.7540799999999
ID_qNbwgo_Mn,-400.9484
ID_qNbwgo_Zn,-14.081876000000006
ID_qNbwgo_Cu,-5.485636000000001
ID_qNbwgo_B,-1.0549840000000006
ID_R004zf_N,-6267.712
ID_R004zf_P,-25.630655999999973
ID_R004zf_K,-359.19520000000006
ID_R004zf_Ca,-3548.232
ID_R004zf_Mg,-467.0928
ID_R004zf_S,-30.819919999999982
ID_R004zf_Fe,-378.72304
ID_R004zf_Mn,-259.5667200000001
ID_R004zf_Zn,-16.67388800000001
ID_R004zf_Cu,-4.496640000000003
ID_R004zf_B,-0.7004160000000006
ID_aMUVYa_N,-6534.328
ID_aMUVYa_P,-28.453103999999996
ID_aMUVYa_K,-355.146
ID_aMUVYa_Ca,-3585.915600000001
ID_aMUVYa_Mg,-460.9864
ID_aMUVYa_S,-31.90244399999999
ID_aMUVYa_Fe,-379.06796
ID_aMUVYa_Mn,-263.1965600000001
ID_aMUVYa_Zn,-17.553008000000005
ID_aMUVYa_Cu,-4.8366960000000025
ID_aMUVYa_B,-0.7306880000000004
ID_mTBjWs_N,-6676.310000000001
ID_mTBjWs_P,-29.271157999999957
ID_mTBjWs_K,-428.66540000000015
ID_mTBjWs_Ca,-3265.0248
ID_mTBjWs_Mg,-463.442
ID_mTBjWs_S,-33.46601199999998
ID_mTBjWs_Fe,-367.80644
ID_mTBjWs_Mn,-244.62572
ID_mTBjWs_Zn,-17.544756000000014
ID_mTBjWs_Cu,-5.000842000000002
ID_mTBjWs_B,-0.7389780000000009
ID_JPEDqR_N,-6604.460000000001
ID_JPEDqR_P,-34.16107999999997
ID_JPEDqR_K,-339.3140000000001
ID_JPEDqR_Ca,-3090.561
ID_JPEDqR_Mg,-441.19000000000005
ID_JPEDqR_S,-31.150379999999984
ID_JPEDqR_Fe,-404.46850000000006
ID_JPEDqR_Mn,-258.6980000000001
ID_JPEDqR_Zn,-16.630370000000013
ID_JPEDqR_Cu,-5.031940000000005
ID_JPEDqR_B,-0.7249300000000005
ID_Rt6DJT_N,-7128.008000000001
ID_Rt6DJT_P,-24.215071999999978
ID_Rt6DJT_K,-402.29120000000006
ID_Rt6DJT_Ca,-3143.2200000000003
ID_Rt6DJT_Mg,-417.84400000000005
ID_Rt6DJT_S,-32.53703999999999
ID_Rt6DJT_Fe,-362.92671999999993
ID_Rt6DJT_Mn,-276.81440000000003
ID_Rt6DJT_Zn,-17.212424000000016
ID_Rt6DJT_Cu,-5.605
ID_Rt6DJT_B,-0.7116400000000007
ID_HrEcEL_N,-6565.610000000001
ID_HrEcEL_P,-0.5554100000000091
ID_HrEcEL_K,-387.2990000000001
ID_HrEcEL_Ca,-4250.034000000001
ID_HrEcEL_Mg,-638.0860000000002
ID_HrEcEL_S,-13.142669999999995
ID_HrEcEL_Fe,-405.28330000000005
ID_HrEcEL_Mn,-359.6072000000001
ID_HrEcEL_Zn,-12.917990000000003
ID_HrEcEL_Cu,-5.290450000000001
ID_HrEcEL_B,-0.7463500000000002
ID_TKCQB0_N,-6774.200000000001
ID_TKCQB0_P,8.107383999999996
ID_TKCQB0_K,-377.92640000000006
ID_TKCQB0_Ca,-3889.8240000000005
ID_TKCQB0_Mg,-519.7744000000001
ID_TKCQB0_S,-18.994704000000002
ID_TKCQB0_Fe,-374.77648000000016
ID_TKCQB0_Mn,-316.3899200000001
ID_TKCQB0_Zn,-11.897528
ID_TKCQB0_Cu,-5.2455760000000025
ID_TKCQB0_B,-0.7701760000000005
ID_C26Jp7_N,-6713.400000000001
ID_C26Jp7_P,-20.715599999999988
ID_C26Jp7_K,-367.23199999999997
ID_C26Jp7_Ca,-3646.3800000000006
ID_C26Jp7_Mg,-514.522
ID_C26Jp7_S,-14.372060000000012
ID_C26Jp7_Fe,-411.1104
ID_C26Jp7_Mn,-406.57140000000004
ID_C26Jp7_Zn,-11.9706
ID_C26Jp7_Cu,-5.353460000000001
ID_C26Jp7_B,-0.7707400000000005
ID_ecHe5B_N,-6437.326000000001
ID_ecHe5B_P,2.1540879999999945
ID_ecHe5B_K,-391.36980000000005
ID_ecHe5B_Ca,-4277.611400000001
ID_ecHe5B_Mg,-615.1902
ID_ecHe5B_S,-11.763279999999998
ID_ecHe5B_Fe,-379.6447800000001
ID_ecHe5B_Mn,-340.8527400000001
ID_ecHe5B_Zn,-13.747070000000006
ID_ecHe5B_Cu,-5.838386
ID_ecHe5B_B,-0.7251720000000004
ID_wspcXW_N,-6373.844000000001
ID_wspcXW_P,8.432987999999995
ID_wspcXW_K,-331.2112
ID_wspcXW_Ca,-3131.0484
ID_wspcXW_Mg,-465.35360000000014
ID_wspcXW_S,-14.168219999999991
ID_wspcXW_Fe,-447.01396000000005
ID_wspcXW_Mn,-289.53544
ID_wspcXW_Zn,-10.788724000000004
ID_wspcXW_Cu,-4.646956000000002
ID_wspcXW_B,-0.7737240000000009
ID_2Bs2cg_N,-6546.290000000001
ID_2Bs2cg_P,3.3363099999999974
ID_2Bs2cg_K,-388.958
ID_2Bs2cg_Ca,-3952.4220000000005
ID_2Bs2cg_Mg,-548.605
ID_2Bs2cg_S,-12.204810000000005
ID_2Bs2cg_Fe,-412.6648000000001
ID_2Bs2cg_Mn,-347.3369000000001
ID_2Bs2cg_Zn,-13.739930000000014
ID_2Bs2cg_Cu,-4.964740000000002
ID_2Bs2cg_B,-0.7364800000000004
ID_pZhaxY_N,-6750.254000000001
ID_pZhaxY_P,12.000472000000006
ID_pZhaxY_K,-361.67480000000006
ID_pZhaxY_Ca,-3571.524000000001
ID_pZhaxY_Mg,-567.9346
ID_pZhaxY_S,-14.351177999999994
ID_pZhaxY_Fe,-367.17832
ID_pZhaxY_Mn,-356.4250400000001
ID_pZhaxY_Zn,-12.216482000000001
ID_pZhaxY_Cu,-5.428366000000003
ID_pZhaxY_B,-0.8635000000000005
ID_MkTPd6_N,-6728.414000000001
ID_MkTPd6_P,10.685540000000003
ID_MkTPd6_K,-369.00160000000005
ID_MkTPd6_Ca,-3676.7126000000007
ID_MkTPd6_Mg,-565.8850000000001
ID_MkTPd6_S,-21.096541999999992
ID_MkTPd6_Fe,-376.1917600000001
ID_MkTPd6_Mn,-336.91794000000004
ID_MkTPd6_Zn,-10.717782000000005
ID_MkTPd6_Cu,-5.476720000000002
ID_MkTPd6_B,-0.7351020000000009
ID_kBe7Rq_N,-7108.8240000000005
ID_kBe7Rq_P,-30.030101999999985
ID_kBe7Rq_K,-418.74920000000003
ID_kBe7Rq_Ca,-3343.4342000000006
ID_kBe7Rq_Mg,-452.06720000000007
ID_kBe7Rq_S,-33.94829599999997
ID_kBe7Rq_Fe,-396.25866
ID_kBe7Rq_Mn,-293.70380000000006
ID_kBe7Rq_Zn,-17.093192000000016
ID_kBe7Rq_Cu,-5.272236000000001
ID_kBe7Rq_B,-0.7045820000000009
ID_zOJB8q_N,-6823.756
ID_zOJB8q_P,-28.98140199999999
ID_zOJB8q_K,-428.6226000000001
ID_zOJB8q_Ca,-3323.2970000000005
ID_zOJB8q_Mg,-437.8690000000001
ID_zOJB8q_S,-33.66503199999998
ID_zOJB8q_Fe,-418.9824
ID_zOJB8q_Mn,-262.9355600000001
ID_zOJB8q_Zn,-18.012988000000014
ID_zOJB8q_Cu,-4.899834000000005
ID_zOJB8q_B,-0.7220720000000007
ID_dzvfGR_N,-6863.840000000001
ID_dzvfGR_P,-33.88971199999996
ID_dzvfGR_K,-408.9008000000001
ID_dzvfGR_Ca,-3610.2335999999996
ID_dzvfGR_Mg,-460.7200000000001
ID_dzvfGR_S,-32.41737599999999
ID_dzvfGR_Fe,-362.92456
ID_dzvfGR_Mn,-269.50928000000005
ID_dzvfGR_Zn,-17.121920000000017
ID_dzvfGR_Cu,-4.965424000000002
ID_dzvfGR_B,-0.6656320000000004
ID_GKvisg_N,-6871.910000000001
ID_GKvisg_P,-32.65349599999996
ID_GKvisg_K,-411.55820000000006
ID_GKvisg_Ca,-3826.6020000000008
ID_GKvisg_Mg,-513.3892000000002
ID_GKvisg_S,-27.23716799999999
ID_GKvisg_Fe,-397.26820000000004
ID_GKvisg_Mn,-261.9929
ID_GKvisg_Zn,-17.31116000000002
ID_GKvisg_Cu,-5.539366000000003
ID_GKvisg_B,-0.7072120000000004
ID_SHKqj8_N,-7029.1
ID_SHKqj8_P,-33.414659999999984
ID_SHKqj8_K,-445.0460000000001
ID_SHKqj8_Ca,-3884.3320000000003
ID_SHKqj8_Mg,-426.4560000000001
ID_SHKqj8_S,-33.80707999999998
ID_SHKqj8_Fe,-425.04520000000014
ID_SHKqj8_Mn,-274.32280000000003
ID_SHKqj8_Zn,-17.46158000000001
ID_SHKqj8_Cu,-4.475000000000001
ID_SHKqj8_B,-0.7199200000000006
ID_N5vtlj_N,-6353.492000000001
ID_N5vtlj_P,-46.007127999999966
ID_N5vtlj_K,-748.5544
ID_N5vtlj_Ca,-5897.669600000001
ID_N5vtlj_Mg,-684.7736
ID_N5vtlj_S,-23.388099999999987
ID_N5vtlj_Fe,-469.28244000000007
ID_N5vtlj_Mn,-304.79944000000006
ID_N5vtlj_Zn,-14.605148000000005
ID_N5vtlj_Cu,-4.788572000000003
ID_N5vtlj_B,-1.2698040000000015
ID_V1km3Z_N,-6871.360000000001
ID_V1km3Z_P,-22.783820000000006
ID_V1km3Z_K,-534.8280000000001
ID_V1km3Z_Ca,-3166.274000000001
ID_V1km3Z_Mg,-441.76800000000003
ID_V1km3Z_S,-19.410500000000003
ID_V1km3Z_Fe,-404.5280000000001
ID_V1km3Z_Mn,-284.9158000000001
ID_V1km3Z_Zn,-13.728399999999993
ID_V1km3Z_Cu,-4.928860000000004
ID_V1km3Z_B,-0.8979000000000011
ID_NoKQUL_N,-6980.640000000001
ID_NoKQUL_P,-31.049905999999993
ID_NoKQUL_K,-416.96160000000003
ID_NoKQUL_Ca,-3825.0615999999995
ID_NoKQUL_Mg,-514.9384000000001
ID_NoKQUL_S,-17.68767600000001
ID_NoKQUL_Fe,-375.70126
ID_NoKQUL_Mn,-321.1521800000001
ID_NoKQUL_Zn,-13.049509999999998
ID_NoKQUL_Cu,-5.059250000000003
ID_NoKQUL_B,-0.7266000000000012
ID_TjDVzJ_N,-6740.720000000001
ID_TjDVzJ_P,6.310696
ID_TjDVzJ_K,-355.09520000000003
ID_TjDVzJ_Ca,-3486.7896
ID_TjDVzJ_Mg,-506.9008000000001
ID_TjDVzJ_S,-20.050295999999996
ID_TjDVzJ_Fe,-347.32936000000007
ID_TjDVzJ_Mn,-288.9752000000001
ID_TjDVzJ_Zn,-10.510592000000003
ID_TjDVzJ_Cu,-5.294608000000003
ID_TjDVzJ_B,-0.7438240000000009
ID_fH5pbW_N,-6798.610000000001
ID_fH5pbW_P,-23.84762199999998
ID_fH5pbW_K,-433.24620000000004
ID_fH5pbW_Ca,-3442.646
ID_fH5pbW_Mg,-454.2254000000001
ID_fH5pbW_S,-17.69138200000002
ID_fH5pbW_Fe,-448.68766000000005
ID_fH5pbW_Mn,-285.3544000000001
ID_fH5pbW_Zn,-11.196728000000002
ID_fH5pbW_Cu,-5.0263320000000045
ID_fH5pbW_B,-0.6888860000000003
ID_A9wu9x_N,-6669.248000000001
ID_A9wu9x_P,-0.38137199999999893
ID_A9wu9x_K,-378.88900000000007
ID_A9wu9x_Ca,-3994.4438000000005
ID_A9wu9x_Mg,-570.2708000000001
ID_A9wu9x_S,-14.215855999999988
ID_A9wu9x_Fe,-357.99240000000003
ID_A9wu9x_Mn,-280.15828000000005
ID_A9wu9x_Zn,-11.340896
ID_A9wu9x_Cu,-5.054342000000002
ID_A9wu9x_B,-0.7667980000000006
ID_yfDufo_N,-6859.650000000001
ID_yfDufo_P,-42.33053399999996
ID_yfDufo_K,-356.9680000000001
ID_yfDufo_Ca,-3224.9512000000004
ID_yfDufo_Mg,-465.6486000000001
ID_yfDufo_S,-19.674746
ID_yfDufo_Fe,-386.53804
ID_yfDufo_Mn,-311.39450000000005
ID_yfDufo_Zn,-11.899778
ID_yfDufo_Cu,-4.795688000000003
ID_yfDufo_B,-0.7065440000000006
ID_0a3DC3_N,-6873.166000000001
ID_0a3DC3_P,10.519641999999997
ID_0a3DC3_K,-386.3544000000001
ID_0a3DC3_Ca,-3714.1868000000004
ID_0a3DC3_Mg,-542.8424000000001
ID_0a3DC3_S,-19.567489999999992
ID_0a3DC3_Fe,-349.6241
ID_0a3DC3_Mn,-283.20056000000005
ID_0a3DC3_Zn,-10.616848000000003
ID_0a3DC3_Cu,-4.629353999999999
ID_0a3DC3_B,-0.7292160000000008
ID_cOF5Gu_N,-6603.992
ID_cOF5Gu_P,-24.514015999999984
ID_cOF5Gu_K,-379.7624
ID_cOF5Gu_Ca,-3174.842400000001
ID_cOF5Gu_Mg,-492.0400000000001
ID_cOF5Gu_S,-18.021408000000008
ID_cOF5Gu_Fe,-370.23616
ID_cOF5Gu_Mn,-285.33776000000006
ID_cOF5Gu_Zn,-11.128999999999996
ID_cOF5Gu_Cu,-5.202808000000003
ID_cOF5Gu_B,-0.7118560000000008
ID_eM7u3V_N,-6998.42
ID_eM7u3V_P,14.103640000000006
ID_eM7u3V_K,-344.66900000000004
ID_eM7u3V_Ca,-3351.7590000000005
ID_eM7u3V_Mg,-470.75800000000004
ID_eM7u3V_S,-13.647090000000006
ID_eM7u3V_Fe,-376.84090000000003
ID_eM7u3V_Mn,-362.4632000000001
ID_eM7u3V_Zn,-11.141599999999999
ID_eM7u3V_Cu,-5.36017
ID_eM7u3V_B,-0.7056100000000002
ID_Itp3KF_N,-6432.884
ID_Itp3KF_P,-74.733476
ID_Itp3KF_K,-1118.9167999999997
ID_Itp3KF_Ca,-6404.3532000000005
ID_Itp3KF_Mg,-970.5075999999999
ID_Itp3KF_S,-22.775927999999993
ID_Itp3KF_Fe,-417.12856000000005
ID_Itp3KF_Mn,-420.20755999999994
ID_Itp3KF_Zn,-15.925028000000006
ID_Itp3KF_Cu,-5.5171
ID_Itp3KF_B,-1.3714480000000009
ID_bd7jsc_N,-7036.190000000001
ID_bd7jsc_P,13.897018000000003
ID_bd7jsc_K,-773.8844000000001
ID_bd7jsc_Ca,-4584.2658
ID_bd7jsc_Mg,-692.2990000000001
ID_bd7jsc_S,-11.091552
ID_bd7jsc_Fe,-409.21402
ID_bd7jsc_Mn,-381.91286
ID_bd7jsc_Zn,-11.895248000000008
ID_bd7jsc_Cu,-5.5191640000000035
ID_bd7jsc_B,-0.9400900000000004
ID_4Urdo7_N,-7175.165999999999
ID_4Urdo7_P,-68.929966
ID_4Urdo7_K,-1152.7608
ID_4Urdo7_Ca,-6336.227
ID_4Urdo7_Mg,-1023.8029999999999
ID_4Urdo7_S,-19.910521999999993
ID_4Urdo7_Fe,-451.51188
ID_4Urdo7_Mn,-382.34456
ID_4Urdo7_Zn,-17.091496000000006
ID_4Urdo7_Cu,-5.347622000000001
ID_4Urdo7_B,-1.4335219999999995
ID_1IzwUS_N,-6804.040000000001
ID_1IzwUS_P,-1.8919600000000187
ID_1IzwUS_K,-776.2560000000002
ID_1IzwUS_Ca,-5998.7080000000005
ID_1IzwUS_Mg,-855.4780000000001
ID_1IzwUS_S,-18.0575
ID_1IzwUS_Fe,-378.9618000000001
ID_1IzwUS_Mn,-398.06840000000017
ID_1IzwUS_Zn,-14.35430000000001
ID_1IzwUS_Cu,-5.306600000000002
ID_1IzwUS_B,-0.995800000000001
ID_7lCq77_N,-5897.995999999999
ID_7lCq77_P,4.313668
ID_7lCq77_K,-483.0475999999999
ID_7lCq77_Ca,-4537.4892
ID_7lCq77_Mg,-728.8048
ID_7lCq77_S,-13.061303999999993
ID_7lCq77_Fe,-483.25996
ID_7lCq77_Mn,-353.2302800000001
ID_7lCq77_Zn,-15.539936000000006
ID_7lCq77_Cu,-5.510259999999999
ID_7lCq77_B,-0.7574440000000002
ID_TJorCa_N,-5978.27
ID_TJorCa_P,-45.57851600000001
ID_TJorCa_K,-861.2660000000001
ID_TJorCa_Ca,-6402.0833999999995
ID_TJorCa_Mg,-969.6081999999999
ID_TJorCa_S,-22.50907
ID_TJorCa_Fe,-433.12452
ID_TJorCa_Mn,-374.95210000000003
ID_TJorCa_Zn,-16.619382000000005
ID_TJorCa_Cu,-5.459492000000001
ID_TJorCa_B,-1.6102540000000005
ID_5wBO93_N,-5651.28
ID_5wBO93_P,-166.261224
ID_5wBO93_K,-2280.6208
ID_5wBO93_Ca,-5917.2008000000005
ID_5wBO93_Mg,-1049.1776
ID_5wBO93_S,-12.304319999999993
ID_5wBO93_Fe,-446.27768800000007
ID_5wBO93_Mn,-469.97999999999996
ID_5wBO93_Zn,-21.31798400000001
ID_5wBO93_Cu,-6.681816000000004
ID_5wBO93_B,-1.8212400000000006
ID_gEAKDf_N,-6350.96
ID_gEAKDf_P,-1.2869600000000077
ID_gEAKDf_K,-777.3439999999999
ID_gEAKDf_Ca,-6554.304
ID_gEAKDf_Mg,-850.288
ID_gEAKDf_S,-13.527119999999996
ID_gEAKDf_Fe,-449.7208
ID_gEAKDf_Mn,-400.6352
ID_gEAKDf_Zn,-14.431760000000006
ID_gEAKDf_Cu,-5.543200000000003
ID_gEAKDf_B,-0.964960000000001
ID_1Cy9Rw_N,-6207.164
ID_1Cy9Rw_P,-102.68399599999992
ID_1Cy9Rw_K,-1361.0983999999999
ID_1Cy9Rw_Ca,-5483.2788
ID_1Cy9Rw_Mg,-805.8688
ID_1Cy9Rw_S,-19.77658799999999
ID_1Cy9Rw_Fe,-418.21840000000003
ID_1Cy9Rw_Mn,-385.8935600000001
ID_1Cy9Rw_Zn,-18.077119999999997
ID_1Cy9Rw_Cu,-5.7968560000000044
ID_1Cy9Rw_B,-1.5627399999999996
ID_UyMrVK_N,-6826.448
ID_UyMrVK_P,0.7955540000000028
ID_UyMrVK_K,-461.02
ID_UyMrVK_Ca,-4676.4151999999995
ID_UyMrVK_Mg,-902.8251999999999
ID_UyMrVK_S,-11.902211999999995
ID_UyMrVK_Fe,-503.22068
ID_UyMrVK_Mn,-357.28116
ID_UyMrVK_Zn,-12.479966
ID_UyMrVK_Cu,-5.278692000000004
ID_UyMrVK_B,-0.8692000000000002
ID_CW3jG5_N,-5622.28
ID_CW3jG5_P,-221.296496
ID_CW3jG5_K,-2489.3976000000002
ID_CW3jG5_Ca,-6343.013599999999
ID_CW3jG5_Mg,-1011.408
ID_CW3jG5_S,-12.131015999999999
ID_CW3jG5_Fe,-415.778272
ID_CW3jG5_Mn,-522.9154400000002
ID_CW3jG5_Zn,-18.617736000000004
ID_CW3jG5_Cu,-6.595280000000004
ID_CW3jG5_B,-1.9168239999999999
ID_i3tddD_N,-5986.03
ID_i3tddD_P,-22.24145
ID_i3tddD_K,-1076.426
ID_i3tddD_Ca,-5506.597
ID_i3tddD_Mg,-813.56
ID_i3tddD_S,-8.11672
ID_i3tddD_Fe,-461.1665
ID_i3tddD_Mn,-371.7354
ID_i3tddD_Zn,-10.330420000000002
ID_i3tddD_Cu,-5.311260000000002
ID_i3tddD_B,-0.9665000000000005
ID_6Q0TPo_N,-6581.995999999999
ID_6Q0TPo_P,5.504739999999998
ID_6Q0TPo_K,-914.0816000000001
ID_6Q0TPo_Ca,-5061.2735999999995
ID_6Q0TPo_Mg,-773.014
ID_6Q0TPo_S,-15.327851999999996
ID_6Q0TPo_Fe,-410.1768400000001
ID_6Q0TPo_Mn,-419.38447999999994
ID_6Q0TPo_Zn,-13.363904
ID_6Q0TPo_Cu,-5.323528000000002
ID_6Q0TPo_B,-0.9683440000000002
ID_5RG1eh_N,-6097.724
ID_5RG1eh_P,-153.89028800000003
ID_5RG1eh_K,-1328.9276
ID_5RG1eh_Ca,-5645.9796
ID_5RG1eh_Mg,-961.9119999999999
ID_5RG1eh_S,-16.599636
ID_5RG1eh_Fe,-463.14352
ID_5RG1eh_Mn,-413.35388000000006
ID_5RG1eh_Zn,-16.163744000000012
ID_5RG1eh_Cu,-5.549248000000001
ID_5RG1eh_B,-1.6569039999999995
ID_vVlPHM_N,-7213.5560000000005
ID_vVlPHM_P,15.524428000000007
ID_vVlPHM_K,-378.578
ID_vVlPHM_Ca,-3282.2124
ID_vVlPHM_Mg,-492.574
ID_vVlPHM_S,-17.269955999999986
ID_vVlPHM_Fe,-427.71004000000005
ID_vVlPHM_Mn,-404.22476
ID_vVlPHM_Zn,-12.204524000000001
ID_vVlPHM_Cu,-5.715004000000003
ID_vVlPHM_B,-0.7323640000000001
ID_zRMLSq_N,-7054.620000000002
ID_zRMLSq_P,-7.61460000000001
ID_zRMLSq_K,-437.3020000000001
ID_zRMLSq_Ca,-4360.0160000000005
ID_zRMLSq_Mg,-697.1000000000001
ID_zRMLSq_S,-11.9679
ID_zRMLSq_Fe,-387.533
ID_zRMLSq_Mn,-351.32280000000014
ID_zRMLSq_Zn,-13.813540000000012
ID_zRMLSq_Cu,-4.732400000000001
ID_zRMLSq_B,-0.8382800000000001
ID_YdDuCE_N,-7012.29
ID_YdDuCE_P,-35.02968000000001
ID_YdDuCE_K,-466.2359999999999
ID_YdDuCE_Ca,-4175.587
ID_YdDuCE_Mg,-560.721
ID_YdDuCE_S,-14.812939999999987
ID_YdDuCE_Fe,-401.4170999999999
ID_YdDuCE_Mn,-378.617
ID_YdDuCE_Zn,-12.53244
ID_YdDuCE_Cu,-5.532520000000001
ID_YdDuCE_B,-0.8170000000000003
ID_xM0CLE_N,-7401.450000000001
ID_xM0CLE_P,-32.55326999999998
ID_xM0CLE_K,-417.72900000000004
ID_xM0CLE_Ca,-3466.221
ID_xM0CLE_Mg,-538.641
ID_xM0CLE_S,-16.177759999999974
ID_xM0CLE_Fe,-454.51490000000007
ID_xM0CLE_Mn,-386.86710000000005
ID_xM0CLE_Zn,-11.50204
ID_xM0CLE_Cu,-5.749180000000002
ID_xM0CLE_B,-0.7730700000000006
ID_52DtIH_N,-7335.831999999999
ID_52DtIH_P,-52.375439999999955
ID_52DtIH_K,-865.4207999999999
ID_52DtIH_Ca,-6009.792
ID_52DtIH_Mg,-669.9968
ID_52DtIH_S,-19.548751999999997
ID_52DtIH_Fe,-405.11415999999997
ID_52DtIH_Mn,-383.64119999999997
ID_52DtIH_Zn,-12.800336000000005
ID_52DtIH_Cu,-5.7670400000000015
ID_52DtIH_B,-0.9950880000000007
ID_dwrkkG_N,-7299.284
ID_dwrkkG_P,-21.997759999999985
ID_dwrkkG_K,-733.6651999999999
ID_dwrkkG_Ca,-6124.597199999999
ID_dwrkkG_Mg,-734.6644000000001
ID_dwrkkG_S,-19.846356000000004
ID_dwrkkG_Fe,-431.02287999999993
ID_dwrkkG_Mn,-396.36332000000004
ID_dwrkkG_Zn,-13.263127999999998
ID_dwrkkG_Cu,-5.4616960000000025
ID_dwrkkG_B,-1.002544000000001
ID_lfBzcX_N,-6345.52
ID_lfBzcX_P,8.169150000000002
ID_lfBzcX_K,-405.378
ID_lfBzcX_Ca,-3887.65
ID_lfBzcX_Mg,-562.6530000000001
ID_lfBzcX_S,-15.297089999999994
ID_lfBzcX_Fe,-439.8984
ID_lfBzcX_Mn,-405.43960000000004
ID_lfBzcX_Zn,-12.641919999999999
ID_lfBzcX_Cu,-5.838650000000001
ID_lfBzcX_B,-0.8604700000000003
ID_LDyh5k_N,-6418.518
ID_LDyh5k_P,-158.04967599999998
ID_LDyh5k_K,-1927.308
ID_LDyh5k_Ca,-7468.939
ID_LDyh5k_Mg,-1048.9116000000001
ID_LDyh5k_S,-21.844856000000014
ID_LDyh5k_Fe,-445.12964000000005
ID_LDyh5k_Mn,-422.96353999999997
ID_LDyh5k_Zn,-17.273652000000006
ID_LDyh5k_Cu,-5.765044000000002
ID_LDyh5k_B,-1.6543239999999988
ID_ODCqut_N,-5883.1759999999995
ID_ODCqut_P,-163.42912400000003
ID_ODCqut_K,-2203.5583999999994
ID_ODCqut_Ca,-20595.7116
ID_ODCqut_Mg,-892.9191999999999
ID_ODCqut_S,-28.148976000000005
ID_ODCqut_Fe,-239.77397200000001
ID_ODCqut_Mn,-480.00056
ID_ODCqut_Zn,-18.665132000000007
ID_ODCqut_Cu,-5.880532000000002
ID_ODCqut_B,-2.8714600000000003
ID_D4YeSE_N,-5051.9540000000015
ID_D4YeSE_P,-57.308150000000026
ID_D4YeSE_K,-1120.2932
ID_D4YeSE_Ca,-5887.9164
ID_D4YeSE_Mg,-841.3498
ID_D4YeSE_S,-10.622243999999998
ID_D4YeSE_Fe,-380.22748000000007
ID_D4YeSE_Mn,-371.5121600000001
ID_D4YeSE_Zn,-15.746060000000002
ID_D4YeSE_Cu,-5.5979740000000024
ID_D4YeSE_B,-1.5727899999999995
ID_uvydD4_N,-4564.000000000001
ID_uvydD4_P,-35.28223999999999
ID_uvydD4_K,-1277.0860000000002
ID_uvydD4_Ca,-5731.188000000001
ID_uvydD4_Mg,-757.116
ID_uvydD4_S,-9.112080000000002
ID_uvydD4_Fe,-384.002
ID_uvydD4_Mn,-346.1396000000001
ID_uvydD4_Zn,-13.046620000000004
ID_uvydD4_Cu,-5.120700000000004
ID_uvydD4_B,-1.2866400000000002
ID_Xzlywr_N,-5015.102000000001
ID_Xzlywr_P,2.0038120000000035
ID_Xzlywr_K,-1049.9192
ID_Xzlywr_Ca,-6519.129000000001
ID_Xzlywr_Mg,-916.9408
ID_Xzlywr_S,-21.919824000000006
ID_Xzlywr_Fe,-437.57008000000013
ID_Xzlywr_Mn,-352.59332
ID_Xzlywr_Zn,-14.449357999999998
ID_Xzlywr_Cu,-5.308042000000004
ID_Xzlywr_B,-1.5015279999999995
ID_cZemDp_N,-4813.24
ID_cZemDp_P,-43.660454000000016
ID_cZemDp_K,-1692.8782
ID_cZemDp_Ca,-5792.8552
ID_cZemDp_Mg,-740.3989999999999
ID_cZemDp_S,-8.460684000000008
ID_cZemDp_Fe,-432.3039140000001
ID_cZemDp_Mn,-373.28195999999997
ID_cZemDp_Zn,-16.156307999999996
ID_cZemDp_Cu,-5.3661540000000025
ID_cZemDp_B,-1.2310259999999993
ID_tCWVOq_N,-5910.914000000001
ID_tCWVOq_P,15.921900000000008
ID_tCWVOq_K,-687.4560000000001
ID_tCWVOq_Ca,-6064.750000000001
ID_tCWVOq_Mg,-1402.1766000000002
ID_tCWVOq_S,-10.061164000000002
ID_tCWVOq_Fe,-412.75254000000007
ID_tCWVOq_Mn,-441.06090000000006
ID_tCWVOq_Zn,-22.462968000000007
ID_tCWVOq_Cu,-3.2572619999999985
ID_tCWVOq_B,-0.8499880000000004
ID_iPAnWv_N,-6068.580000000001
ID_iPAnWv_P,9.063379999999977
ID_iPAnWv_K,-806.2420000000002
ID_iPAnWv_Ca,-6405.818000000001
ID_iPAnWv_Mg,-1159.122
ID_iPAnWv_S,-10.0583
ID_iPAnWv_Fe,-351.904
ID_iPAnWv_Mn,-486.856
ID_iPAnWv_Zn,-22.360320000000016
ID_iPAnWv_Cu,-4.16832
ID_iPAnWv_B,-1.10118
ID_CM023b_N,-5812.280000000001
ID_CM023b_P,-6.08977999999999
ID_CM023b_K,-724.6000000000001
ID_CM023b_Ca,-6040.728
ID_CM023b_Mg,-888.6540000000001
ID_CM023b_S,-8.801880000000011
ID_CM023b_Fe,-356.8056000000001
ID_CM023b_Mn,-424.057
ID_CM023b_Zn,-17.48072
ID_CM023b_Cu,-3.8277599999999987
ID_CM023b_B,-1.02594
ID_Ml7ZwE_N,-6187.040000000001
ID_Ml7ZwE_P,-7.821020000000033
ID_Ml7ZwE_K,-735.5672000000001
ID_Ml7ZwE_Ca,-5072.4216000000015
ID_Ml7ZwE_Mg,-1188.4468000000004
ID_Ml7ZwE_S,-15.734015999999993
ID_Ml7ZwE_Fe,-391.38741999999996
ID_Ml7ZwE_Mn,-442.23470000000003
ID_Ml7ZwE_Zn,-23.066954000000013
ID_Ml7ZwE_Cu,-5.131773999999998
ID_Ml7ZwE_B,-0.9993640000000005
ID_wGp09f_N,-5930.970000000001
ID_wGp09f_P,13.837384
ID_wGp09f_K,-730.2058000000001
ID_wGp09f_Ca,-4759.1698000000015
ID_wGp09f_Mg,-1056.9082
ID_wGp09f_S,-24.518269999999973
ID_wGp09f_Fe,-468.8570200000001
ID_wGp09f_Mn,-448.87838000000005
ID_wGp09f_Zn,-20.478514000000008
ID_wGp09f_Cu,-3.452589999999998
ID_wGp09f_B,-0.8039900000000004
ID_hPIK8S_N,-5912.600000000001
ID_hPIK8S_P,-9.841220000000007
ID_hPIK8S_K,-842.96
ID_hPIK8S_Ca,-6714.874000000001
ID_hPIK8S_Mg,-953.2900000000002
ID_hPIK8S_S,-31.512040000000006
ID_hPIK8S_Fe,-472.6312000000001
ID_hPIK8S_Mn,-425.432
ID_hPIK8S_Zn,-24.263979999999997
ID_hPIK8S_Cu,-2.9957200000000013
ID_hPIK8S_B,-0.9799600000000007
ID_aXiIJD_N,-5939.036000000001
ID_aXiIJD_P,14.44516800000001
ID_aXiIJD_K,-600.801
ID_aXiIJD_Ca,-3565.925
ID_aXiIJD_Mg,-732.5896000000002
ID_aXiIJD_S,-30.745875999999967
ID_aXiIJD_Fe,-484.72960000000006
ID_aXiIJD_Mn,-419.5595600000001
ID_aXiIJD_Zn,-19.283002000000003
ID_aXiIJD_Cu,-3.2223819999999996
ID_aXiIJD_B,-0.6797300000000003
ID_7r10jg_N,-5312.330000000001
ID_7r10jg_P,-124.99826000000002
ID_7r10jg_K,-1938.905
ID_7r10jg_Ca,-5413.0560000000005
ID_7r10jg_Mg,-1016.8210000000001
ID_7r10jg_S,-11.025660000000006
ID_7r10jg_Fe,-371.31580000000014
ID_7r10jg_Mn,-471.6086000000001
ID_7r10jg_Zn,-30.45991999999999
ID_7r10jg_Cu,-3.8460699999999957
ID_7r10jg_B,-1.4519500000000007
ID_uGf6mX_N,-5438.7480000000005
ID_uGf6mX_P,-83.38640800000002
ID_uGf6mX_K,-1431.5550000000003
ID_uGf6mX_Ca,-5589.150400000001
ID_uGf6mX_Mg,-956.1984000000002
ID_uGf6mX_S,-10.804268000000011
ID_uGf6mX_Fe,-400.61906000000005
ID_uGf6mX_Mn,-412.6435400000001
ID_uGf6mX_Zn,-22.998759999999994
ID_uGf6mX_Cu,-3.008502000000001
ID_uGf6mX_B,-1.2934520000000003
ID_8NgvNf_N,-5770.880000000001
ID_8NgvNf_P,-32.006624000000016
ID_8NgvNf_K,-975.8792000000001
ID_8NgvNf_Ca,-5918.7336000000005
ID_8NgvNf_Mg,-949.8088000000002
ID_8NgvNf_S,-11.438160000000003
ID_8NgvNf_Fe,-406.91296
ID_8NgvNf_Mn,-404.16584
ID_8NgvNf_Zn,-21.26112800000001
ID_8NgvNf_Cu,-3.3951039999999972
ID_8NgvNf_B,-1.077544
ID_TzXOG6_N,-5795.592000000001
ID_TzXOG6_P,4.3696439999999726
ID_TzXOG6_K,-864.5810000000001
ID_TzXOG6_Ca,-4715.024800000001
ID_TzXOG6_Mg,-1101.7726
ID_TzXOG6_S,-19.478327999999983
ID_TzXOG6_Fe,-406.12316000000004
ID_TzXOG6_Mn,-445.95718
ID_TzXOG6_Zn,-21.24195000000001
ID_TzXOG6_Cu,-3.838231999999997
ID_TzXOG6_B,-0.8972940000000005
ID_LVeUEL_N,-5872.820000000001
ID_LVeUEL_P,16.988410000000012
ID_LVeUEL_K,-614.6870000000001
ID_LVeUEL_Ca,-3903.0510000000004
ID_LVeUEL_Mg,-804.826
ID_LVeUEL_S,-28.741679999999967
ID_LVeUEL_Fe,-439.79470000000003
ID_LVeUEL_Mn,-410.17100000000005
ID_LVeUEL_Zn,-19.16612
ID_LVeUEL_Cu,-2.6221900000000016
ID_LVeUEL_B,-0.6197200000000003
ID_45IKGn_N,-6647.312
ID_45IKGn_P,16.434016000000014
ID_45IKGn_K,-514.6752
ID_45IKGn_Ca,-4362.9264
ID_45IKGn_Mg,-697.2656000000001
ID_45IKGn_S,-28.78942399999997
ID_45IKGn_Fe,-468.36688
ID_45IKGn_Mn,-389.08000000000004
ID_45IKGn_Zn,-19.494368000000005
ID_45IKGn_Cu,-3.105744
ID_45IKGn_B,-0.7018720000000005
ID_CIZqwn_N,-5451.848000000001
ID_CIZqwn_P,-36.801824000000025
ID_CIZqwn_K,-1186.4792000000002
ID_CIZqwn_Ca,-6474.220800000002
ID_CIZqwn_Mg,-992.1664000000003
ID_CIZqwn_S,-12.677784000000003
ID_CIZqwn_Fe,-453.75040000000007
ID_CIZqwn_Mn,-366.0483200000001
ID_CIZqwn_Zn,-21.481448000000004
ID_CIZqwn_Cu,-3.0045759999999992
ID_CIZqwn_B,-1.2190240000000008
ID_Y5vANp_N,-6991.9619999999995
ID_Y5vANp_P,16.516206000000015
ID_Y5vANp_K,-499.48260000000005
ID_Y5vANp_Ca,-3073.0354
ID_Y5vANp_Mg,-497.524
ID_Y5vANp_S,-29.156327999999966
ID_Y5vANp_Fe,-500.5504400000001
ID_Y5vANp_Mn,-391.67980000000017
ID_Y5vANp_Zn,-19.125710000000005
ID_Y5vANp_Cu,-2.6551600000000017
ID_Y5vANp_B,-0.6477980000000004
ID_gMeeZZ_N,-6657.146000000001
ID_gMeeZZ_P,15.515320000000013
ID_gMeeZZ_K,-392.015
ID_gMeeZZ_Ca,-2914.143
ID_gMeeZZ_Mg,-626.1148000000001
ID_gMeeZZ_S,-27.363389999999974
ID_gMeeZZ_Fe,-461.629
ID_gMeeZZ_Mn,-359.62736000000007
ID_gMeeZZ_Zn,-18.373964000000004
ID_gMeeZZ_Cu,-2.9917599999999993
ID_gMeeZZ_B,-0.7215040000000005
ID_v0w7T9_N,-6570.664000000001
ID_v0w7T9_P,14.433760000000007
ID_v0w7T9_K,-473.6328000000001
ID_v0w7T9_Ca,-2903.1276
ID_v0w7T9_Mg,-578.9416
ID_v0w7T9_S,-27.004979999999968
ID_v0w7T9_Fe,-470.60744000000005
ID_v0w7T9_Mn,-361.9236400000001
ID_v0w7T9_Zn,-17.953636000000007
ID_v0w7T9_Cu,-3.021652000000001
ID_v0w7T9_B,-0.6481400000000006
ID_9kfwg1_N,-6418.610000000001
ID_9kfwg1_P,16.87627000000001
ID_9kfwg1_K,-812.633
ID_9kfwg1_Ca,-4823.9220000000005
ID_9kfwg1_Mg,-815.9350000000001
ID_9kfwg1_S,-23.76467999999997
ID_9kfwg1_Fe,-485.8477
ID_9kfwg1_Mn,-425.14190000000013
ID_9kfwg1_Zn,-19.528160000000007
ID_9kfwg1_Cu,-2.7687700000000013
ID_9kfwg1_B,-0.7860400000000004
ID_tKbCDw_N,-6473.210000000001
ID_tKbCDw_P,11.6101
ID_tKbCDw_K,-907.7840000000002
ID_tKbCDw_Ca,-5426.496000000001
ID_tKbCDw_Mg,-948.088
ID_tKbCDw_S,-13.089749999999984
ID_tKbCDw_Fe,-452.5963
ID_tKbCDw_Mn,-471.9593000000001
ID_tKbCDw_Zn,-19.69154000000001
ID_tKbCDw_Cu,-3.389739999999999
ID_tKbCDw_B,-0.9347200000000006
ID_YpyQIx_N,-5071.472000000001
ID_YpyQIx_P,6.950055999999982
ID_YpyQIx_K,-801.5024
ID_YpyQIx_Ca,-6416.5488000000005
ID_YpyQIx_Mg,-1216.3744000000004
ID_YpyQIx_S,-9.060215999999997
ID_YpyQIx_Fe,-356.07736
ID_YpyQIx_Mn,-420.2492000000001
ID_YpyQIx_Zn,-20.778584000000016
ID_YpyQIx_Cu,-4.579431999999996
ID_YpyQIx_B,-0.9911440000000001
ID_qGZT6z_N,-5177.800000000001
ID_qGZT6z_P,-8.108939999999997
ID_qGZT6z_K,-999.9520000000002
ID_qGZT6z_Ca,-5908.64
ID_qGZT6z_Mg,-913.9760000000002
ID_qGZT6z_S,-11.524819999999998
ID_qGZT6z_Fe,-330.047
ID_qGZT6z_Mn,-426.42860000000013
ID_qGZT6z_Zn,-21.25526
ID_qGZT6z_Cu,-5.131699999999999
ID_qGZT6z_B,-1.5647199999999988
ID_qjRUT5_N,-5371.200000000001
ID_qjRUT5_P,-71.55311999999999
ID_qjRUT5_K,-1081.4848
ID_qjRUT5_Ca,-5585.1328
ID_qjRUT5_Mg,-1235.9616000000003
ID_qjRUT5_S,-13.9392
ID_qjRUT5_Fe,-339.36864
ID_qjRUT5_Mn,-456.85792000000004
ID_qjRUT5_Zn,-24.834496
ID_qjRUT5_Cu,-5.826943999999997
ID_qjRUT5_B,-1.7700159999999987
ID_OAbZHh_N,-3408.008
ID_OAbZHh_P,-4.001947999999999
ID_OAbZHh_K,-1148.0552
ID_OAbZHh_Ca,-3808.6416
ID_OAbZHh_Mg,-687.6052
ID_OAbZHh_S,-8.869751999999998
ID_OAbZHh_Fe,-344.9506
ID_OAbZHh_Mn,-414.33884
ID_OAbZHh_Zn,-12.5561
ID_OAbZHh_Cu,-4.121967999999997
ID_OAbZHh_B,-1.0527040000000005
ID_caReDO_N,-3282.316
ID_caReDO_P,-46.51890200000001
ID_caReDO_K,-1222.9564
ID_caReDO_Ca,-4665.6576000000005
ID_caReDO_Mg,-897.6045999999999
ID_caReDO_S,-9.647410000000008
ID_caReDO_Fe,-328.97919999999993
ID_caReDO_Mn,-414.70324000000005
ID_caReDO_Zn,-10.275336000000003
ID_caReDO_Cu,-4.494245999999999
ID_caReDO_B,-1.0872900000000003
ID_Tp2ZeA_N,-3247.496
ID_Tp2ZeA_P,-32.869483999999986
ID_Tp2ZeA_K,-1301.1344
ID_Tp2ZeA_Ca,-4562.478
ID_Tp2ZeA_Mg,-865.8783999999998
ID_Tp2ZeA_S,-8.649276
ID_Tp2ZeA_Fe,-303.96076
ID_Tp2ZeA_Mn,-442.50824
ID_Tp2ZeA_Zn,-12.739184000000003
ID_Tp2ZeA_Cu,-5.162103999999997
ID_Tp2ZeA_B,-1.0864480000000003
ID_rQX1RT_N,-3806.8619999999996
ID_rQX1RT_P,-11.009330000000006
ID_rQX1RT_K,-829.5581999999999
ID_rQX1RT_Ca,-3933.8922000000002
ID_rQX1RT_Mg,-832.381
ID_rQX1RT_S,-8.579108000000005
ID_rQX1RT_Fe,-350.2209399999999
ID_rQX1RT_Mn,-441.05258
ID_rQX1RT_Zn,-18.71643600000001
ID_rQX1RT_Cu,-4.160669999999997
ID_rQX1RT_B,-1.1729440000000004
ID_TZVRjL_N,-3834.1120000000005
ID_TZVRjL_P,-34.259360000000015
ID_TZVRjL_K,-757.5136
ID_TZVRjL_Ca,-3646.704
ID_TZVRjL_Mg,-770.4224
ID_TZVRjL_S,-8.697600000000008
ID_TZVRjL_Fe,-348.05088
ID_TZVRjL_Mn,-397.81824
ID_TZVRjL_Zn,-22.924448000000012
ID_TZVRjL_Cu,-3.6017279999999987
ID_TZVRjL_B,-1.214272
ID_NQKO7E_N,-5109.73
ID_NQKO7E_P,-16.849099999999993
ID_NQKO7E_K,-837.295
ID_NQKO7E_Ca,-5929.038
ID_NQKO7E_Mg,-1270.5469999999998
ID_NQKO7E_S,-12.3248
ID_NQKO7E_Fe,-400.9617
ID_NQKO7E_Mn,-425.41740000000016
ID_NQKO7E_Zn,-11.719389999999999
ID_NQKO7E_Cu,-4.421849999999997
ID_NQKO7E_B,-0.9842100000000004
ID_BfDVSg_N,-5154.592000000001
ID_BfDVSg_P,-106.9384
ID_BfDVSg_K,-1563.8240000000003
ID_BfDVSg_Ca,-6352.512000000001
ID_BfDVSg_Mg,-936.8768
ID_BfDVSg_S,-12.607968000000003
ID_BfDVSg_Fe,-324.5577600000001
ID_BfDVSg_Mn,-454.8889600000001
ID_BfDVSg_Zn,-29.83955199999999
ID_BfDVSg_Cu,-5.895039999999996
ID_BfDVSg_B,-1.8562559999999995
ID_KZxMQp_N,-4903.46
ID_KZxMQp_P,16.095340000000014
ID_KZxMQp_K,-638.27
ID_KZxMQp_Ca,-6964.6404
ID_KZxMQp_Mg,-1150.6275999999998
ID_KZxMQp_S,-10.868172000000001
ID_KZxMQp_Fe,-348.81976
ID_KZxMQp_Mn,-394.9748
ID_KZxMQp_Zn,-16.729867999999996
ID_KZxMQp_Cu,-3.834687999999998
ID_KZxMQp_B,-0.7624600000000005
ID_q2k1hx_N,-3319.448
ID_q2k1hx_P,-39.88525600000001
ID_q2k1hx_K,-1338.4688
ID_q2k1hx_Ca,-4451.4944
ID_q2k1hx_Mg,-880.4904000000001
ID_q2k1hx_S,-10.51212
ID_q2k1hx_Fe,-319.31128
ID_q2k1hx_Mn,-451.47568000000007
ID_q2k1hx_Zn,-10.790520000000006
ID_q2k1hx_Cu,-4.829063999999998
ID_q2k1hx_B,-1.1925200000000002
ID_8hkJO5_N,-4767.588
ID_8hkJO5_P,-13.195654000000019
ID_8hkJO5_K,-790.7313999999999
ID_8hkJO5_Ca,-3998.8446
ID_8hkJO5_Mg,-777.7342
ID_8hkJO5_S,-12.366415999999997
ID_8hkJO5_Fe,-399.65618000000006
ID_8hkJO5_Mn,-407.28592000000003
ID_8hkJO5_Zn,-24.442372000000006
ID_8hkJO5_Cu,-3.166721999999999
ID_8hkJO5_B,-0.915982
ID_6X2wv7_N,-4685.876
ID_6X2wv7_P,16.394962000000003
ID_6X2wv7_K,-777.6362000000001
ID_6X2wv7_Ca,-5881.722600000001
ID_6X2wv7_Mg,-795.1072
ID_6X2wv7_S,-10.090554000000001
ID_6X2wv7_Fe,-371.1432400000001
ID_6X2wv7_Mn,-412.1315000000001
ID_6X2wv7_Zn,-19.093154000000016
ID_6X2wv7_Cu,-2.9353059999999984
ID_6X2wv7_B,-0.7931260000000007
ID_S9JFmj_N,-5431.124
ID_S9JFmj_P,17.452432000000016
ID_S9JFmj_K,-816.4728
ID_S9JFmj_Ca,-5911.573
ID_S9JFmj_Mg,-896.2938
ID_S9JFmj_S,-7.499280000000002
ID_S9JFmj_Fe,-379.5580000000001
ID_S9JFmj_Mn,-398.28885999999994
ID_S9JFmj_Zn,-10.282342000000002
ID_S9JFmj_Cu,-2.636074
ID_S9JFmj_B,-0.8325880000000001
ID_Gz40og_N,-5324.276000000001
ID_Gz40og_P,18.143538000000014
ID_Gz40og_K,-763.3854000000001
ID_Gz40og_Ca,-5117.736200000001
ID_Gz40og_Mg,-942.3492000000001
ID_Gz40og_S,-11.301366000000002
ID_Gz40og_Fe,-404.2614400000001
ID_Gz40og_Mn,-415.9909000000001
ID_Gz40og_Zn,-9.724792000000006
ID_Gz40og_Cu,-2.7704679999999984
ID_Gz40og_B,-0.7069800000000002
ID_6xiGxA_N,-6032.972000000002
ID_6xiGxA_P,-18.66194599999998
ID_6xiGxA_K,-1318.1840000000002
ID_6xiGxA_Ca,-4912.803600000001
ID_6xiGxA_Mg,-892.6318000000001
ID_6xiGxA_S,-13.178129999999996
ID_6xiGxA_Fe,-463.79050000000007
ID_6xiGxA_Mn,-406.5326600000001
ID_6xiGxA_Zn,-20.43203600000001
ID_6xiGxA_Cu,-2.703315999999999
ID_6xiGxA_B,-1.0173460000000005
ID_qowgBL_N,-5960.156000000001
ID_qowgBL_P,16.58299600000001
ID_qowgBL_K,-771.1982
ID_qowgBL_Ca,-5620.872600000001
ID_qowgBL_Mg,-856.0906000000001
ID_qowgBL_S,-335.77476600000006
ID_qowgBL_Fe,-668.7298000000001
ID_qowgBL_Mn,-405.05192000000005
ID_qowgBL_Zn,-17.930984
ID_qowgBL_Cu,-2.6287240000000005
ID_qowgBL_B,-0.7320760000000005
ID_3NUIY7_N,-5585.338000000001
ID_3NUIY7_P,15.124212000000004
ID_3NUIY7_K,-1129.4726000000003
ID_3NUIY7_Ca,-4938.547600000001
ID_3NUIY7_Mg,-888.3176
ID_3NUIY7_S,-12.254546000000001
ID_3NUIY7_Fe,-555.921
ID_3NUIY7_Mn,-397.0386600000001
ID_3NUIY7_Zn,-19.711506000000014
ID_3NUIY7_Cu,-2.84522
ID_3NUIY7_B,-1.0524880000000003
ID_jWgJ9H_N,-5898.740000000001
ID_jWgJ9H_P,14.819679999999991
ID_jWgJ9H_K,-932.7640000000001
ID_jWgJ9H_Ca,-5374.524000000001
ID_jWgJ9H_Mg,-754.8720000000001
ID_jWgJ9H_S,-10.97768
ID_jWgJ9H_Fe,-463.7432000000002
ID_jWgJ9H_Mn,-442.2268
ID_jWgJ9H_Zn,-19.22004000000002
ID_jWgJ9H_Cu,-2.9308199999999993
ID_jWgJ9H_B,-0.8530200000000008
ID_70A9S9_N,-5688.584000000001
ID_70A9S9_P,9.142240000000008
ID_70A9S9_K,-1063.0352000000003
ID_70A9S9_Ca,-5266.370400000001
ID_70A9S9_Mg,-787.5496
ID_70A9S9_S,-11.903639999999996
ID_70A9S9_Fe,-461.9195200000001
ID_70A9S9_Mn,-402.3298400000001
ID_70A9S9_Zn,-19.609592000000006
ID_70A9S9_Cu,-2.7047680000000005
ID_70A9S9_B,-0.9814240000000002
ID_6zJaCl_N,-5720.84
ID_6zJaCl_P,-20.697932000000037
ID_6zJaCl_K,-1209.3416000000002
ID_6zJaCl_Ca,-5466.247199999999
ID_6zJaCl_Mg,-992.6919999999999
ID_6zJaCl_S,-10.741176000000006
ID_6zJaCl_Fe,-419.55904000000004
ID_6zJaCl_Mn,-447.38516000000004
ID_6zJaCl_Zn,-10.313036000000004
ID_6zJaCl_Cu,-3.433863999999999
ID_6zJaCl_B,-1.1436760000000001
ID_IGa0ls_N,-5949.944
ID_IGa0ls_P,15.13511200000001
ID_IGa0ls_K,-574.5506000000001
ID_IGa0ls_Ca,-3789.9942000000005
ID_IGa0ls_Mg,-630.6052000000002
ID_IGa0ls_S,-32.391341999999966
ID_IGa0ls_Fe,-407.458
ID_IGa0ls_Mn,-427.6271000000001
ID_IGa0ls_Zn,-19.437698000000008
ID_IGa0ls_Cu,-3.597309999999999
ID_IGa0ls_B,-0.64261
ID_m4Keu3_N,-5981.02
ID_m4Keu3_P,8.867799999999999
ID_m4Keu3_K,-649.316
ID_m4Keu3_Ca,-6166.7880000000005
ID_m4Keu3_Mg,-1192.7160000000001
ID_m4Keu3_S,-9.536239999999992
ID_m4Keu3_Fe,-380.8252
ID_m4Keu3_Mn,-449.1678000000001
ID_m4Keu3_Zn,-18.41154000000001
ID_m4Keu3_Cu,-3.7434999999999983
ID_m4Keu3_B,-0.9152800000000002
ID_X7bU7o_N,-5387.932000000001
ID_X7bU7o_P,-52.763578000000024
ID_X7bU7o_K,-1298.8370000000002
ID_X7bU7o_Ca,-6703.555400000002
ID_X7bU7o_Mg,-1036.5034000000003
ID_X7bU7o_S,-12.846549999999993
ID_X7bU7o_Fe,-345.89848
ID_X7bU7o_Mn,-436.0403600000001
ID_X7bU7o_Zn,-24.222882000000006
ID_X7bU7o_Cu,-5.8808919999999985
ID_X7bU7o_B,-1.8004679999999995
ID_1FwwQY_N,-4919.864000000001
ID_1FwwQY_P,-4.863092000000016
ID_1FwwQY_K,-1165.8032
ID_1FwwQY_Ca,-5668.824600000001
ID_1FwwQY_Mg,-1026.9418
ID_1FwwQY_S,-8.690844000000006
ID_1FwwQY_Fe,-429.36718
ID_1FwwQY_Mn,-412.39124000000004
ID_1FwwQY_Zn,-17.503412000000008
ID_1FwwQY_Cu,-3.050079999999997
ID_1FwwQY_B,-1.1960560000000005
ID_Olka27_N,-5208.6860000000015
ID_Olka27_P,16.491976000000005
ID_Olka27_K,-710.5478000000002
ID_Olka27_Ca,-6151.141800000001
ID_Olka27_Mg,-1269.5212000000001
ID_Olka27_S,-9.769986000000003
ID_Olka27_Fe,-437.43688000000014
ID_Olka27_Mn,-400.8539000000001
ID_Olka27_Zn,-16.842074000000007
ID_Olka27_Cu,-2.7466059999999994
ID_Olka27_B,-0.7944580000000002
ID_E9Wbhv_N,-5941.544
ID_E9Wbhv_P,15.618820000000014
ID_E9Wbhv_K,-688.9772
ID_E9Wbhv_Ca,-4363.434
ID_E9Wbhv_Mg,-806.5755999999999
ID_E9Wbhv_S,-32.257079999999945
ID_E9Wbhv_Fe,-479.6393199999999
ID_E9Wbhv_Mn,-471.43232
ID_E9Wbhv_Zn,-19.712792
ID_E9Wbhv_Cu,-3.3100599999999987
ID_E9Wbhv_B,-0.6767319999999998
ID_VM7HPt_N,-6619.1720000000005
ID_VM7HPt_P,13.39380800000001
ID_VM7HPt_K,-1041.3474000000003
ID_VM7HPt_Ca,-4585.2978
ID_VM7HPt_Mg,-768.6916000000001
ID_VM7HPt_S,-27.398469999999982
ID_VM7HPt_Fe,-470.57138000000003
ID_VM7HPt_Mn,-392.04818000000006
ID_VM7HPt_Zn,-20.290804
ID_VM7HPt_Cu,-2.765826000000001
ID_VM7HPt_B,-0.7655140000000008
ID_Xbu6LW_N,-5763.8060000000005
ID_Xbu6LW_P,14.896714000000014
ID_Xbu6LW_K,-698.2274000000001
ID_Xbu6LW_Ca,-4022.3705999999993
ID_Xbu6LW_Mg,-631.2646
ID_Xbu6LW_S,-33.768059999999956
ID_Xbu6LW_Fe,-484.24222000000003
ID_Xbu6LW_Mn,-472.4789
ID_Xbu6LW_Zn,-21.602318000000007
ID_Xbu6LW_Cu,-3.169365999999999
ID_Xbu6LW_B,-0.679096
ID_Itf5Mu_N,-6416.44
ID_Itf5Mu_P,13.221192000000023
ID_Itf5Mu_K,-588.9340000000001
ID_Itf5Mu_Ca,-3845.5516
ID_Itf5Mu_Mg,-632.815
ID_Itf5Mu_S,-35.38413399999995
ID_Itf5Mu_Fe,-525.1728600000001
ID_Itf5Mu_Mn,-478.7320800000001
ID_Itf5Mu_Zn,-20.485213999999992
ID_Itf5Mu_Cu,-3.4330699999999985
ID_Itf5Mu_B,-0.6815999999999999
ID_TjnWs7_N,-6723.740000000002
ID_TjnWs7_P,12.167800000000003
ID_TjnWs7_K,-1103.858
ID_TjnWs7_Ca,-4483.414
ID_TjnWs7_Mg,-793.7680000000001
ID_TjnWs7_S,-25.092659999999967
ID_TjnWs7_Fe,-487.3558000000001
ID_TjnWs7_Mn,-416.3856
ID_TjnWs7_Zn,-20.32026
ID_TjnWs7_Cu,-3.3037199999999993
ID_TjnWs7_B,-0.8195800000000008
ID_LpKMJ5_N,-7263.776000000002
ID_LpKMJ5_P,11.794592000000009
ID_LpKMJ5_K,-491.6256000000001
ID_LpKMJ5_Ca,-3665.1168000000007
ID_LpKMJ5_Mg,-585.0400000000001
ID_LpKMJ5_S,-32.89811199999996
ID_LpKMJ5_Fe,-533.9216000000002
ID_LpKMJ5_Mn,-404.1529600000001
ID_LpKMJ5_Zn,-19.964736000000002
ID_LpKMJ5_Cu,-3.660416
ID_LpKMJ5_B,-0.7868800000000007
ID_8jfEuP_N,-7038.8
ID_8jfEuP_P,10.864623999999992
ID_8jfEuP_K,-1119.4328000000003
ID_8jfEuP_Ca,-5211.830400000001
ID_8jfEuP_Mg,-843.3424
ID_8jfEuP_S,-18.383207999999996
ID_8jfEuP_Fe,-480.39832000000007
ID_8jfEuP_Mn,-422.94272000000007
ID_8jfEuP_Zn,-20.423048
ID_8jfEuP_Cu,-3.6566800000000006
ID_8jfEuP_B,-1.079488000000001
ID_SeBUrD_N,-6655.216
ID_SeBUrD_P,12.45726400000001
ID_SeBUrD_K,-473.72
ID_SeBUrD_Ca,-4630.7264000000005
ID_SeBUrD_Mg,-774.7872
ID_SeBUrD_S,-23.516415999999985
ID_SeBUrD_Fe,-471.57840000000016
ID_SeBUrD_Mn,-414.36240000000004
ID_SeBUrD_Zn,-20.234016000000004
ID_SeBUrD_Cu,-3.5005280000000005
ID_SeBUrD_B,-0.7118560000000004
ID_vG3N3b_N,-6796.5380000000005
ID_vG3N3b_P,-139.46383399999996
ID_vG3N3b_K,-1172.036
ID_vG3N3b_Ca,-5913.744000000001
ID_vG3N3b_Mg,-1090.7812000000001
ID_vG3N3b_S,-16.538532
ID_vG3N3b_Fe,-428.3432199999999
ID_vG3N3b_Mn,-301.10450000000003
ID_vG3N3b_Zn,-18.23219600000001
ID_vG3N3b_Cu,-4.0973919999999975
ID_vG3N3b_B,-1.132354000000001
ID_rQtRqO_N,-6767.840000000001
ID_rQtRqO_P,11.352849999999993
ID_rQtRqO_K,-1151.2160000000001
ID_rQtRqO_Ca,-5414.862
ID_rQtRqO_Mg,-771.541
ID_rQtRqO_S,-18.379649999999994
ID_rQtRqO_Fe,-407.45050000000003
ID_rQtRqO_Mn,-401.39510000000007
ID_rQtRqO_Zn,-19.64324
ID_rQtRqO_Cu,-3.1543300000000007
ID_rQtRqO_B,-0.9660100000000015
ID_LdsI69_N,-5957.348000000001
ID_LdsI69_P,-0.906610000000029
ID_LdsI69_K,-744.5938000000001
ID_LdsI69_Ca,-6468.377
ID_LdsI69_Mg,-1266.21
ID_LdsI69_S,-10.113048
ID_LdsI69_Fe,-381.24064000000004
ID_LdsI69_Mn,-433.41128000000003
ID_LdsI69_Zn,-20.960294000000015
ID_LdsI69_Cu,-4.783261999999998
ID_LdsI69_B,-0.9522300000000002
ID_bsLtsX_N,-5373.108
ID_bsLtsX_P,-70.12967600000002
ID_bsLtsX_K,-1534.4514000000001
ID_bsLtsX_Ca,-6687.161800000002
ID_bsLtsX_Mg,-918.6962
ID_bsLtsX_S,-12.476168000000008
ID_bsLtsX_Fe,-323.5622
ID_bsLtsX_Mn,-465.21530000000007
ID_bsLtsX_Zn,-27.512066
ID_bsLtsX_Cu,-5.612315999999999
ID_bsLtsX_B,-1.7793219999999996
ID_70k5YC_N,-5058.45
ID_70k5YC_P,-36.97447
ID_70k5YC_K,-1149.0317999999997
ID_70k5YC_Ca,-6296.654399999999
ID_70k5YC_Mg,-995.0106000000001
ID_70k5YC_S,-13.541164000000002
ID_70k5YC_Fe,-344.0398399999999
ID_70k5YC_Mn,-478.2115
ID_70k5YC_Zn,-25.86210400000001
ID_70k5YC_Cu,-4.891327999999997
ID_70k5YC_B,-1.7567019999999989
ID_zIGfHc_N,-4999.69
ID_zIGfHc_P,-24.68730199999999
ID_zIGfHc_K,-980.7295999999999
ID_zIGfHc_Ca,-5001.199799999999
ID_zIGfHc_Mg,-910.2379999999999
ID_zIGfHc_S,-12.321442000000005
ID_zIGfHc_Fe,-344.15057999999993
ID_zIGfHc_Mn,-435.85458000000006
ID_zIGfHc_Zn,-23.164342000000012
ID_zIGfHc_Cu,-5.062635999999999
ID_zIGfHc_B,-1.5363519999999995
ID_ZpdaUK_N,-5210.322
ID_ZpdaUK_P,-11.035546000000025
ID_ZpdaUK_K,-1164.1512
ID_ZpdaUK_Ca,-4495.8186
ID_ZpdaUK_Mg,-796.0176
ID_ZpdaUK_S,-8.496844
ID_ZpdaUK_Fe,-349.33275999999995
ID_ZpdaUK_Mn,-395.3712
ID_ZpdaUK_Zn,-14.867655999999995
ID_ZpdaUK_Cu,-3.2720379999999976
ID_ZpdaUK_B,-1.2511400000000006
ID_39OVjW_N,-5816.52
ID_39OVjW_P,-16.007989999999985
ID_39OVjW_K,-1272.685
ID_39OVjW_Ca,-5897.2519999999995
ID_39OVjW_Mg,-917.405
ID_39OVjW_S,-13.973669999999995
ID_39OVjW_Fe,-473.5359
ID_39OVjW_Mn,-419.9227
ID_39OVjW_Zn,-21.557870000000015
ID_39OVjW_Cu,-3.647669999999998
ID_39OVjW_B,-1.0504499999999997
ID_CTxsiq_N,-5185.088000000001
ID_CTxsiq_P,-10.218920000000004
ID_CTxsiq_K,-1124.1416000000002
ID_CTxsiq_Ca,-6549.108
ID_CTxsiq_Mg,-880.0192000000002
ID_CTxsiq_S,-10.201344000000006
ID_CTxsiq_Fe,-373.64680000000004
ID_CTxsiq_Mn,-421.61000000000007
ID_CTxsiq_Zn,-22.348904000000015
ID_CTxsiq_Cu,-3.3279279999999987
ID_CTxsiq_B,-1.211896
ID_Bz40mP_N,-6032.280000000001
ID_Bz40mP_P,-18.07208000000002
ID_Bz40mP_K,-972.2540000000001
ID_Bz40mP_Ca,-6037.714
ID_Bz40mP_Mg,-1051.344
ID_Bz40mP_S,-11.82226
ID_Bz40mP_Fe,-353.2262
ID_Bz40mP_Mn,-423.1176000000001
ID_Bz40mP_Zn,-21.166380000000025
ID_Bz40mP_Cu,-3.687179999999998
ID_Bz40mP_B,-1.242859999999999
ID_X7sf22_N,-6149.5779999999995
ID_X7sf22_P,-2.038712000000025
ID_X7sf22_K,-842.3045999999999
ID_X7sf22_Ca,-6963.331799999999
ID_X7sf22_Mg,-1303.7492
ID_X7sf22_S,-11.211781999999996
ID_X7sf22_Fe,-423.32289999999995
ID_X7sf22_Mn,-419.66846
ID_X7sf22_Zn,-24.033312000000016
ID_X7sf22_Cu,-4.126995999999997
ID_X7sf22_B,-0.9693179999999998
ID_MadukI_N,-5346.008
ID_MadukI_P,-137.601968
ID_MadukI_K,-1319.7164
ID_MadukI_Ca,-6085.153200000001
ID_MadukI_Mg,-990.6628000000001
ID_MadukI_S,-11.878895999999997
ID_MadukI_Fe,-392.96968
ID_MadukI_Mn,-450.05276
ID_MadukI_Zn,-22.83912800000001
ID_MadukI_Cu,-4.004775999999996
ID_MadukI_B,-1.4715399999999996
ID_e2gNPV_N,-5258.976000000001
ID_e2gNPV_P,-102.19788800000003
ID_e2gNPV_K,-1301.3408000000002
ID_e2gNPV_Ca,-5052.416000000001
ID_e2gNPV_Mg,-1022.9376
ID_e2gNPV_S,-13.019455999999995
ID_e2gNPV_Fe,-357.0736
ID_e2gNPV_Mn,-450.23424
ID_e2gNPV_Zn,-22.976640000000014
ID_e2gNPV_Cu,-4.599423999999996
ID_e2gNPV_B,-1.7471679999999985
ID_Cu6tOU_N,-5115.432000000001
ID_Cu6tOU_P,-70.18657400000001
ID_Cu6tOU_K,-1231.4096000000004
ID_Cu6tOU_Ca,-6064.0088000000005
ID_Cu6tOU_Mg,-897.4194000000002
ID_Cu6tOU_S,-11.76091000000001
ID_Cu6tOU_Fe,-365.52938
ID_Cu6tOU_Mn,-449.51058
ID_Cu6tOU_Zn,-21.91404400000002
ID_Cu6tOU_Cu,-4.262241999999996
ID_Cu6tOU_B,-1.3875759999999995
ID_POZELL_N,-5449.448
ID_POZELL_P,-111.65131400000001
ID_POZELL_K,-1396.1594000000002
ID_POZELL_Ca,-5419.8550000000005
ID_POZELL_Mg,-1078.1570000000002
ID_POZELL_S,-12.479459999999989
ID_POZELL_Fe,-403.53374
ID_POZELL_Mn,-452.745
ID_POZELL_Zn,-23.275890000000018
ID_POZELL_Cu,-4.146553999999996
ID_POZELL_B,-1.305864
ID_KjKj4M_N,-4842.2880000000005
ID_KjKj4M_P,-78.28543999999995
ID_KjKj4M_K,-1197.4144
ID_KjKj4M_Ca,-5688.032
ID_KjKj4M_Mg,-953.5840000000001
ID_KjKj4M_S,-30.17387199999999
ID_KjKj4M_Fe,-455.48127999999997
ID_KjKj4M_Mn,-389.5563200000001
ID_KjKj4M_Zn,-19.088144000000007
ID_KjKj4M_Cu,-3.172096
ID_KjKj4M_B,-1.099568
ID_JqqUIZ_N,-6806.356
ID_JqqUIZ_P,-48.219088
ID_JqqUIZ_K,-1269.6136
ID_JqqUIZ_Ca,-6006.187000000001
ID_JqqUIZ_Mg,-1111.2392000000002
ID_JqqUIZ_S,-31.908488000000006
ID_JqqUIZ_Fe,-490.16391999999996
ID_JqqUIZ_Mn,-390.3614000000001
ID_JqqUIZ_Zn,-18.957614
ID_JqqUIZ_Cu,-4.148453999999999
ID_JqqUIZ_B,-1.2777460000000007
ID_Q0CsbP_N,-6717.9039999999995
ID_Q0CsbP_P,-47.76576800000004
ID_Q0CsbP_K,-1272.5342
ID_Q0CsbP_Ca,-5296.6004
ID_Q0CsbP_Mg,-1096.9198
ID_Q0CsbP_S,-32.44787799999999
ID_Q0CsbP_Fe,-443.2707400000001
ID_Q0CsbP_Mn,-400.5679800000001
ID_Q0CsbP_Zn,-19.130370000000006
ID_Q0CsbP_Cu,-3.9337279999999986
ID_Q0CsbP_B,-1.2418880000000005
ID_dQLtc9_N,-5747.336
ID_dQLtc9_P,-35.353894
ID_dQLtc9_K,-1034.7134000000003
ID_dQLtc9_Ca,-5765.315200000001
ID_dQLtc9_Mg,-1035.5924000000002
ID_dQLtc9_S,-11.432786000000007
ID_dQLtc9_Fe,-464.9346200000001
ID_dQLtc9_Mn,-420.22770000000014
ID_dQLtc9_Zn,-21.807421999999995
ID_dQLtc9_Cu,-3.0838300000000003
ID_dQLtc9_B,-1.1457920000000001
ID_My96ir_N,-5834.880000000001
ID_My96ir_P,-12.251584000000015
ID_My96ir_K,-905.2416
ID_My96ir_Ca,-6660.1984
ID_My96ir_Mg,-999.4176
ID_My96ir_S,-11.575327999999999
ID_My96ir_Fe,-424.70368
ID_My96ir_Mn,-439.5875200000001
ID_My96ir_Zn,-22.67132800000001
ID_My96ir_Cu,-3.672511999999999
ID_My96ir_B,-1.4655999999999993
ID_BlDU2U_N,-5556.860000000001
ID_BlDU2U_P,6.352099999999972
ID_BlDU2U_K,-832.4000000000001
ID_BlDU2U_Ca,-4854.312000000001
ID_BlDU2U_Mg,-1084.1460000000002
ID_BlDU2U_S,-28.901519999999977
ID_BlDU2U_Fe,-429.58380000000005
ID_BlDU2U_Mn,-413.7214
ID_BlDU2U_Zn,-21.39144000000001
ID_BlDU2U_Cu,-3.8831999999999978
ID_BlDU2U_B,-0.8521400000000001
ID_QW8fju_N,-5909.960000000001
ID_QW8fju_P,-44.238440000000026
ID_QW8fju_K,-953.2460000000001
ID_QW8fju_Ca,-5497.218000000001
ID_QW8fju_Mg,-934.9640000000002
ID_QW8fju_S,-12.022239999999996
ID_QW8fju_Fe,-358.8824
ID_QW8fju_Mn,-441.31600000000003
ID_QW8fju_Zn,-25.366620000000015
ID_QW8fju_Cu,-5.546839999999998
ID_QW8fju_B,-1.6417199999999994
ID_7OXuN5_N,-4919.886
ID_7OXuN5_P,-69.99015599999998
ID_7OXuN5_K,-1074.4932000000001
ID_7OXuN5_Ca,-5928.194800000001
ID_7OXuN5_Mg,-956.1922000000003
ID_7OXuN5_S,-11.309213999999994
ID_7OXuN5_Fe,-339.53288
ID_7OXuN5_Mn,-442.81798000000003
ID_7OXuN5_Zn,-23.07881800000001
ID_7OXuN5_Cu,-4.918639999999996
ID_7OXuN5_B,-1.641545999999999
ID_maodRo_N,-6810.47
ID_maodRo_P,-9.81977000000002
ID_maodRo_K,-993.443
ID_maodRo_Ca,-5293.881000000001
ID_maodRo_Mg,-763.855
ID_maodRo_S,-14.231939999999998
ID_maodRo_Fe,-452.01670000000007
ID_maodRo_Mn,-445.01840000000004
ID_maodRo_Zn,-19.00400000000001
ID_maodRo_Cu,-3.394989999999999
ID_maodRo_B,-1.2075100000000012
ID_v3dudD_N,-6272.548
ID_v3dudD_P,14.902200000000004
ID_v3dudD_K,-1031.1940000000002
ID_v3dudD_Ca,-5059.0492
ID_v3dudD_Mg,-647.3456000000001
ID_v3dudD_S,-14.725188
ID_v3dudD_Fe,-392.76408000000004
ID_v3dudD_Mn,-272.1184
ID_v3dudD_Zn,-17.193940000000005
ID_v3dudD_Cu,-4.057904000000001
ID_v3dudD_B,-1.1487240000000007
ID_mQdSCS_N,-6504.22
ID_mQdSCS_P,-52.520427999999995
ID_mQdSCS_K,-1097.7751999999998
ID_mQdSCS_Ca,-5613.768400000001
ID_mQdSCS_Mg,-1035.3275999999998
ID_mQdSCS_S,-35.48668399999999
ID_mQdSCS_Fe,-428.24399999999997
ID_mQdSCS_Mn,-394.0108
ID_mQdSCS_Zn,-18.206868
ID_mQdSCS_Cu,-3.8603359999999984
ID_mQdSCS_B,-1.163228000000001
ID_UCYlio_N,-6443.03
ID_UCYlio_P,12.13213000000001
ID_UCYlio_K,-351.75
ID_UCYlio_Ca,-3000.7160000000003
ID_UCYlio_Mg,-601.444
ID_UCYlio_S,-24.981219999999965
ID_UCYlio_Fe,-419.69849999999997
ID_UCYlio_Mn,-329.42480000000006
ID_UCYlio_Zn,-16.933700000000005
ID_UCYlio_Cu,-3.06135
ID_UCYlio_B,-0.5969700000000003
ID_ZhvNQ5_N,-6667.202000000001
ID_ZhvNQ5_P,16.156526
ID_ZhvNQ5_K,-436.25419999999997
ID_ZhvNQ5_Ca,-3073.0652000000005
ID_ZhvNQ5_Mg,-476.84040000000005
ID_ZhvNQ5_S,-27.784505999999958
ID_ZhvNQ5_Fe,-364.08472
ID_ZhvNQ5_Mn,-253.23524000000003
ID_ZhvNQ5_Zn,-18.085626
ID_ZhvNQ5_Cu,-3.4392319999999996
ID_ZhvNQ5_B,-0.7146680000000005
ID_qaWnZV_N,-5641.85
ID_qaWnZV_P,-91.96074199999995
ID_qaWnZV_K,-1396.8248
ID_qaWnZV_Ca,-5542.454600000001
ID_qaWnZV_Mg,-1008.4034
ID_qaWnZV_S,-20.402214
ID_qaWnZV_Fe,-419.11760000000004
ID_qaWnZV_Mn,-258.24686
ID_qaWnZV_Zn,-20.102394000000007
ID_qaWnZV_Cu,-4.373481999999998
ID_qaWnZV_B,-1.1435140000000004
ID_n24J1L_N,-5793.72
ID_n24J1L_P,-219.17393599999997
ID_n24J1L_K,-1298.0087999999998
ID_n24J1L_Ca,-5720.0592
ID_n24J1L_Mg,-1190.5987999999998
ID_n24J1L_S,-18.320024000000004
ID_n24J1L_Fe,-406.5507200000001
ID_n24J1L_Mn,-308.40388
ID_n24J1L_Zn,-18.75194400000001
ID_n24J1L_Cu,-4.382479999999998
ID_n24J1L_B,-1.1926280000000002
ID_9Vb6F5_N,-6795.408
ID_9Vb6F5_P,12.911535999999987
ID_9Vb6F5_K,-1067.6640000000002
ID_9Vb6F5_Ca,-5319.664000000001
ID_9Vb6F5_Mg,-608.096
ID_9Vb6F5_S,-13.359776
ID_9Vb6F5_Fe,-413.93952
ID_9Vb6F5_Mn,-299.06592000000006
ID_9Vb6F5_Zn,-20.049104000000003
ID_9Vb6F5_Cu,-4.209392000000001
ID_9Vb6F5_B,-0.8532960000000006
ID_07jm5H_N,-6521.0
ID_07jm5H_P,16.456400000000013
ID_07jm5H_K,-540.5
ID_07jm5H_Ca,-3311.6000000000004
ID_07jm5H_Mg,-555.96
ID_07jm5H_S,-27.145999999999958
ID_07jm5H_Fe,-454.62
ID_07jm5H_Mn,-417.10600000000017
ID_07jm5H_Zn,-18.041000000000004
ID_07jm5H_Cu,-3.0988000000000016
ID_07jm5H_B,-0.5799999999999998
ID_ODoR1X_N,-6533.200000000001
ID_ODoR1X_P,12.668199999999999
ID_ODoR1X_K,-959.34
ID_ODoR1X_Ca,-5505.84
ID_ODoR1X_Mg,-815.3000000000001
ID_ODoR1X_S,-11.0424
ID_ODoR1X_Fe,-483.338
ID_ODoR1X_Mn,-369.2180000000001
ID_ODoR1X_Zn,-18.054600000000008
ID_ODoR1X_Cu,-3.2048
ID_ODoR1X_B,-0.8006000000000008
ID_TDvhWN_N,-7067.960000000001
ID_TDvhWN_P,8.101552000000012
ID_TDvhWN_K,-568.0064000000001
ID_TDvhWN_Ca,-3888.722400000001
ID_TDvhWN_Mg,-592.7608000000001
ID_TDvhWN_S,-30.344639999999977
ID_TDvhWN_Fe,-500.98528000000016
ID_TDvhWN_Mn,-398.7334400000001
ID_TDvhWN_Zn,-19.699232000000002
ID_TDvhWN_Cu,-3.806368000000001
ID_TDvhWN_B,-0.7518160000000007
ID_p6yvoD_N,-6646.992
ID_p6yvoD_P,-50.36578000000003
ID_p6yvoD_K,-1266.4540000000002
ID_p6yvoD_Ca,-5657.887200000001
ID_p6yvoD_Mg,-1021.1046000000001
ID_p6yvoD_S,-31.88626400000001
ID_p6yvoD_Fe,-418.7876600000001
ID_p6yvoD_Mn,-464.6819200000001
ID_p6yvoD_Zn,-22.430804000000006
ID_p6yvoD_Cu,-3.4675319999999994
ID_p6yvoD_B,-1.2878880000000004
ID_0kqcHa_N,-5745.044000000001
ID_0kqcHa_P,14.590312000000019
ID_0kqcHa_K,-473.1146
ID_0kqcHa_Ca,-3178.0130000000004
ID_0kqcHa_Mg,-610.4944
ID_0kqcHa_S,-27.96276399999997
ID_0kqcHa_Fe,-456.9011
ID_0kqcHa_Mn,-393.7521600000001
ID_0kqcHa_Zn,-19.102226
ID_0kqcHa_Cu,-2.625084
ID_0kqcHa_B,-0.6873500000000006
ID_acEzkI_N,-4614.032000000001
ID_acEzkI_P,-24.868080000000006
ID_acEzkI_K,-886.0540000000001
ID_acEzkI_Ca,-7193.706600000001
ID_acEzkI_Mg,-1222.2176000000004
ID_acEzkI_S,-14.67338999999999
ID_acEzkI_Fe,-351.54467999999997
ID_acEzkI_Mn,-382.7960400000001
ID_acEzkI_Zn,-23.536618000000004
ID_acEzkI_Cu,-5.009109999999995
ID_acEzkI_B,-1.58879
ID_HskOq0_N,-5174.2880000000005
ID_HskOq0_P,-9.140648000000041
ID_HskOq0_K,-736.1624
ID_HskOq0_Ca,-5083.461600000001
ID_HskOq0_Mg,-1028.1735999999999
ID_HskOq0_S,-29.74545599999996
ID_HskOq0_Fe,-402.64048
ID_HskOq0_Mn,-410.1252800000001
ID_HskOq0_Zn,-24.04212800000001
ID_HskOq0_Cu,-4.5986559999999965
ID_HskOq0_B,-0.8630559999999999
ID_vgQw0i_N,-4994.572
ID_vgQw0i_P,-12.922195999999985
ID_vgQw0i_K,-856.2080000000001
ID_vgQw0i_Ca,-6600.513200000001
ID_vgQw0i_Mg,-1170.7624
ID_vgQw0i_S,-12.102703999999992
ID_vgQw0i_Fe,-325.74996000000004
ID_vgQw0i_Mn,-398.3062800000001
ID_vgQw0i_Zn,-22.998228000000008
ID_vgQw0i_Cu,-4.476507999999997
ID_vgQw0i_B,-1.5097879999999986
ID_HrT5nc_N,-5886.4980000000005
ID_HrT5nc_P,-7.511574000000024
ID_HrT5nc_K,-825.5372000000002
ID_HrT5nc_Ca,-6328.682600000001
ID_HrT5nc_Mg,-1161.3302
ID_HrT5nc_S,-10.351539999999996
ID_HrT5nc_Fe,-359.10274
ID_HrT5nc_Mn,-442.00048000000004
ID_HrT5nc_Zn,-23.518742000000003
ID_HrT5nc_Cu,-5.265259999999997
ID_HrT5nc_B,-1.5159779999999996
ID_M5pYnq_N,-5317.580000000001
ID_M5pYnq_P,4.765149999999977
ID_M5pYnq_K,-807.95
ID_M5pYnq_Ca,-4618.647
ID_M5pYnq_Mg,-994.393
ID_M5pYnq_S,-26.819969999999977
ID_M5pYnq_Fe,-424.0174
ID_M5pYnq_Mn,-422.26070000000004
ID_M5pYnq_Zn,-19.35008000000001
ID_M5pYnq_Cu,-3.5722299999999985
ID_M5pYnq_B,-0.8769700000000004
ID_6TUJMu_N,-5664.660000000001
ID_6TUJMu_P,-59.8107
ID_6TUJMu_K,-925.3280000000001
ID_6TUJMu_Ca,-7218.7620000000015
ID_6TUJMu_Mg,-1058.1200000000001
ID_6TUJMu_S,-12.897840000000002
ID_6TUJMu_Fe,-380.17620000000005
ID_6TUJMu_Mn,-418.5966000000001
ID_6TUJMu_Zn,-22.586480000000005
ID_6TUJMu_Cu,-5.37238
ID_6TUJMu_B,-1.5328199999999992
ID_3jhdrC_N,-5918.420000000001
ID_3jhdrC_P,16.245334000000003
ID_3jhdrC_K,-773.2850000000001
ID_3jhdrC_Ca,-5014.9902
ID_3jhdrC_Mg,-954.2812
ID_3jhdrC_S,-30.41265599999997
ID_3jhdrC_Fe,-507.66214
ID_3jhdrC_Mn,-435.75230000000005
ID_3jhdrC_Zn,-20.50907000000001
ID_3jhdrC_Cu,-3.0032379999999996
ID_3jhdrC_B,-0.7824700000000003
ID_vdXwxf_N,-5153.146000000001
ID_vdXwxf_P,-7.115250000000003
ID_vdXwxf_K,-951.3232
ID_vdXwxf_Ca,-5702.913600000001
ID_vdXwxf_Mg,-961.7076000000002
ID_vdXwxf_S,-10.384676000000002
ID_vdXwxf_Fe,-352.93334000000004
ID_vdXwxf_Mn,-406.66050000000007
ID_vdXwxf_Zn,-16.636264
ID_vdXwxf_Cu,-3.6442119999999987
ID_vdXwxf_B,-1.3710079999999993
ID_DCdKBW_N,-4555.664000000001
ID_DCdKBW_P,-7.088000000000008
ID_DCdKBW_K,-1035.776
ID_DCdKBW_Ca,-4504.840800000001
ID_DCdKBW_Mg,-791.7184000000002
ID_DCdKBW_S,-7.838303999999997
ID_DCdKBW_Fe,-417.8209600000001
ID_DCdKBW_Mn,-395.80880000000013
ID_DCdKBW_Zn,-14.763632000000001
ID_DCdKBW_Cu,-3.023799999999998
ID_DCdKBW_B,-1.163296
ID_kL4HQZ_N,-4675.112
ID_kL4HQZ_P,17.14612000000001
ID_kL4HQZ_K,-631.5104000000001
ID_kL4HQZ_Ca,-7059.2568
ID_kL4HQZ_Mg,-1137.7504000000004
ID_kL4HQZ_S,-8.525400000000005
ID_kL4HQZ_Fe,-387.0625600000001
ID_kL4HQZ_Mn,-394.00952000000007
ID_kL4HQZ_Zn,-17.555648
ID_kL4HQZ_Cu,-2.945607999999999
ID_kL4HQZ_B,-0.7885360000000003
ID_mfAcCo_N,-6549.400000000001
ID_mfAcCo_P,14.137600000000006
ID_mfAcCo_K,-1055.74
ID_mfAcCo_Ca,-4853.900000000001
ID_mfAcCo_Mg,-834.3200000000002
ID_mfAcCo_S,-23.87819999999997
ID_mfAcCo_Fe,-460.8280000000001
ID_mfAcCo_Mn,-385.49
ID_mfAcCo_Zn,-18.21660000000001
ID_mfAcCo_Cu,-3.1412000000000013
ID_mfAcCo_B,-0.7478000000000005
ID_zSYOk5_N,-5110.26
ID_zSYOk5_P,-35.96089599999999
ID_zSYOk5_K,-1117.9006
ID_zSYOk5_Ca,-7916.597600000001
ID_zSYOk5_Mg,-1019.9192
ID_zSYOk5_S,-12.591798
ID_zSYOk5_Fe,-401.68230000000005
ID_zSYOk5_Mn,-423.15081999999995
ID_zSYOk5_Zn,-23.292042
ID_zSYOk5_Cu,-5.257583999999997
ID_zSYOk5_B,-1.4823520000000003
ID_l7xhHn_N,-5491.992
ID_l7xhHn_P,-28.79799599999997
ID_l7xhHn_K,-1064.7636
ID_l7xhHn_Ca,-7755.2764
ID_l7xhHn_Mg,-954.7995999999999
ID_l7xhHn_S,-12.652784000000004
ID_l7xhHn_Fe,-409.42012000000005
ID_l7xhHn_Mn,-396.73440000000005
ID_l7xhHn_Zn,-22.85442000000001
ID_l7xhHn_Cu,-3.8120919999999963
ID_l7xhHn_B,-1.572612
ID_T1YoNH_N,-6506.006
ID_T1YoNH_P,9.845238000000005
ID_T1YoNH_K,-771.5742
ID_T1YoNH_Ca,-4459.0882
ID_T1YoNH_Mg,-679.0424
ID_T1YoNH_S,-27.59745399999997
ID_T1YoNH_Fe,-471.69012000000015
ID_T1YoNH_Mn,-359.6528800000001
ID_T1YoNH_Zn,-18.780304000000005
ID_T1YoNH_Cu,-3.105123999999999
ID_T1YoNH_B,-0.7605220000000008
ID_U8JMwN_N,-5584.800000000001
ID_U8JMwN_P,-165.52245999999997
ID_U8JMwN_K,-1506.5680000000002
ID_U8JMwN_Ca,-5535.300000000001
ID_U8JMwN_Mg,-1040.3
ID_U8JMwN_S,-11.85723999999999
ID_U8JMwN_Fe,-475.5418000000001
ID_U8JMwN_Mn,-425.23400000000004
ID_U8JMwN_Zn,-21.91218000000002
ID_U8JMwN_Cu,-4.461579999999996
ID_U8JMwN_B,-1.3321799999999997
ID_jcqLQY_N,-5203.994
ID_jcqLQY_P,-139.658474
ID_jcqLQY_K,-1317.2436
ID_jcqLQY_Ca,-5602.405
ID_jcqLQY_Mg,-1077.9073999999998
ID_jcqLQY_S,-12.745643999999988
ID_jcqLQY_Fe,-396.00628
ID_jcqLQY_Mn,-441.67634000000004
ID_jcqLQY_Zn,-23.63781200000001
ID_jcqLQY_Cu,-4.4928899999999965
ID_jcqLQY_B,-1.6093499999999992
ID_B9tisl_N,-6682.976
ID_B9tisl_P,9.867903999999974
ID_B9tisl_K,-415.88480000000004
ID_B9tisl_Ca,-2837.3568
ID_B9tisl_Mg,-619.648
ID_B9tisl_S,-27.238271999999974
ID_B9tisl_Fe,-391.50784
ID_B9tisl_Mn,-262.78784
ID_B9tisl_Zn,-17.785088000000002
ID_B9tisl_Cu,-3.9370239999999974
ID_B9tisl_B,-0.6332800000000006
ID_RBvSG2_N,-6850.528
ID_RBvSG2_P,3.8743519999999947
ID_RBvSG2_K,-458.39040000000006
ID_RBvSG2_Ca,-3352.5248
ID_RBvSG2_Mg,-654.1680000000001
ID_RBvSG2_S,-25.752623999999976
ID_RBvSG2_Fe,-472.3417600000001
ID_RBvSG2_Mn,-316.65856
ID_RBvSG2_Zn,-19.956128000000003
ID_RBvSG2_Cu,-4.302783999999998
ID_RBvSG2_B,-0.6904320000000004
ID_o0Qors_N,-6592.636
ID_o0Qors_P,-9.485360000000014
ID_o0Qors_K,-1183.8286
ID_o0Qors_Ca,-5664.906400000001
ID_o0Qors_Mg,-949.7998
ID_o0Qors_S,-13.211767999999992
ID_o0Qors_Fe,-440.59211999999997
ID_o0Qors_Mn,-417.1503800000001
ID_o0Qors_Zn,-20.569004
ID_o0Qors_Cu,-3.164721999999999
ID_o0Qors_B,-1.349948000000001
ID_nl7GMj_N,-4211.853999999999
ID_nl7GMj_P,15.545896000000003
ID_nl7GMj_K,-765.7131999999999
ID_nl7GMj_Ca,-7164.223199999999
ID_nl7GMj_Mg,-968.0261999999999
ID_nl7GMj_S,-10.843854
ID_nl7GMj_Fe,-425.06310000000013
ID_nl7GMj_Mn,-434.89181999999994
ID_nl7GMj_Zn,-17.24178600000001
ID_nl7GMj_Cu,-2.6299719999999995
ID_nl7GMj_B,-0.8395940000000001
ID_jkzs8r_N,-3595.76
ID_jkzs8r_P,-1.4848479999999995
ID_jkzs8r_K,-1176.0224
ID_jkzs8r_Ca,-4367.6032
ID_jkzs8r_Mg,-755.7904000000001
ID_jkzs8r_S,-10.433936000000003
ID_jkzs8r_Fe,-344.91479999999996
ID_jkzs8r_Mn,-403.6164
ID_jkzs8r_Zn,-14.764912
ID_jkzs8r_Cu,-5.293527999999995
ID_jkzs8r_B,-1.2546960000000003
ID_J79IxJ_N,-3786.0
ID_J79IxJ_P,-1.7541999999999973
ID_J79IxJ_K,-1015.8032000000001
ID_J79IxJ_Ca,-4669.458399999999
ID_J79IxJ_Mg,-1014.7487999999998
ID_J79IxJ_S,-10.702824
ID_J79IxJ_Fe,-312.76655999999997
ID_J79IxJ_Mn,-425.31072
ID_J79IxJ_Zn,-15.817728000000004
ID_J79IxJ_Cu,-4.984735999999998
ID_J79IxJ_B,-1.5560640000000008
ID_bw4o4j_N,-4470.488
ID_bw4o4j_P,9.127660000000002
ID_bw4o4j_K,-992.8327999999999
ID_bw4o4j_Ca,-4189.948799999999
ID_bw4o4j_Mg,-1058.3104
ID_bw4o4j_S,-11.604383999999992
ID_bw4o4j_Fe,-335.01435999999995
ID_bw4o4j_Mn,-470.65939999999995
ID_bw4o4j_Zn,-12.931387999999997
ID_bw4o4j_Cu,-5.139759999999998
ID_bw4o4j_B,-1.271128
ID_MVrfjc_N,-3512.96
ID_MVrfjc_P,-5.975359999999995
ID_MVrfjc_K,-1527.7520000000002
ID_MVrfjc_Ca,-4910.424000000001
ID_MVrfjc_Mg,-1177.8640000000003
ID_MVrfjc_S,-12.047040000000006
ID_MVrfjc_Fe,-334.7368
ID_MVrfjc_Mn,-487.15520000000004
ID_MVrfjc_Zn,-16.069280000000003
ID_MVrfjc_Cu,-5.790639999999997
ID_MVrfjc_B,-1.6897599999999997
ID_8rN9l7_N,-3211.5399999999995
ID_8rN9l7_P,-6.885499999999993
ID_8rN9l7_K,-1494.796
ID_8rN9l7_Ca,-5462.850999999999
ID_8rN9l7_Mg,-1041.4439999999997
ID_8rN9l7_S,-12.305479999999992
ID_8rN9l7_Fe,-314.27699999999993
ID_8rN9l7_Mn,-455.80499999999995
ID_8rN9l7_Zn,-14.670290000000008
ID_8rN9l7_Cu,-5.6804099999999975
ID_8rN9l7_B,-1.6213099999999998
ID_gW7jfj_N,-3660.9
ID_gW7jfj_P,-18.399220000000007
ID_gW7jfj_K,-1243.3600000000001
ID_gW7jfj_Ca,-4897.696
ID_gW7jfj_Mg,-873.4740000000002
ID_gW7jfj_S,-10.887920000000001
ID_gW7jfj_Fe,-351.277
ID_gW7jfj_Mn,-420.8846000000002
ID_gW7jfj_Zn,-17.557940000000002
ID_gW7jfj_Cu,-3.4792799999999984
ID_gW7jfj_B,-1.5286399999999998
ID_65WqRv_N,-6249.608
ID_65WqRv_P,12.086688000000002
ID_65WqRv_K,-753.5272
ID_65WqRv_Ca,-6917.6312
ID_65WqRv_Mg,-1395.2288
ID_65WqRv_S,-10.253207999999997
ID_65WqRv_Fe,-438.34119999999996
ID_65WqRv_Mn,-438.60432000000003
ID_65WqRv_Zn,-21.517272000000002
ID_65WqRv_Cu,-3.4915839999999987
ID_65WqRv_B,-0.9693360000000001
ID_HKu772_N,-6488.822
ID_HKu772_P,11.181688000000001
ID_HKu772_K,-424.96840000000003
ID_HKu772_Ca,-2921.862
ID_HKu772_Mg,-584.2238
ID_HKu772_S,-22.46060799999998
ID_HKu772_Fe,-380.1325799999999
ID_HKu772_Mn,-274.08477999999997
ID_HKu772_Zn,-18.11827
ID_HKu772_Cu,-3.744019999999999
ID_HKu772_B,-0.6707800000000005
ID_OfAYNs_N,-7052.3200000000015
ID_OfAYNs_P,10.287071999999988
ID_OfAYNs_K,-1142.6368000000002
ID_OfAYNs_Ca,-5767.1328
ID_OfAYNs_Mg,-903.1424000000002
ID_OfAYNs_S,-19.785151999999997
ID_OfAYNs_Fe,-496.39264
ID_OfAYNs_Mn,-492.42240000000004
ID_OfAYNs_Zn,-21.220928000000008
ID_OfAYNs_Cu,-4.167104
ID_OfAYNs_B,-1.0187200000000003
ID_JxrjJ6_N,-5013.476
ID_JxrjJ6_P,16.797935999999993
ID_JxrjJ6_K,-788.0871999999999
ID_JxrjJ6_Ca,-7119.8594
ID_JxrjJ6_Mg,-1131.5824
ID_JxrjJ6_S,-8.47108
ID_JxrjJ6_Fe,-372.7102
ID_JxrjJ6_Mn,-411.43075999999996
ID_JxrjJ6_Zn,-20.15402200000001
ID_JxrjJ6_Cu,-3.115419999999998
ID_JxrjJ6_B,-0.8642280000000007
ID_LrTmWb_N,-5560.304
ID_LrTmWb_P,0.2335199999999702
ID_LrTmWb_K,-724.6096
ID_LrTmWb_Ca,-4863.8944
ID_LrTmWb_Mg,-810.48
ID_LrTmWb_S,-28.294383999999972
ID_LrTmWb_Fe,-412.97648
ID_LrTmWb_Mn,-406.7912
ID_LrTmWb_Zn,-20.913968000000004
ID_LrTmWb_Cu,-4.248911999999996
ID_LrTmWb_B,-0.861824
ID_OpVZAl_N,-4370.053999999999
ID_OpVZAl_P,1.6035039999999938
ID_OpVZAl_K,-677.302
ID_OpVZAl_Ca,-3533.9174000000003
ID_OpVZAl_Mg,-648.4169999999999
ID_OpVZAl_S,-10.620114000000001
ID_OpVZAl_Fe,-381.42024000000004
ID_OpVZAl_Mn,-399.90024000000005
ID_OpVZAl_Zn,-21.919308000000004
ID_OpVZAl_Cu,-3.074513999999998
ID_OpVZAl_B,-0.8547359999999997
ID_eb6Bzm_N,-4572.746
ID_eb6Bzm_P,18.159610000000004
ID_eb6Bzm_K,-742.8044000000001
ID_eb6Bzm_Ca,-6582.634799999999
ID_eb6Bzm_Mg,-1113.2344
ID_eb6Bzm_S,-14.751347999999993
ID_eb6Bzm_Fe,-388.41687999999994
ID_eb6Bzm_Mn,-458.89286000000004
ID_eb6Bzm_Zn,-18.128353999999998
ID_eb6Bzm_Cu,-4.680771999999998
ID_eb6Bzm_B,-1.1915559999999998
ID_QgYyXg_N,-4286.424
ID_QgYyXg_P,-3.9649280000000005
ID_QgYyXg_K,-1308.3552
ID_QgYyXg_Ca,-4893.292
ID_QgYyXg_Mg,-1076.4840000000002
ID_QgYyXg_S,-14.127607999999995
ID_QgYyXg_Fe,-389.0296
ID_QgYyXg_Mn,-449.5384800000001
ID_QgYyXg_Zn,-25.433432000000003
ID_QgYyXg_Cu,-5.587007999999998
ID_QgYyXg_B,-1.8766880000000008
ID_fY3nLA_N,-3846.8
ID_fY3nLA_P,-17.16903
ID_fY3nLA_K,-870.323
ID_fY3nLA_Ca,-4004.306
ID_fY3nLA_Mg,-648.834
ID_fY3nLA_S,-9.933029999999999
ID_fY3nLA_Fe,-343.85959999999994
ID_fY3nLA_Mn,-434.5829000000001
ID_fY3nLA_Zn,-18.279909999999997
ID_fY3nLA_Cu,-4.023719999999997
ID_fY3nLA_B,-1.4612300000000003
ID_b3yHit_N,-3839.8340000000007
ID_b3yHit_P,-18.53651600000002
ID_b3yHit_K,-1240.7504000000004
ID_b3yHit_Ca,-4225.6692
ID_b3yHit_Mg,-681.2878000000001
ID_b3yHit_S,-9.726252000000013
ID_b3yHit_Fe,-330.8435800000001
ID_b3yHit_Mn,-438.6982400000001
ID_b3yHit_Zn,-26.20892000000001
ID_b3yHit_Cu,-3.08005
ID_b3yHit_B,-1.361002
ID_72XuyR_N,-5985.460000000001
ID_72XuyR_P,-36.823500000000024
ID_72XuyR_K,-842.5128
ID_72XuyR_Ca,-5298.5364
ID_72XuyR_Mg,-901.2467999999999
ID_72XuyR_S,-11.187288000000002
ID_72XuyR_Fe,-358.1202399999999
ID_72XuyR_Mn,-433.6530400000001
ID_72XuyR_Zn,-23.207048000000007
ID_72XuyR_Cu,-3.7764839999999955
ID_72XuyR_B,-1.2318559999999996
ID_w12OIR_N,-5851.0160000000005
ID_w12OIR_P,0.5657439999999738
ID_w12OIR_K,-829.5824000000001
ID_w12OIR_Ca,-6173.5056
ID_w12OIR_Mg,-1242.1432000000002
ID_w12OIR_S,-10.062240000000003
ID_w12OIR_Fe,-383.58711999999997
ID_w12OIR_Mn,-428.73584000000005
ID_w12OIR_Zn,-23.872567999999998
ID_w12OIR_Cu,-4.551135999999997
ID_w12OIR_B,-0.9291519999999999
ID_ukR4lb_N,-5812.612
ID_ukR4lb_P,-8.761082000000002
ID_ukR4lb_K,-847.3444
ID_ukR4lb_Ca,-6206.344799999999
ID_ukR4lb_Mg,-1137.8652
ID_ukR4lb_S,-10.823514000000003
ID_ukR4lb_Fe,-373.60742
ID_ukR4lb_Mn,-445.9726
ID_ukR4lb_Zn,-16.970812000000002
ID_ukR4lb_Cu,-3.959303999999997
ID_ukR4lb_B,-1.4703599999999988
ID_a8BQ3i_N,-5845.856000000001
ID_a8BQ3i_P,-30.329504000000014
ID_a8BQ3i_K,-910.3488000000002
ID_a8BQ3i_Ca,-5576.889600000001
ID_a8BQ3i_Mg,-890.8896000000001
ID_a8BQ3i_S,-11.431520000000003
ID_a8BQ3i_Fe,-348.79008000000005
ID_a8BQ3i_Mn,-451.19744000000003
ID_a8BQ3i_Zn,-23.55814400000002
ID_a8BQ3i_Cu,-4.8119999999999985
ID_a8BQ3i_B,-1.4935999999999994
ID_G1J7xP_N,-4715.156000000001
ID_G1J7xP_P,-98.321944
ID_G1J7xP_K,-1312.5592
ID_G1J7xP_Ca,-7759.347600000001
ID_G1J7xP_Mg,-1014.1368000000001
ID_G1J7xP_S,-13.212099999999992
ID_G1J7xP_Fe,-435.2903600000001
ID_G1J7xP_Mn,-398.18968000000007
ID_G1J7xP_Zn,-20.815476000000007
ID_G1J7xP_Cu,-4.670911999999996
ID_G1J7xP_B,-1.3007559999999998
ID_XQ3p3H_N,-5861.144
ID_XQ3p3H_P,-15.934454000000017
ID_XQ3p3H_K,-973.7732000000003
ID_XQ3p3H_Ca,-6494.176200000001
ID_XQ3p3H_Mg,-894.4966000000001
ID_XQ3p3H_S,-10.499700000000004
ID_XQ3p3H_Fe,-375.27022
ID_XQ3p3H_Mn,-436.05644000000007
ID_XQ3p3H_Zn,-23.68367000000002
ID_XQ3p3H_Cu,-3.4649979999999987
ID_XQ3p3H_B,-1.4360379999999995
ID_bHrTfP_N,-5391.71
ID_bHrTfP_P,-116.41656
ID_bHrTfP_K,-1703.107
ID_bHrTfP_Ca,-5965.24
ID_bHrTfP_Mg,-1024.171
ID_bHrTfP_S,-13.08012
ID_bHrTfP_Fe,-400.3108
ID_bHrTfP_Mn,-482.0456999999999
ID_bHrTfP_Zn,-32.426289999999995
ID_bHrTfP_Cu,-4.256019999999997
ID_bHrTfP_B,-1.7694300000000003
ID_AzAykr_N,-5207.646000000001
ID_AzAykr_P,-51.602074000000044
ID_AzAykr_K,-1039.2644000000003
ID_AzAykr_Ca,-6225.219800000002
ID_AzAykr_Mg,-849.5030000000002
ID_AzAykr_S,-10.737399999999997
ID_AzAykr_Fe,-364.71188
ID_AzAykr_Mn,-440.63798
ID_AzAykr_Zn,-22.878476000000013
ID_AzAykr_Cu,-5.048785999999997
ID_AzAykr_B,-1.4891639999999995
ID_Ppr4vh_N,-5664.896000000001
ID_Ppr4vh_P,-75.05904800000002
ID_Ppr4vh_K,-1445.9672000000003
ID_Ppr4vh_Ca,-4788.794400000001
ID_Ppr4vh_Mg,-770.5318000000002
ID_Ppr4vh_S,-10.178688000000005
ID_Ppr4vh_Fe,-435.2901400000002
ID_Ppr4vh_Mn,-428.8303400000001
ID_Ppr4vh_Zn,-28.63449199999999
ID_Ppr4vh_Cu,-2.7832359999999996
ID_Ppr4vh_B,-1.2742000000000004
ID_ANlWdy_N,-5578.176
ID_ANlWdy_P,15.63776
ID_ANlWdy_K,-782.3328000000001
ID_ANlWdy_Ca,-5209.820800000001
ID_ANlWdy_Mg,-924.1984000000002
ID_ANlWdy_S,-28.143487999999977
ID_ANlWdy_Fe,-520.0851200000003
ID_ANlWdy_Mn,-435.18592
ID_ANlWdy_Zn,-18.923807999999998
ID_ANlWdy_Cu,-2.7207360000000005
ID_ANlWdy_B,-0.6426240000000002
ID_kyrYN7_N,-5775.100000000001
ID_kyrYN7_P,15.449712000000002
ID_kyrYN7_K,-1082.3412000000003
ID_kyrYN7_Ca,-5984.329800000001
ID_kyrYN7_Mg,-885.0370000000001
ID_kyrYN7_S,-12.915437999999995
ID_kyrYN7_Fe,-427.37162000000006
ID_kyrYN7_Mn,-393.5238200000001
ID_kyrYN7_Zn,-20.067802000000004
ID_kyrYN7_Cu,-3.251812000000001
ID_kyrYN7_B,-0.8820340000000007
ID_qttYou_N,-5873.086
ID_qttYou_P,-3.986684000000018
ID_qttYou_K,-905.5691999999999
ID_qttYou_Ca,-7105.152000000001
ID_qttYou_Mg,-1305.5457999999999
ID_qttYou_S,-11.122175999999993
ID_qttYou_Fe,-412.04907999999995
ID_qttYou_Mn,-454.0062599999999
ID_qttYou_Zn,-23.15795400000001
ID_qttYou_Cu,-4.284157999999996
ID_qttYou_B,-1.1666439999999993
ID_hTtIpi_N,-4699.052000000001
ID_hTtIpi_P,-11.150866000000008
ID_hTtIpi_K,-1444.4828000000002
ID_hTtIpi_Ca,-4583.701599999999
ID_hTtIpi_Mg,-805.7068
ID_hTtIpi_S,-8.602744000000001
ID_hTtIpi_Fe,-318.54166000000004
ID_hTtIpi_Mn,-434.5688600000001
ID_hTtIpi_Zn,-11.18604600000001
ID_hTtIpi_Cu,-2.9865059999999994
ID_hTtIpi_B,-1.2053280000000004
ID_66WXY1_N,-4906.370000000001
ID_66WXY1_P,-18.90142000000001
ID_66WXY1_K,-1114.5398000000002
ID_66WXY1_Ca,-3820.0476000000003
ID_66WXY1_Mg,-737.9960000000001
ID_66WXY1_S,-8.86456200000001
ID_66WXY1_Fe,-326.4681400000001
ID_66WXY1_Mn,-398.51602000000014
ID_66WXY1_Zn,-16.280269999999998
ID_66WXY1_Cu,-3.1397599999999968
ID_66WXY1_B,-1.1564959999999997
ID_mq49Ob_N,-6931.664000000001
ID_mq49Ob_P,-1.8830480000000023
ID_mq49Ob_K,-1160.4296000000002
ID_mq49Ob_Ca,-6069.1992
ID_mq49Ob_Mg,-1198.2520000000002
ID_mq49Ob_S,-21.828192
ID_mq49Ob_Fe,-486.98416
ID_mq49Ob_Mn,-413.5812800000001
ID_mq49Ob_Zn,-22.52602400000001
ID_mq49Ob_Cu,-4.012431999999999
ID_mq49Ob_B,-1.3661199999999996
ID_7Nhgp9_N,-5613.8
ID_7Nhgp9_P,-80.141954
ID_7Nhgp9_K,-1519.5518000000002
ID_7Nhgp9_Ca,-5350.2408
ID_7Nhgp9_Mg,-1010.7470000000002
ID_7Nhgp9_S,-18.268588000000012
ID_7Nhgp9_Fe,-412.1237000000001
ID_7Nhgp9_Mn,-456.07698000000016
ID_7Nhgp9_Zn,-24.571018000000002
ID_7Nhgp9_Cu,-4.093909999999999
ID_7Nhgp9_B,-1.1532820000000008
ID_fLRLFt_N,-4936.264
ID_fLRLFt_P,-142.10401000000013
ID_fLRLFt_K,-1152.526
ID_fLRLFt_Ca,-5810.7712
ID_fLRLFt_Mg,-1220.8064000000004
ID_fLRLFt_S,-8.064054000000006
ID_fLRLFt_Fe,-427.22992000000005
ID_fLRLFt_Mn,-384.90692
ID_fLRLFt_Zn,-18.513866000000007
ID_fLRLFt_Cu,-4.184207999999998
ID_fLRLFt_B,-1.3489479999999996
ID_Z3Lyzr_N,-5086.256000000001
ID_Z3Lyzr_P,-22.63780199999998
ID_Z3Lyzr_K,-1091.7738000000002
ID_Z3Lyzr_Ca,-5741.3534
ID_Z3Lyzr_Mg,-899.9450000000002
ID_Z3Lyzr_S,-15.134938000000002
ID_Z3Lyzr_Fe,-479.35921999999994
ID_Z3Lyzr_Mn,-398.3665600000001
ID_Z3Lyzr_Zn,-17.009884000000003
ID_Z3Lyzr_Cu,-3.9511059999999976
ID_Z3Lyzr_B,-1.0989380000000002
ID_L8XuW2_N,-5009.728
ID_L8XuW2_P,-24.997088000000005
ID_L8XuW2_K,-898.0608000000001
ID_L8XuW2_Ca,-5640.608
ID_L8XuW2_Mg,-829.6992
ID_L8XuW2_S,-8.822672
ID_L8XuW2_Fe,-351.48127999999997
ID_L8XuW2_Mn,-407.8145600000001
ID_L8XuW2_Zn,-19.883328000000013
ID_L8XuW2_Cu,-3.617423999999999
ID_L8XuW2_B,-1.2516159999999987
ID_xlzlvx_N,-6797.088000000001
ID_xlzlvx_P,14.749798000000006
ID_xlzlvx_K,-338.4862
ID_xlzlvx_Ca,-2928.6554
ID_xlzlvx_Mg,-508.7564
ID_xlzlvx_S,-27.692999999999962
ID_xlzlvx_Fe,-474.88778
ID_xlzlvx_Mn,-285.35324
ID_xlzlvx_Zn,-17.390746
ID_xlzlvx_Cu,-3.212386
ID_xlzlvx_B,-0.7122440000000008
ID_tRzVc5_N,-6337.424
ID_tRzVc5_P,16.17014800000001
ID_tRzVc5_K,-413.42600000000004
ID_tRzVc5_Ca,-3527.4612
ID_tRzVc5_Mg,-497.94039999999995
ID_tRzVc5_S,-22.914599999999993
ID_tRzVc5_Fe,-360.1453599999999
ID_tRzVc5_Mn,-298.73336
ID_tRzVc5_Zn,-17.125232
ID_tRzVc5_Cu,-3.482404
ID_tRzVc5_B,-0.6717400000000003
ID_CTJ3tO_N,-4964.120000000001
ID_CTJ3tO_P,15.670192000000004
ID_CTJ3tO_K,-724.5416
ID_CTJ3tO_Ca,-5703.014400000001
ID_CTJ3tO_Mg,-819.6688
ID_CTJ3tO_S,-6.631512000000008
ID_CTJ3tO_Fe,-359.07976
ID_CTJ3tO_Mn,-411.5379200000001
ID_CTJ3tO_Zn,-10.638679999999999
ID_CTJ3tO_Cu,-3.428367999999999
ID_CTJ3tO_B,-1.0390959999999996
ID_HXXYBZ_N,-5020.85
ID_HXXYBZ_P,-60.81029000000001
ID_HXXYBZ_K,-1535.6000000000001
ID_HXXYBZ_Ca,-7894.857
ID_HXXYBZ_Mg,-1118.818
ID_HXXYBZ_S,-10.116990000000001
ID_HXXYBZ_Fe,-326.0314
ID_HXXYBZ_Mn,-433.59860000000003
ID_HXXYBZ_Zn,-28.302379999999996
ID_HXXYBZ_Cu,-4.766289999999999
ID_HXXYBZ_B,-1.45699
ID_o34dc3_N,-4674.77
ID_o34dc3_P,-38.942779999999985
ID_o34dc3_K,-980.0870000000002
ID_o34dc3_Ca,-6045.135000000001
ID_o34dc3_Mg,-920.704
ID_o34dc3_S,-9.751380000000012
ID_o34dc3_Fe,-426.2245
ID_o34dc3_Mn,-392.6024000000001
ID_o34dc3_Zn,-14.935670000000002
ID_o34dc3_Cu,-3.5062899999999977
ID_o34dc3_B,-1.38265
ID_wyUtgN_N,-6697.232000000001
ID_wyUtgN_P,12.661312000000002
ID_wyUtgN_K,-1138.9664
ID_wyUtgN_Ca,-6235.7376
ID_wyUtgN_Mg,-839.3504000000001
ID_wyUtgN_S,-16.250352000000007
ID_wyUtgN_Fe,-469.61904000000015
ID_wyUtgN_Mn,-349.27088000000003
ID_wyUtgN_Zn,-17.896095999999996
ID_wyUtgN_Cu,-4.109551999999999
ID_wyUtgN_B,-1.2114720000000005
ID_lalOsW_N,-6283.104
ID_lalOsW_P,-38.21257600000003
ID_lalOsW_K,-1205.4016000000001
ID_lalOsW_Ca,-5417.0912
ID_lalOsW_Mg,-964.8784000000002
ID_lalOsW_S,-12.518416000000002
ID_lalOsW_Fe,-411.3374400000001
ID_lalOsW_Mn,-413.35360000000003
ID_lalOsW_Zn,-19.91036800000001
ID_lalOsW_Cu,-3.8270880000000007
ID_lalOsW_B,-1.2923839999999993
ID_cXrqpo_N,-6404.198
ID_cXrqpo_P,13.351554000000004
ID_cXrqpo_K,-994.6024
ID_cXrqpo_Ca,-4311.5272
ID_cXrqpo_Mg,-712.2108000000001
ID_cXrqpo_S,-24.933679999999974
ID_cXrqpo_Fe,-420.91136
ID_cXrqpo_Mn,-379.1660800000001
ID_cXrqpo_Zn,-19.093201999999998
ID_cXrqpo_Cu,-3.402064
ID_cXrqpo_B,-0.7492100000000007
ID_3PooW8_N,-6035.426
ID_3PooW8_P,15.21990400000001
ID_3PooW8_K,-931.1293999999998
ID_3PooW8_Ca,-4655.85
ID_3PooW8_Mg,-775.1494
ID_3PooW8_S,-25.403189999999974
ID_3PooW8_Fe,-347.41468
ID_3PooW8_Mn,-364.5734000000001
ID_3PooW8_Zn,-18.127651999999994
ID_3PooW8_Cu,-3.3810279999999997
ID_3PooW8_B,-0.6840820000000009
ID_4I3gG2_N,-6679.010000000001
ID_4I3gG2_P,14.301670000000005
ID_4I3gG2_K,-1177.592
ID_4I3gG2_Ca,-5709.072
ID_4I3gG2_Mg,-684.0970000000001
ID_4I3gG2_S,-19.177649999999996
ID_4I3gG2_Fe,-383.2732
ID_4I3gG2_Mn,-335.99480000000005
ID_4I3gG2_Zn,-18.851959999999995
ID_4I3gG2_Cu,-3.635860000000001
ID_4I3gG2_B,-0.9439600000000011
ID_mdlWK8_N,-5671.7080000000005
ID_mdlWK8_P,4.96970000000001
ID_mdlWK8_K,-928.8896000000001
ID_mdlWK8_Ca,-6069.985200000001
ID_mdlWK8_Mg,-920.0712
ID_mdlWK8_S,-12.810640000000003
ID_mdlWK8_Fe,-410.8147800000001
ID_mdlWK8_Mn,-400.2885400000001
ID_mdlWK8_Zn,-20.672564
ID_mdlWK8_Cu,-3.7506679999999974
ID_mdlWK8_B,-1.2159460000000006
ID_4bgzKh_N,-6433.916000000001
ID_4bgzKh_P,14.31232
ID_4bgzKh_K,-958.4936
ID_4bgzKh_Ca,-4317.288
ID_4bgzKh_Mg,-687.1300000000001
ID_4bgzKh_S,-26.729603999999973
ID_4bgzKh_Fe,-344.71684
ID_4bgzKh_Mn,-334.8209600000001
ID_4bgzKh_Zn,-19.253155999999997
ID_4bgzKh_Cu,-3.4589440000000002
ID_4bgzKh_B,-0.7539520000000005
ID_EEgwn9_N,-6437.326000000001
ID_EEgwn9_P,18.19410000000001
ID_EEgwn9_K,-449.26300000000003
ID_EEgwn9_Ca,-2844.3002
ID_EEgwn9_Mg,-461.6702
ID_EEgwn9_S,-27.69744399999996
ID_EEgwn9_Fe,-358.64486
ID_EEgwn9_Mn,-266.20364
ID_EEgwn9_Zn,-17.320247999999996
ID_EEgwn9_Cu,-3.109366
ID_EEgwn9_B,-0.6259900000000004
ID_Hxu1Mx_N,-6755.678
ID_Hxu1Mx_P,16.786766000000007
ID_Hxu1Mx_K,-430.21439999999996
ID_Hxu1Mx_Ca,-2777.5998
ID_Hxu1Mx_Mg,-381.4762
ID_Hxu1Mx_S,-27.68310199999995
ID_Hxu1Mx_Fe,-398.96002000000004
ID_Hxu1Mx_Mn,-279.57604000000003
ID_Hxu1Mx_Zn,-16.592441999999995
ID_Hxu1Mx_Cu,-3.411154
ID_Hxu1Mx_B,-0.6690160000000005
ID_WJir9f_N,-6187.67
ID_WJir9f_P,16.126690000000014
ID_WJir9f_K,-432.443
ID_WJir9f_Ca,-3990.330999999999
ID_WJir9f_Mg,-642.427
ID_WJir9f_S,-25.509039999999963
ID_WJir9f_Fe,-449.4411
ID_WJir9f_Mn,-416.1427000000001
ID_WJir9f_Zn,-17.600219999999997
ID_WJir9f_Cu,-3.205749999999999
ID_WJir9f_B,-0.6608100000000002
ID_PuxnyH_N,-6037.26
ID_PuxnyH_P,16.234544
ID_PuxnyH_K,-859.2736000000001
ID_PuxnyH_Ca,-4771.6035999999995
ID_PuxnyH_Mg,-723.038
ID_PuxnyH_S,-10.681447999999993
ID_PuxnyH_Fe,-421.71872
ID_PuxnyH_Mn,-389.58155999999997
ID_PuxnyH_Zn,-18.56638
ID_PuxnyH_Cu,-2.6743319999999984
ID_PuxnyH_B,-0.8556760000000005
ID_a8mNws_N,-6587.752
ID_a8mNws_P,12.38064000000001
ID_a8mNws_K,-466.00080000000014
ID_a8mNws_Ca,-4038.0692000000013
ID_a8mNws_Mg,-651.85
ID_a8mNws_S,-25.140915999999997
ID_a8mNws_Fe,-456.00488000000007
ID_a8mNws_Mn,-398.32112000000006
ID_a8mNws_Zn,-18.421995999999996
ID_a8mNws_Cu,-3.2992720000000006
ID_a8mNws_B,-0.7342920000000008
ID_DsZhr0_N,-6417.428
ID_DsZhr0_P,6.2244460000000075
ID_DsZhr0_K,-512.44
ID_DsZhr0_Ca,-3160.7090000000003
ID_DsZhr0_Mg,-584.0852000000001
ID_DsZhr0_S,-28.349837999999977
ID_DsZhr0_Fe,-469.86262
ID_DsZhr0_Mn,-395.2848000000001
ID_DsZhr0_Zn,-18.663857999999994
ID_DsZhr0_Cu,-3.8336859999999993
ID_DsZhr0_B,-0.7126880000000005
ID_BxowUY_N,-6366.400000000001
ID_BxowUY_P,13.844200000000011
ID_BxowUY_K,-475.7600000000001
ID_BxowUY_Ca,-4249.7
ID_BxowUY_Mg,-678.08
ID_BxowUY_S,-22.584399999999974
ID_BxowUY_Fe,-462.53400000000005
ID_BxowUY_Mn,-403.7480000000001
ID_BxowUY_Zn,-19.2558
ID_BxowUY_Cu,-3.3458000000000006
ID_BxowUY_B,-0.7044000000000007
ID_aMG5sT_N,-6884.432000000001
ID_aMG5sT_P,13.268880000000006
ID_aMG5sT_K,-436.73760000000004
ID_aMG5sT_Ca,-3012.2992000000004
ID_aMG5sT_Mg,-480.21759999999995
ID_aMG5sT_S,-30.306783999999972
ID_aMG5sT_Fe,-491.62336000000005
ID_aMG5sT_Mn,-406.50000000000006
ID_aMG5sT_Zn,-19.500816000000007
ID_aMG5sT_Cu,-3.483680000000002
ID_aMG5sT_B,-0.7145600000000009
ID_3VOvYO_N,-6904.748
ID_3VOvYO_P,13.744996000000008
ID_3VOvYO_K,-439.028
ID_3VOvYO_Ca,-2965.4412
ID_3VOvYO_Mg,-443.47240000000005
ID_3VOvYO_S,-30.431591999999966
ID_3VOvYO_Fe,-483.39808000000005
ID_3VOvYO_Mn,-367.1264
ID_3VOvYO_Zn,-18.28334
ID_3VOvYO_Cu,-3.5890960000000014
ID_3VOvYO_B,-0.6537880000000004
ID_9dYKmn_N,-6917.396000000001
ID_9dYKmn_P,14.021823999999995
ID_9dYKmn_K,-466.36400000000003
ID_9dYKmn_Ca,-2875.3752000000004
ID_9dYKmn_Mg,-420.0124
ID_9dYKmn_S,-30.08111999999997
ID_9dYKmn_Fe,-476.63344
ID_9dYKmn_Mn,-325.2044000000001
ID_9dYKmn_Zn,-17.281291999999993
ID_9dYKmn_Cu,-4.113172
ID_9dYKmn_B,-0.6633760000000007
ID_lbosM9_N,-6610.616000000001
ID_lbosM9_P,14.463148000000004
ID_lbosM9_K,-442.62379999999996
ID_lbosM9_Ca,-2849.7336
ID_lbosM9_Mg,-426.907
ID_lbosM9_S,-26.927393999999964
ID_lbosM9_Fe,-471.09142
ID_lbosM9_Mn,-310.28180000000003
ID_lbosM9_Zn,-16.204477999999998
ID_lbosM9_Cu,-3.395482
ID_lbosM9_B,-0.6615100000000005
ID_4zHkjA_N,-6246.9439999999995
ID_4zHkjA_P,16.57772800000001
ID_4zHkjA_K,-875.4752000000001
ID_4zHkjA_Ca,-4010.8992000000007
ID_4zHkjA_Mg,-710.6368
ID_4zHkjA_S,-25.80518399999996
ID_4zHkjA_Fe,-443.75872
ID_4zHkjA_Mn,-384.42368
ID_4zHkjA_Zn,-18.799424
ID_4zHkjA_Cu,-3.7244799999999985
ID_4zHkjA_B,-0.7075840000000003
ID_S4GgLI_N,-6527.432000000001
ID_S4GgLI_P,15.99605600000001
ID_S4GgLI_K,-461.8876
ID_S4GgLI_Ca,-3265.2746
ID_S4GgLI_Mg,-656.041
ID_S4GgLI_S,-27.793431999999967
ID_S4GgLI_Fe,-492.63180000000006
ID_S4GgLI_Mn,-425.43290000000013
ID_S4GgLI_Zn,-18.948756
ID_S4GgLI_Cu,-2.7863820000000015
ID_S4GgLI_B,-0.6560380000000006
ID_0h6S7Q_N,-6355.0
ID_0h6S7Q_P,14.50000000000001
ID_0h6S7Q_K,-440.92
ID_0h6S7Q_Ca,-4082.72
ID_0h6S7Q_Mg,-589.2600000000001
ID_0h6S7Q_S,-26.97339999999997
ID_0h6S7Q_Fe,-464.30600000000004
ID_0h6S7Q_Mn,-396.37800000000004
ID_0h6S7Q_Zn,-19.052400000000002
ID_0h6S7Q_Cu,-3.341000000000001
ID_0h6S7Q_B,-0.6958000000000004
ID_vxYU0W_N,-6233.6
ID_vxYU0W_P,14.907400000000006
ID_vxYU0W_K,-1011.9400000000003
ID_vxYU0W_Ca,-4688.260000000001
ID_vxYU0W_Mg,-780.0
ID_vxYU0W_S,-11.8566
ID_vxYU0W_Fe,-442.654
ID_vxYU0W_Mn,-426.7680000000001
ID_vxYU0W_Zn,-19.2678
ID_vxYU0W_Cu,-3.1001999999999983
ID_vxYU0W_B,-0.824800000000001
ID_FZ5NWo_N,-6351.536
ID_FZ5NWo_P,13.816960000000005
ID_FZ5NWo_K,-445.4528
ID_FZ5NWo_Ca,-3355.7488
ID_FZ5NWo_Mg,-547.464
ID_FZ5NWo_S,-29.069391999999972
ID_FZ5NWo_Fe,-458.84672
ID_FZ5NWo_Mn,-430.61344
ID_FZ5NWo_Zn,-19.007855999999997
ID_FZ5NWo_Cu,-3.0081919999999998
ID_FZ5NWo_B,-0.7253760000000005
ID_nArfSl_N,-6209.400000000001
ID_nArfSl_P,16.723200000000006
ID_nArfSl_K,-979.22
ID_nArfSl_Ca,-3895.4400000000005
ID_nArfSl_Mg,-724.64
ID_nArfSl_S,-23.406599999999976
ID_nArfSl_Fe,-447.024
ID_nArfSl_Mn,-406.92800000000005
ID_nArfSl_Zn,-19.529999999999998
ID_nArfSl_Cu,-2.8898
ID_nArfSl_B,-0.8136000000000008
ID_nJrpqh_N,-6044.436000000001
ID_nJrpqh_P,10.447601999999993
ID_nJrpqh_K,-688.9158000000001
ID_nJrpqh_Ca,-3184.0844
ID_nJrpqh_Mg,-568.306
ID_nJrpqh_S,-27.873991999999973
ID_nJrpqh_Fe,-457.33398000000005
ID_nJrpqh_Mn,-401.68908000000005
ID_nJrpqh_Zn,-18.100371999999993
ID_nJrpqh_Cu,-3.056239999999998
ID_nJrpqh_B,-0.7263840000000001
ID_vSdIXw_N,-6326.356000000001
ID_vSdIXw_P,14.223344000000008
ID_vSdIXw_K,-969.5220000000002
ID_vSdIXw_Ca,-5957.347600000001
ID_vSdIXw_Mg,-1028.7224
ID_vSdIXw_S,-8.040360000000003
ID_vSdIXw_Fe,-479.75736
ID_vSdIXw_Mn,-405.9616000000001
ID_vSdIXw_Zn,-20.218272000000006
ID_vSdIXw_Cu,-3.257083999999999
ID_vSdIXw_B,-0.9884800000000004
ID_FVdW0u_N,-5634.01
ID_FVdW0u_P,15.394330000000007
ID_FVdW0u_K,-1043.508
ID_FVdW0u_Ca,-5076.921
ID_FVdW0u_Mg,-914.1384
ID_FVdW0u_S,-8.32499000000001
ID_FVdW0u_Fe,-438.34256000000005
ID_FVdW0u_Mn,-453.54572
ID_FVdW0u_Zn,-19.903772000000007
ID_FVdW0u_Cu,-3.343611999999998
ID_FVdW0u_B,-0.8266060000000003
ID_m46kRN_N,-6439.312000000001
ID_m46kRN_P,-14.221024000000014
ID_m46kRN_K,-1101.3600000000001
ID_m46kRN_Ca,-5061.5568
ID_m46kRN_Mg,-913.648
ID_m46kRN_S,-14.395824000000005
ID_m46kRN_Fe,-425.1112
ID_m46kRN_Mn,-401.10656
ID_m46kRN_Zn,-20.019776000000004
ID_m46kRN_Cu,-3.726415999999999
ID_m46kRN_B,-1.240592000000001
ID_rGYdbL_N,-5733.392000000001
ID_rGYdbL_P,-1.8581279999999936
ID_rGYdbL_K,-881.7964000000002
ID_rGYdbL_Ca,-6089.3388
ID_rGYdbL_Mg,-887.7635999999999
ID_rGYdbL_S,-9.326351999999993
ID_rGYdbL_Fe,-503.69004000000007
ID_rGYdbL_Mn,-397.2017600000001
ID_rGYdbL_Zn,-20.717108000000014
ID_rGYdbL_Cu,-3.084303999999996
ID_rGYdbL_B,-0.9053760000000004
ID_Ew2TIz_N,-5118.176
ID_Ew2TIz_P,-92.82915799999998
ID_Ew2TIz_K,-1400.4394000000002
ID_Ew2TIz_Ca,-6974.800400000002
ID_Ew2TIz_Mg,-894.1170000000001
ID_Ew2TIz_S,-11.67931399999999
ID_Ew2TIz_Fe,-392.6689600000001
ID_Ew2TIz_Mn,-402.97716000000014
ID_Ew2TIz_Zn,-22.272444
ID_Ew2TIz_Cu,-4.375747999999996
ID_Ew2TIz_B,-1.3214859999999995
ID_7ZMcYh_N,-5350.64
ID_7ZMcYh_P,9.540479999999988
ID_7ZMcYh_K,-738.4624
ID_7ZMcYh_Ca,-5772.542400000001
ID_7ZMcYh_Mg,-943.8704000000002
ID_7ZMcYh_S,-7.593392000000005
ID_7ZMcYh_Fe,-431.3054400000001
ID_7ZMcYh_Mn,-391.5864000000001
ID_7ZMcYh_Zn,-20.040784000000016
ID_7ZMcYh_Cu,-3.2717279999999973
ID_7ZMcYh_B,-1.0642079999999992
ID_OYQahN_N,-5424.508000000001
ID_OYQahN_P,-44.54178400000001
ID_OYQahN_K,-1016.4164000000003
ID_OYQahN_Ca,-5898.5388
ID_OYQahN_Mg,-1254.9900000000002
ID_OYQahN_S,-10.185375999999998
ID_OYQahN_Fe,-432.09340000000003
ID_OYQahN_Mn,-388.93164000000013
ID_OYQahN_Zn,-20.103580000000008
ID_OYQahN_Cu,-3.4652679999999982
ID_OYQahN_B,-1.264504
ID_UPcnml_N,-4992.916000000001
ID_UPcnml_P,3.9663439999999923
ID_UPcnml_K,-767.9634000000002
ID_UPcnml_Ca,-6586.467600000001
ID_UPcnml_Mg,-882.0504000000001
ID_UPcnml_S,-8.673376000000015
ID_UPcnml_Fe,-349.41482
ID_UPcnml_Mn,-395.16100000000006
ID_UPcnml_Zn,-18.97366000000001
ID_UPcnml_Cu,-3.8462979999999956
ID_UPcnml_B,-1.026568
ID_C6WKoY_N,-5185.628000000001
ID_C6WKoY_P,-31.596214000000003
ID_C6WKoY_K,-1576.8742000000002
ID_C6WKoY_Ca,-6825.090400000001
ID_C6WKoY_Mg,-842.6142000000002
ID_C6WKoY_S,-10.655432000000005
ID_C6WKoY_Fe,-359.58670000000006
ID_C6WKoY_Mn,-416.32226000000014
ID_C6WKoY_Zn,-25.143713999999996
ID_C6WKoY_Cu,-3.9801499999999965
ID_C6WKoY_B,-1.4996280000000004
ID_TLxhXo_N,-6882.104000000001
ID_TLxhXo_P,13.026712000000003
ID_TLxhXo_K,-433.52
ID_TLxhXo_Ca,-2942.5932000000003
ID_TLxhXo_Mg,-433.86400000000003
ID_TLxhXo_S,-29.348555999999974
ID_TLxhXo_Fe,-368.18908000000005
ID_TLxhXo_Mn,-313.78448000000003
ID_TLxhXo_Zn,-18.629527999999997
ID_TLxhXo_Cu,-3.6360160000000006
ID_TLxhXo_B,-0.6411400000000003
ID_mlhDdK_N,-5546.254000000001
ID_mlhDdK_P,17.02873400000001
ID_mlhDdK_K,-543.2782000000001
ID_mlhDdK_Ca,-3153.4784000000004
ID_mlhDdK_Mg,-669.4104
ID_mlhDdK_S,-28.152901999999976
ID_mlhDdK_Fe,-456.35931999999997
ID_mlhDdK_Mn,-393.76658000000003
ID_mlhDdK_Zn,-18.776334000000002
ID_mlhDdK_Cu,-3.000827999999997
ID_mlhDdK_B,-0.6051560000000001
ID_yJI0en_N,-5861.228000000001
ID_yJI0en_P,-49.221048000000025
ID_yJI0en_K,-1248.3232000000003
ID_yJI0en_Ca,-5187.4908000000005
ID_yJI0en_Mg,-913.2248000000002
ID_yJI0en_S,-7.574808000000004
ID_yJI0en_Fe,-415.16944000000007
ID_yJI0en_Mn,-414.4712800000001
ID_yJI0en_Zn,-21.048888000000012
ID_yJI0en_Cu,-3.109955999999998
ID_yJI0en_B,-1.15066
ID_Z0dXXO_N,-5662.232
ID_Z0dXXO_P,-97.93801200000001
ID_Z0dXXO_K,-1184.103
ID_Z0dXXO_Ca,-8047.3586
ID_Z0dXXO_Mg,-1028.1182000000003
ID_Z0dXXO_S,-8.29306
ID_Z0dXXO_Fe,-453.32700000000006
ID_Z0dXXO_Mn,-388.31170000000003
ID_Z0dXXO_Zn,-15.745043999999998
ID_Z0dXXO_Cu,-4.205515999999998
ID_Z0dXXO_B,-1.3183280000000006
ID_xdgcDU_N,-5560.496000000001
ID_xdgcDU_P,-60.96660800000001
ID_xdgcDU_K,-998.192
ID_xdgcDU_Ca,-7214.3016000000025
ID_xdgcDU_Mg,-1293.3784
ID_xdgcDU_S,-5.479800000000001
ID_xdgcDU_Fe,-453.22119999999995
ID_xdgcDU_Mn,-381.0344000000001
ID_xdgcDU_Zn,-15.666943999999999
ID_xdgcDU_Cu,-3.226407999999997
ID_xdgcDU_B,-1.261792
ID_DBP7iR_N,-5670.938000000001
ID_DBP7iR_P,-100.498276
ID_DBP7iR_K,-1699.3332000000003
ID_DBP7iR_Ca,-6901.890600000001
ID_DBP7iR_Mg,-940.3196
ID_DBP7iR_S,-10.065968000000002
ID_DBP7iR_Fe,-493.77968000000004
ID_DBP7iR_Mn,-460.55814000000015
ID_DBP7iR_Zn,-13.25641
ID_DBP7iR_Cu,-4.1371379999999975
ID_DBP7iR_B,-1.335182
ID_4NeKEY_N,-5354.432000000001
ID_4NeKEY_P,-125.46501399999997
ID_4NeKEY_K,-1350.8128000000002
ID_4NeKEY_Ca,-6628.6126
ID_4NeKEY_Mg,-1016.4180000000001
ID_4NeKEY_S,-5.411895999999995
ID_4NeKEY_Fe,-445.46276000000006
ID_4NeKEY_Mn,-398.3654600000001
ID_4NeKEY_Zn,-16.160390000000003
ID_4NeKEY_Cu,-3.815923999999998
ID_4NeKEY_B,-1.252792
ID_xSLC3D_N,-5104.2660000000005
ID_xSLC3D_P,-55.38643400000001
ID_xSLC3D_K,-1374.2030000000002
ID_xSLC3D_Ca,-7050.9844
ID_xSLC3D_Mg,-1110.2356
ID_xSLC3D_S,-7.300874000000007
ID_xSLC3D_Fe,-481.36553999999995
ID_xSLC3D_Mn,-419.8296600000001
ID_xSLC3D_Zn,-15.266726000000004
ID_xSLC3D_Cu,-4.275381999999998
ID_xSLC3D_B,-1.3249099999999996
ID_oL8s4H_N,-4688.084000000001
ID_oL8s4H_P,-40.64405599999999
ID_oL8s4H_K,-1012.1048000000001
ID_oL8s4H_Ca,-6466.2648
ID_oL8s4H_Mg,-805.96
ID_oL8s4H_S,-6.972408000000009
ID_oL8s4H_Fe,-314.39632
ID_oL8s4H_Mn,-387.47132000000016
ID_oL8s4H_Zn,-15.879199999999999
ID_oL8s4H_Cu,-3.1992519999999978
ID_oL8s4H_B,-1.3826799999999997
ID_1peAOC_N,-5065.946000000001
ID_1peAOC_P,-52.563235999999975
ID_1peAOC_K,-1096.5984
ID_1peAOC_Ca,-5522.322400000001
ID_1peAOC_Mg,-914.4452
ID_1peAOC_S,-8.409814
ID_1peAOC_Fe,-377.73738
ID_1peAOC_Mn,-448.4162200000001
ID_1peAOC_Zn,-16.900044000000005
ID_1peAOC_Cu,-4.037701999999998
ID_1peAOC_B,-1.1573679999999997
ID_AfWyGN_N,-4532.528
ID_AfWyGN_P,-68.16338999999999
ID_AfWyGN_K,-1305.7048000000002
ID_AfWyGN_Ca,-5969.5396
ID_AfWyGN_Mg,-965.8444
ID_AfWyGN_S,-9.625262000000006
ID_AfWyGN_Fe,-308.99721999999997
ID_AfWyGN_Mn,-399.27090000000004
ID_AfWyGN_Zn,-11.363836000000001
ID_AfWyGN_Cu,-3.9486339999999975
ID_AfWyGN_B,-1.4369840000000005
ID_NvhYEK_N,-5023.800000000001
ID_NvhYEK_P,22.345000000000002
ID_NvhYEK_K,-746.6880000000001
ID_NvhYEK_Ca,-6264.358
ID_NvhYEK_Mg,-1068.8340000000003
ID_NvhYEK_S,-8.477600000000002
ID_NvhYEK_Fe,-371.1936
ID_NvhYEK_Mn,-418.69780000000014
ID_NvhYEK_Zn,-15.837760000000005
ID_NvhYEK_Cu,-3.7544999999999975
ID_NvhYEK_B,-1.0554199999999994
ID_LzOUHW_N,-4632.86
ID_LzOUHW_P,-15.40637800000001
ID_LzOUHW_K,-713.5598
ID_LzOUHW_Ca,-5842.7478
ID_LzOUHW_Mg,-870.0738
ID_LzOUHW_S,-8.793678000000003
ID_LzOUHW_Fe,-318.47716
ID_LzOUHW_Mn,-417.0835000000001
ID_LzOUHW_Zn,-19.33843000000001
ID_LzOUHW_Cu,-3.881611999999998
ID_LzOUHW_B,-0.9905999999999996
ID_AN7uWp_N,-5268.4400000000005
ID_AN7uWp_P,-11.274519999999988
ID_AN7uWp_K,-940.8380000000003
ID_AN7uWp_Ca,-7494.466000000002
ID_AN7uWp_Mg,-1205.4540000000004
ID_AN7uWp_S,-10.606759999999998
ID_AN7uWp_Fe,-343.1172000000001
ID_AN7uWp_Mn,-416.65180000000004
ID_AN7uWp_Zn,-18.137640000000008
ID_AN7uWp_Cu,-4.221119999999997
ID_AN7uWp_B,-1.2490199999999994
ID_SzYj4c_N,-4821.776000000001
ID_SzYj4c_P,-52.528784
ID_SzYj4c_K,-980.3936000000001
ID_SzYj4c_Ca,-5663.184000000001
ID_SzYj4c_Mg,-975.2752000000003
ID_SzYj4c_S,-8.409840000000013
ID_SzYj4c_Fe,-332.0992
ID_SzYj4c_Mn,-411.16856
ID_SzYj4c_Zn,-20.963264000000006
ID_SzYj4c_Cu,-4.526079999999998
ID_SzYj4c_B,-1.3909600000000006
ID_41XkCZ_N,-4917.584000000001
ID_41XkCZ_P,-54.270032000000015
ID_41XkCZ_K,-1339.4636000000003
ID_41XkCZ_Ca,-6619.5708
ID_41XkCZ_Mg,-898.6983999999999
ID_41XkCZ_S,-6.7461720000000085
ID_41XkCZ_Fe,-322.54204
ID_41XkCZ_Mn,-418.51400000000007
ID_41XkCZ_Zn,-18.771920000000005
ID_41XkCZ_Cu,-3.661311999999998
ID_41XkCZ_B,-1.2788439999999992
ID_5LKUUc_N,-5261.336
ID_5LKUUc_P,-94.074656
ID_5LKUUc_K,-1534.2608000000002
ID_5LKUUc_Ca,-6696.916800000001
ID_5LKUUc_Mg,-874.4464
ID_5LKUUc_S,-12.471504000000003
ID_5LKUUc_Fe,-341.1172
ID_5LKUUc_Mn,-411.4904000000001
ID_5LKUUc_Zn,-27.37630399999999
ID_5LKUUc_Cu,-4.739704
ID_5LKUUc_B,-1.6804
ID_vtlJN4_N,-6082.832
ID_vtlJN4_P,-82.91020400000001
ID_vtlJN4_K,-1135.9532000000002
ID_vtlJN4_Ca,-4816.312800000001
ID_vtlJN4_Mg,-1271.8144000000002
ID_vtlJN4_S,-37.61014799999998
ID_vtlJN4_Fe,-435.5070400000001
ID_vtlJN4_Mn,-380.18036000000006
ID_vtlJN4_Zn,-19.275392000000004
ID_vtlJN4_Cu,-4.30738
ID_vtlJN4_B,-1.2943480000000003
ID_LzRE9p_N,-6353.8
ID_LzRE9p_P,17.218600000000013
ID_LzRE9p_K,-777.8600000000001
ID_LzRE9p_Ca,-4476.52
ID_LzRE9p_Mg,-703.68
ID_LzRE9p_S,-26.905399999999958
ID_LzRE9p_Fe,-466.01800000000003
ID_LzRE9p_Mn,-419.66600000000005
ID_LzRE9p_Zn,-18.566400000000005
ID_LzRE9p_Cu,-3.290800000000001
ID_LzRE9p_B,-0.7518000000000006
ID_YF4ATy_N,-6652.256
ID_YF4ATy_P,13.232896000000004
ID_YF4ATy_K,-504.5312000000001
ID_YF4ATy_Ca,-2740.9728
ID_YF4ATy_Mg,-472.15360000000004
ID_YF4ATy_S,-25.516991999999966
ID_YF4ATy_Fe,-458.41024
ID_YF4ATy_Mn,-266.8928
ID_YF4ATy_Zn,-17.962688000000004
ID_YF4ATy_Cu,-3.1807360000000005
ID_YF4ATy_B,-0.6716800000000006
ID_qCVThH_N,-6816.2119999999995
ID_qCVThH_P,15.210124000000008
ID_qCVThH_K,-447.16760000000005
ID_qCVThH_Ca,-2866.3584000000005
ID_qCVThH_Mg,-389.6164
ID_qCVThH_S,-29.135987999999976
ID_qCVThH_Fe,-386.83876000000004
ID_qCVThH_Mn,-320.06768000000005
ID_qCVThH_Zn,-16.708255999999995
ID_qCVThH_Cu,-3.454252000000001
ID_qCVThH_B,-0.6446080000000004
ID_XA3uzE_N,-6859.102000000001
ID_XA3uzE_P,14.636476000000005
ID_XA3uzE_K,-443.1020000000001
ID_XA3uzE_Ca,-2915.5052
ID_XA3uzE_Mg,-490.3744
ID_XA3uzE_S,-27.508977999999964
ID_XA3uzE_Fe,-497.31988
ID_XA3uzE_Mn,-288.7266400000001
ID_XA3uzE_Zn,-18.162385999999994
ID_XA3uzE_Cu,-3.8191939999999995
ID_XA3uzE_B,-0.7112340000000008
ID_ccRXkN_N,-6773.780000000001
ID_ccRXkN_P,15.130564000000003
ID_ccRXkN_K,-466.38440000000014
ID_ccRXkN_Ca,-2998.3872000000006
ID_ccRXkN_Mg,-477.8668
ID_ccRXkN_S,-28.37323199999996
ID_ccRXkN_Fe,-395.9779600000001
ID_ccRXkN_Mn,-289.52888000000013
ID_ccRXkN_Zn,-17.574643999999996
ID_ccRXkN_Cu,-3.8343040000000013
ID_ccRXkN_B,-0.6340000000000003
ID_2vaqss_N,-6908.12
ID_2vaqss_P,14.180578000000008
ID_2vaqss_K,-379.3022
ID_2vaqss_Ca,-3003.1190000000006
ID_2vaqss_Mg,-402.04300000000006
ID_2vaqss_S,-28.16093599999995
ID_2vaqss_Fe,-375.81126000000006
ID_2vaqss_Mn,-308.95432000000005
ID_2vaqss_Zn,-16.944993999999998
ID_2vaqss_Cu,-3.1615080000000004
ID_2vaqss_B,-0.6830240000000002
ID_88iwGz_N,-6324.9
ID_88iwGz_P,14.390076000000004
ID_88iwGz_K,-375.9256
ID_88iwGz_Ca,-2733.5144
ID_88iwGz_Mg,-525.9388
ID_88iwGz_S,-24.72297999999997
ID_88iwGz_Fe,-439.33431999999993
ID_88iwGz_Mn,-303.58472
ID_88iwGz_Zn,-16.533912000000004
ID_88iwGz_Cu,-3.059731999999998
ID_88iwGz_B,-0.6827160000000004
ID_CsOWKm_N,-6659.256
ID_CsOWKm_P,14.18052800000001
ID_CsOWKm_K,-515.2436000000001
ID_CsOWKm_Ca,-2819.8668
ID_CsOWKm_Mg,-515.8492
ID_CsOWKm_S,-26.157475999999967
ID_CsOWKm_Fe,-412.6757199999999
ID_CsOWKm_Mn,-304.6544
ID_CsOWKm_Zn,-18.323684000000004
ID_CsOWKm_Cu,-3.4075759999999997
ID_CsOWKm_B,-0.7016480000000003
ID_7hCT9Q_N,-6990.496000000001
ID_7hCT9Q_P,3.906431999999988
ID_7hCT9Q_K,-673.4912000000002
ID_7hCT9Q_Ca,-3449.1360000000004
ID_7hCT9Q_Mg,-525.1424000000001
ID_7hCT9Q_S,-33.36134399999998
ID_7hCT9Q_Fe,-466.35200000000003
ID_7hCT9Q_Mn,-416.8537600000001
ID_7hCT9Q_Zn,-19.977504000000003
ID_7hCT9Q_Cu,-3.946688000000001
ID_7hCT9Q_B,-0.7868800000000006
ID_aio0zg_N,-6842.828
ID_aio0zg_P,-5.269796000000021
ID_aio0zg_K,-648.6098000000001
ID_aio0zg_Ca,-3321.0858000000007
ID_aio0zg_Mg,-523.246
ID_aio0zg_S,-33.001619999999974
ID_aio0zg_Fe,-473.725
ID_aio0zg_Mn,-414.1361600000001
ID_aio0zg_Zn,-21.144212000000003
ID_aio0zg_Cu,-3.6552520000000017
ID_aio0zg_B,-0.765376
ID_z2EX86_N,-6751.304000000001
ID_z2EX86_P,6.930925999999985
ID_z2EX86_K,-627.7022000000002
ID_z2EX86_Ca,-3626.638000000001
ID_z2EX86_Mg,-550.4724000000001
ID_z2EX86_S,-27.04031199999997
ID_z2EX86_Fe,-488.10424000000006
ID_z2EX86_Mn,-391.86702000000014
ID_z2EX86_Zn,-20.160452
ID_z2EX86_Cu,-3.619796000000003
ID_z2EX86_B,-0.7540680000000002
ID_Tm7ttq_N,-6841.496000000001
ID_Tm7ttq_P,3.9241119999999725
ID_Tm7ttq_K,-704.2652000000003
ID_Tm7ttq_Ca,-4671.001200000001
ID_Tm7ttq_Mg,-750.7516
ID_Tm7ttq_S,-27.04247399999999
ID_Tm7ttq_Fe,-498.9086800000001
ID_Tm7ttq_Mn,-400.6629800000001
ID_Tm7ttq_Zn,-19.640828000000003
ID_Tm7ttq_Cu,-3.1319979999999994
ID_Tm7ttq_B,-0.784912
ID_oEuSMn_N,-6737.424000000001
ID_oEuSMn_P,7.785327999999993
ID_oEuSMn_K,-597.462
ID_oEuSMn_Ca,-3195.9628000000007
ID_oEuSMn_Mg,-509.81000000000006
ID_oEuSMn_S,-31.16235199999997
ID_oEuSMn_Fe,-457.93620000000004
ID_oEuSMn_Mn,-437.83156000000014
ID_oEuSMn_Zn,-20.02747200000001
ID_oEuSMn_Cu,-3.648436000000003
ID_oEuSMn_B,-0.762488
ID_XLoEEG_N,-5751.476000000001
ID_XLoEEG_P,-175.278506
ID_XLoEEG_K,-1956.9668000000006
ID_XLoEEG_Ca,-8488.4688
ID_XLoEEG_Mg,-1251.9166
ID_XLoEEG_S,-17.78307600000001
ID_XLoEEG_Fe,-475.78294000000017
ID_XLoEEG_Mn,-432.2336000000001
ID_XLoEEG_Zn,-26.51861
ID_XLoEEG_Cu,-4.745493999999999
ID_XLoEEG_B,-1.54282
ID_PDIzuz_N,-6876.393999999999
ID_PDIzuz_P,2.950689999999973
ID_PDIzuz_K,-963.3954
ID_PDIzuz_Ca,-5118.1548
ID_PDIzuz_Mg,-1032.9786000000001
ID_PDIzuz_S,-27.08353599999998
ID_PDIzuz_Fe,-486.1621999999999
ID_PDIzuz_Mn,-461.27957999999995
ID_PDIzuz_Zn,-21.378489999999996
ID_PDIzuz_Cu,-3.5228980000000005
ID_PDIzuz_B,-0.8936080000000001
ID_l9KZRW_N,-6849.152000000001
ID_l9KZRW_P,-4.650008000000021
ID_l9KZRW_K,-631.6400000000001
ID_l9KZRW_Ca,-3423.9768000000004
ID_l9KZRW_Mg,-504.244
ID_l9KZRW_S,-32.26250399999995
ID_l9KZRW_Fe,-447.82552000000004
ID_l9KZRW_Mn,-405.4748000000001
ID_l9KZRW_Zn,-21.432848
ID_l9KZRW_Cu,-3.416488000000002
ID_l9KZRW_B,-0.7848640000000005
ID_cnFvrr_N,-6931.99
ID_cnFvrr_P,-56.48143399999998
ID_cnFvrr_K,-580.009
ID_cnFvrr_Ca,-3465.2585999999997
ID_cnFvrr_Mg,-555.7796
ID_cnFvrr_S,-35.33456999999996
ID_cnFvrr_Fe,-620.14178
ID_cnFvrr_Mn,-408.75944000000004
ID_cnFvrr_Zn,-19.369576000000006
ID_cnFvrr_Cu,-4.1028139999999995
ID_cnFvrr_B,-0.77315
ID_EXCaze_N,-6821.072
ID_EXCaze_P,8.238459999999986
ID_EXCaze_K,-656.5130000000001
ID_EXCaze_Ca,-3541.021200000001
ID_EXCaze_Mg,-565.2706000000002
ID_EXCaze_S,-28.339841999999976
ID_EXCaze_Fe,-480.27400000000006
ID_EXCaze_Mn,-452.1669800000001
ID_EXCaze_Zn,-20.931536
ID_EXCaze_Cu,-3.549136000000003
ID_EXCaze_B,-0.7245280000000004
ID_DBd4Y5_N,-6731.466
ID_DBd4Y5_P,-101.15303800000004
ID_DBd4Y5_K,-1211.3318000000002
ID_DBd4Y5_Ca,-7486.001000000001
ID_DBd4Y5_Mg,-1075.351
ID_DBd4Y5_S,-19.432547999999993
ID_DBd4Y5_Fe,-488.6252600000001
ID_DBd4Y5_Mn,-439.0858200000001
ID_DBd4Y5_Zn,-22.35985400000002
ID_DBd4Y5_Cu,-4.094164000000001
ID_DBd4Y5_B,-1.4098119999999998
ID_vQHvom_N,-7092.487999999999
ID_vQHvom_P,-29.662892
ID_vQHvom_K,-926.0516000000002
ID_vQHvom_Ca,-4868.066400000001
ID_vQHvom_Mg,-955.3227999999999
ID_vQHvom_S,-22.40953199999997
ID_vQHvom_Fe,-482.1495999999999
ID_vQHvom_Mn,-453.13532
ID_vQHvom_Zn,-22.022204000000006
ID_vQHvom_Cu,-3.6176319999999995
ID_vQHvom_B,-0.9200079999999998
ID_0hFMyU_N,-6694.260000000001
ID_0hFMyU_P,-5.636140000000012
ID_0hFMyU_K,-697.5180000000001
ID_0hFMyU_Ca,-3596.572
ID_0hFMyU_Mg,-583.0300000000001
ID_0hFMyU_S,-29.533359999999973
ID_0hFMyU_Fe,-492.7678000000001
ID_0hFMyU_Mn,-403.4650000000001
ID_0hFMyU_Zn,-21.24800000000001
ID_0hFMyU_Cu,-3.3114200000000005
ID_0hFMyU_B,-0.8120999999999998
ID_zWNhuB_N,-6895.560000000001
ID_zWNhuB_P,-27.077340000000007
ID_zWNhuB_K,-656.598
ID_zWNhuB_Ca,-3186.272000000001
ID_zWNhuB_Mg,-508.9340000000001
ID_zWNhuB_S,-32.69695999999997
ID_zWNhuB_Fe,-456.162
ID_zWNhuB_Mn,-414.15700000000004
ID_zWNhuB_Zn,-21.40376000000001
ID_zWNhuB_Cu,-3.7118200000000003
ID_zWNhuB_B,-0.7630400000000005
ID_UbjrsN_N,-6697.952000000001
ID_UbjrsN_P,-7.662128000000003
ID_UbjrsN_K,-678.6416
ID_UbjrsN_Ca,-3283.8792000000003
ID_UbjrsN_Mg,-561.2032
ID_UbjrsN_S,-31.784279999999974
ID_UbjrsN_Fe,-481.7591200000001
ID_UbjrsN_Mn,-418.1864
ID_UbjrsN_Zn,-20.81789600000001
ID_UbjrsN_Cu,-3.6821679999999986
ID_UbjrsN_B,-0.6988960000000002
ID_ccchlZ_N,-6881.584
ID_ccchlZ_P,-33.694592
ID_ccchlZ_K,-490.2112000000001
ID_ccchlZ_Ca,-3023.3312000000005
ID_ccchlZ_Mg,-527.9996000000001
ID_ccchlZ_S,-31.372443999999966
ID_ccchlZ_Fe,-524.1480400000002
ID_ccchlZ_Mn,-413.8352800000001
ID_ccchlZ_Zn,-20.912148000000006
ID_ccchlZ_Cu,-3.328104000000001
ID_ccchlZ_B,-0.7332320000000001
ID_x5OjmI_N,-6589.548000000002
ID_x5OjmI_P,-33.136166
ID_x5OjmI_K,-880.8002000000001
ID_x5OjmI_Ca,-5594.175200000001
ID_x5OjmI_Mg,-885.3858000000002
ID_x5OjmI_S,-15.570459999999986
ID_x5OjmI_Fe,-497.08366000000007
ID_x5OjmI_Mn,-446.46512000000007
ID_x5OjmI_Zn,-20.675368000000013
ID_x5OjmI_Cu,-3.633094000000001
ID_x5OjmI_B,-0.8711340000000003
ID_kipq64_N,-7223.492
ID_kipq64_P,-28.66237000000001
ID_kipq64_K,-471.3090000000001
ID_kipq64_Ca,-3258.6540000000005
ID_kipq64_Mg,-540.4444000000001
ID_kipq64_S,-32.201461999999985
ID_kipq64_Fe,-647.5145600000002
ID_kipq64_Mn,-399.99624000000006
ID_kipq64_Zn,-20.618906000000003
ID_kipq64_Cu,-4.155858
ID_kipq64_B,-0.749054000000001
ID_dTZI33_N,-5709.030000000001
ID_dTZI33_P,-34.864475999999996
ID_dTZI33_K,-578.7864000000001
ID_dTZI33_Ca,-4518.808
ID_dTZI33_Mg,-750.0736000000002
ID_dTZI33_S,-24.65541799999999
ID_dTZI33_Fe,-446.37012000000004
ID_dTZI33_Mn,-388.3673800000001
ID_dTZI33_Zn,-20.265766000000006
ID_dTZI33_Cu,-3.3468359999999997
ID_dTZI33_B,-0.6822679999999999
ID_0oHX48_N,-6950.556000000001
ID_0oHX48_P,3.091727999999982
ID_0oHX48_K,-658.5056000000002
ID_0oHX48_Ca,-3343.957400000001
ID_0oHX48_Mg,-538.3734000000001
ID_0oHX48_S,-31.806663999999984
ID_0oHX48_Fe,-479.17060000000004
ID_0oHX48_Mn,-409.3288200000001
ID_0oHX48_Zn,-20.34379
ID_0oHX48_Cu,-4.347697999999999
ID_0oHX48_B,-0.8550020000000004
ID_UuK84T_N,-6809.408
ID_UuK84T_P,-5.065376000000022
ID_UuK84T_K,-623.6480000000001
ID_UuK84T_Ca,-3399.8928
ID_UuK84T_Mg,-503.4232000000001
ID_UuK84T_S,-32.133767999999975
ID_UuK84T_Fe,-444.16
ID_UuK84T_Mn,-379.7276000000001
ID_UuK84T_Zn,-20.87297600000001
ID_UuK84T_Cu,-3.4033120000000006
ID_UuK84T_B,-0.7600240000000003
ID_4fxXsn_N,-6992.360000000001
ID_4fxXsn_P,-5.297560000000033
ID_4fxXsn_K,-639.5700000000002
ID_4fxXsn_Ca,-3466.3320000000003
ID_4fxXsn_Mg,-498.63800000000015
ID_4fxXsn_S,-33.121999999999986
ID_4fxXsn_Fe,-478.56900000000013
ID_4fxXsn_Mn,-394.6760000000001
ID_4fxXsn_Zn,-21.117320000000014
ID_4fxXsn_Cu,-3.8075199999999985
ID_4fxXsn_B,-0.7872400000000006
ID_0cM8Gv_N,-6782.026000000002
ID_0cM8Gv_P,11.365515999999996
ID_0cM8Gv_K,-582.8738000000002
ID_0cM8Gv_Ca,-3346.5160000000005
ID_0cM8Gv_Mg,-494.2152000000001
ID_0cM8Gv_S,-30.64912999999997
ID_0cM8Gv_Fe,-459.75796
ID_0cM8Gv_Mn,-383.83058000000005
ID_0cM8Gv_Zn,-20.579918000000013
ID_0cM8Gv_Cu,-3.542860000000002
ID_0cM8Gv_B,-0.6553040000000002
ID_vRmgv4_N,-6579.758000000001
ID_vRmgv4_P,5.83464399999999
ID_vRmgv4_K,-659.6432000000001
ID_vRmgv4_Ca,-4603.491000000001
ID_vRmgv4_Mg,-720.9814000000001
ID_vRmgv4_S,-26.787395999999987
ID_vRmgv4_Fe,-489.39376000000004
ID_vRmgv4_Mn,-454.16942000000006
ID_vRmgv4_Zn,-21.241004
ID_vRmgv4_Cu,-3.994912000000001
ID_vRmgv4_B,-0.6965560000000004
ID_FY8taN_N,-6013.880000000001
ID_FY8taN_P,-37.82847200000002
ID_FY8taN_K,-977.4560000000001
ID_FY8taN_Ca,-6316.4976000000015
ID_FY8taN_Mg,-968.9032000000002
ID_FY8taN_S,-11.629535999999995
ID_FY8taN_Fe,-487.7812
ID_FY8taN_Mn,-403.01456
ID_FY8taN_Zn,-21.447968000000024
ID_FY8taN_Cu,-4.114383999999996
ID_FY8taN_B,-1.4019759999999994
ID_S2Y7xM_N,-6274.102000000001
ID_S2Y7xM_P,9.031355999999999
ID_S2Y7xM_K,-584.2984000000001
ID_S2Y7xM_Ca,-3391.2416
ID_S2Y7xM_Mg,-548.5322000000001
ID_S2Y7xM_S,-32.13802399999999
ID_S2Y7xM_Fe,-535.9508800000001
ID_S2Y7xM_Mn,-376.4064600000001
ID_S2Y7xM_Zn,-20.824698000000005
ID_S2Y7xM_Cu,-3.5929820000000006
ID_S2Y7xM_B,-0.7130840000000002
ID_EWy8Vg_N,-7149.086
ID_EWy8Vg_P,-3.738578000000018
ID_EWy8Vg_K,-591.8744000000002
ID_EWy8Vg_Ca,-3641.7696000000005
ID_EWy8Vg_Mg,-568.9972
ID_EWy8Vg_S,-35.71306799999996
ID_EWy8Vg_Fe,-524.55106
ID_EWy8Vg_Mn,-428.83322000000004
ID_EWy8Vg_Zn,-20.821460000000002
ID_EWy8Vg_Cu,-4.100451999999999
ID_EWy8Vg_B,-0.6812020000000004
ID_otB9Cx_N,-7153.85
ID_otB9Cx_P,-27.521299999999997
ID_otB9Cx_K,-1133.1248000000003
ID_otB9Cx_Ca,-4624.7364
ID_otB9Cx_Mg,-812.6008
ID_otB9Cx_S,-21.060017999999992
ID_otB9Cx_Fe,-521.1952600000001
ID_otB9Cx_Mn,-431.06588000000016
ID_otB9Cx_Zn,-21.310934
ID_otB9Cx_Cu,-4.195378
ID_otB9Cx_B,-0.8914720000000008
ID_bln1M4_N,-7163.960000000001
ID_bln1M4_P,-24.655140000000003
ID_bln1M4_K,-475.71400000000006
ID_bln1M4_Ca,-3126.3220000000006
ID_bln1M4_Mg,-525.918
ID_bln1M4_S,-31.00889999999999
ID_bln1M4_Fe,-537.9360000000001
ID_bln1M4_Mn,-440.1566
ID_bln1M4_Zn,-19.73902
ID_bln1M4_Cu,-3.382480000000002
ID_bln1M4_B,-0.6521600000000006
ID_Lz9dsl_N,-6837.024000000001
ID_Lz9dsl_P,-29.76485600000001
ID_Lz9dsl_K,-454.85900000000004
ID_Lz9dsl_Ca,-3175.1020000000003
ID_Lz9dsl_Mg,-505.3860000000001
ID_Lz9dsl_S,-32.98001799999997
ID_Lz9dsl_Fe,-533.4574200000001
ID_Lz9dsl_Mn,-431.6874
ID_Lz9dsl_Zn,-20.094352
ID_Lz9dsl_Cu,-3.108012
ID_Lz9dsl_B,-0.7582380000000004
ID_0JbkHX_N,-6406.622
ID_0JbkHX_P,8.046831999999995
ID_0JbkHX_K,-400.8436000000001
ID_0JbkHX_Ca,-2870.7824
ID_0JbkHX_Mg,-443.42959999999994
ID_0JbkHX_S,-29.158913999999967
ID_0JbkHX_Fe,-500.55996
ID_0JbkHX_Mn,-393.12832000000003
ID_0JbkHX_Zn,-19.404080000000008
ID_0JbkHX_Cu,-2.5974980000000008
ID_0JbkHX_B,-0.6974980000000002
ID_MwqBE5_N,-7052.192
ID_MwqBE5_P,-30.095240000000018
ID_MwqBE5_K,-625.7864000000001
ID_MwqBE5_Ca,-3239.6424000000006
ID_MwqBE5_Mg,-557.0992
ID_MwqBE5_S,-32.744831999999974
ID_MwqBE5_Fe,-498.40191999999996
ID_MwqBE5_Mn,-416.42384000000015
ID_MwqBE5_Zn,-20.364512000000005
ID_MwqBE5_Cu,-3.3719919999999997
ID_MwqBE5_B,-0.7375600000000005
ID_N4IwBU_N,-6056.216
ID_N4IwBU_P,-156.97731199999998
ID_N4IwBU_K,-1493.6312000000003
ID_N4IwBU_Ca,-5781.811200000001
ID_N4IwBU_Mg,-967.2616000000003
ID_N4IwBU_S,-12.086591999999982
ID_N4IwBU_Fe,-501.17968000000013
ID_N4IwBU_Mn,-395.38112000000007
ID_N4IwBU_Zn,-26.39847199999999
ID_N4IwBU_Cu,-4.074424
ID_N4IwBU_B,-1.3095280000000002
ID_s6fdot_N,-6876.420000000002
ID_s6fdot_P,-35.09392000000001
ID_s6fdot_K,-487.55000000000007
ID_s6fdot_Ca,-4386.394
ID_s6fdot_Mg,-595.7020000000001
ID_s6fdot_S,-26.13897999999999
ID_s6fdot_Fe,-536.2398000000002
ID_s6fdot_Mn,-394.89820000000014
ID_s6fdot_Zn,-20.61682
ID_s6fdot_Cu,-3.56002
ID_s6fdot_B,-0.770300000000001
ID_3QV3g1_N,-6779.384000000002
ID_3QV3g1_P,-33.945008000000016
ID_3QV3g1_K,-856.6904000000001
ID_3QV3g1_Ca,-4724.404800000001
ID_3QV3g1_Mg,-821.7856000000002
ID_3QV3g1_S,-21.65733599999998
ID_3QV3g1_Fe,-501.78664
ID_3QV3g1_Mn,-408.97616000000005
ID_3QV3g1_Zn,-21.120080000000005
ID_3QV3g1_Cu,-3.2283519999999997
ID_3QV3g1_B,-0.7727680000000002
ID_ZQKrpH_N,-6981.134000000002
ID_ZQKrpH_P,-27.029792
ID_ZQKrpH_K,-445.1468000000001
ID_ZQKrpH_Ca,-3213.2160000000003
ID_ZQKrpH_Mg,-505.5970000000001
ID_ZQKrpH_S,-32.45194799999999
ID_ZQKrpH_Fe,-561.17746
ID_ZQKrpH_Mn,-428.9124800000001
ID_ZQKrpH_Zn,-20.104142000000003
ID_ZQKrpH_Cu,-2.7803500000000003
ID_ZQKrpH_B,-0.6612580000000005
ID_l8iTxG_N,-6926.744000000001
ID_l8iTxG_P,-24.130916
ID_l8iTxG_K,-453.9158
ID_l8iTxG_Ca,-3230.731800000001
ID_l8iTxG_Mg,-468.5008
ID_l8iTxG_S,-32.17755599999999
ID_l8iTxG_Fe,-546.2080000000002
ID_l8iTxG_Mn,-392.80196000000007
ID_l8iTxG_Zn,-19.961618000000005
ID_l8iTxG_Cu,-2.726848000000001
ID_l8iTxG_B,-0.7214200000000011
ID_XxcWOH_N,-6752.1680000000015
ID_XxcWOH_P,-22.348616000000007
ID_XxcWOH_K,-1072.3016000000002
ID_XxcWOH_Ca,-5563.8240000000005
ID_XxcWOH_Mg,-844.5520000000001
ID_XxcWOH_S,-12.500879999999995
ID_XxcWOH_Fe,-516.7014400000002
ID_XxcWOH_Mn,-380.39504000000005
ID_XxcWOH_Zn,-21.146648000000003
ID_XxcWOH_Cu,-3.571792000000002
ID_XxcWOH_B,-0.8049520000000008
ID_DcjMRb_N,-6057.536000000001
ID_DcjMRb_P,2.8711039999999812
ID_DcjMRb_K,-867.6992000000002
ID_DcjMRb_Ca,-6145.2224000000015
ID_DcjMRb_Mg,-1007.0112000000001
ID_DcjMRb_S,-9.774368000000003
ID_DcjMRb_Fe,-463.6348800000002
ID_DcjMRb_Mn,-444.49984000000006
ID_DcjMRb_Zn,-21.29260800000001
ID_DcjMRb_Cu,-3.6299519999999994
ID_DcjMRb_B,-0.8496
ID_dkSNwM_N,-6953.608
ID_dkSNwM_P,-17.857200000000006
ID_dkSNwM_K,-638.7330000000002
ID_dkSNwM_Ca,-3168.489200000001
ID_dkSNwM_Mg,-489.8030000000001
ID_dkSNwM_S,-32.80553999999998
ID_dkSNwM_Fe,-497.5044000000001
ID_dkSNwM_Mn,-428.20108000000005
ID_dkSNwM_Zn,-20.335288
ID_dkSNwM_Cu,-3.4924840000000033
ID_dkSNwM_B,-0.7220220000000006
ID_YMMOoq_N,-6820.628000000001
ID_YMMOoq_P,-43.63028600000001
ID_YMMOoq_K,-1020.6818000000001
ID_YMMOoq_Ca,-5972.520600000001
ID_YMMOoq_Mg,-959.5648
ID_YMMOoq_S,-14.278583999999995
ID_YMMOoq_Fe,-492.2398000000001
ID_YMMOoq_Mn,-416.9777600000001
ID_YMMOoq_Zn,-21.953624000000012
ID_YMMOoq_Cu,-3.3189219999999997
ID_YMMOoq_B,-0.889474
ID_VOyqBp_N,-6803.848
ID_VOyqBp_P,-40.62075399999998
ID_VOyqBp_K,-754.4132
ID_VOyqBp_Ca,-4844.084599999999
ID_VOyqBp_Mg,-793.17
ID_VOyqBp_S,-27.30953599999998
ID_VOyqBp_Fe,-495.88020000000006
ID_VOyqBp_Mn,-436.86254
ID_VOyqBp_Zn,-22.829636000000015
ID_VOyqBp_Cu,-4.229825999999999
ID_VOyqBp_B,-0.7923600000000001
ID_PTXOfN_N,-6823.509999999999
ID_PTXOfN_P,-37.240472
ID_PTXOfN_K,-907.2118
ID_PTXOfN_Ca,-5062.784799999999
ID_PTXOfN_Mg,-899.3222000000001
ID_PTXOfN_S,-27.48581599999998
ID_PTXOfN_Fe,-511.47419999999994
ID_PTXOfN_Mn,-413.0105
ID_PTXOfN_Zn,-22.58352200000001
ID_PTXOfN_Cu,-4.512325999999996
ID_PTXOfN_B,-0.7799300000000002
ID_FfQ3cj_N,-7002.700000000001
ID_FfQ3cj_P,-29.18252000000001
ID_FfQ3cj_K,-601.8400000000001
ID_FfQ3cj_Ca,-3325.246000000001
ID_FfQ3cj_Mg,-521.4960000000001
ID_FfQ3cj_S,-33.49225999999997
ID_FfQ3cj_Fe,-503.4664000000002
ID_FfQ3cj_Mn,-444.9592000000002
ID_FfQ3cj_Zn,-19.651019999999995
ID_FfQ3cj_Cu,-3.3655400000000015
ID_FfQ3cj_B,-0.7124400000000006
ID_nbzFOg_N,-6957.968000000001
ID_nbzFOg_P,-25.994268000000005
ID_nbzFOg_K,-502.3958000000001
ID_nbzFOg_Ca,-3269.8374000000003
ID_nbzFOg_Mg,-522.8954000000001
ID_nbzFOg_S,-32.734253999999986
ID_nbzFOg_Fe,-520.3508
ID_nbzFOg_Mn,-435.18362000000013
ID_nbzFOg_Zn,-19.737531999999995
ID_nbzFOg_Cu,-3.0808999999999997
ID_nbzFOg_B,-0.7246380000000006
ID_TQnsTX_N,-6606.408
ID_TQnsTX_P,-31.60109200000001
ID_TQnsTX_K,-693.5192000000002
ID_TQnsTX_Ca,-3830.2456000000006
ID_TQnsTX_Mg,-706.546
ID_TQnsTX_S,-25.30712399999998
ID_TQnsTX_Fe,-464.4700400000001
ID_TQnsTX_Mn,-449.5488000000001
ID_TQnsTX_Zn,-19.834764000000003
ID_TQnsTX_Cu,-3.8254560000000017
ID_TQnsTX_B,-0.7052480000000002
ID_5vwCJC_N,-6742.664000000001
ID_5vwCJC_P,-0.3030080000000268
ID_5vwCJC_K,-541.8488000000001
ID_5vwCJC_Ca,-3216.8112
ID_5vwCJC_Mg,-515.1952
ID_5vwCJC_S,-32.03267999999997
ID_5vwCJC_Fe,-439.07968
ID_5vwCJC_Mn,-396.14576000000005
ID_5vwCJC_Zn,-20.240959999999998
ID_5vwCJC_Cu,-3.4026640000000006
ID_5vwCJC_B,-0.5911120000000001
ID_NTS3RE_N,-5989.440000000001
ID_NTS3RE_P,-29.145888
ID_NTS3RE_K,-1089.4592000000002
ID_NTS3RE_Ca,-7009.705600000001
ID_NTS3RE_Mg,-999.0368000000001
ID_NTS3RE_S,-517.5872959999999
ID_NTS3RE_Fe,-449.82079999999996
ID_NTS3RE_Mn,-416.26016000000016
ID_NTS3RE_Zn,-21.64204800000001
ID_NTS3RE_Cu,-3.9914879999999986
ID_NTS3RE_B,-1.5289919999999997
ID_E9rfiU_N,-6262.076000000001
ID_E9rfiU_P,-27.94931600000001
ID_E9rfiU_K,-1032.0704
ID_E9rfiU_Ca,-6065.671800000001
ID_E9rfiU_Mg,-995.6176000000002
ID_E9rfiU_S,-12.153822000000005
ID_E9rfiU_Fe,-419.9521600000001
ID_E9rfiU_Mn,-429.8138
ID_E9rfiU_Zn,-21.93986000000002
ID_E9rfiU_Cu,-4.362099999999999
ID_E9rfiU_B,-1.4562399999999998
ID_1n2TEy_N,-6356.276
ID_1n2TEy_P,5.210619999999999
ID_1n2TEy_K,-1088.2508
ID_1n2TEy_Ca,-6939.4008
ID_1n2TEy_Mg,-1063.372
ID_1n2TEy_S,-20.65187999999999
ID_1n2TEy_Fe,-454.65736
ID_1n2TEy_Mn,-466.40264
ID_1n2TEy_Zn,-21.93488000000001
ID_1n2TEy_Cu,-4.22434
ID_1n2TEy_B,-1.0139439999999995
ID_1xNxfQ_N,-6463.808000000001
ID_1xNxfQ_P,-74.12962400000002
ID_1xNxfQ_K,-1020.4824000000001
ID_1xNxfQ_Ca,-6844.388800000001
ID_1xNxfQ_Mg,-1247.9660000000001
ID_1xNxfQ_S,-19.63540599999999
ID_1xNxfQ_Fe,-422.8686400000001
ID_1xNxfQ_Mn,-382.33900000000006
ID_1xNxfQ_Zn,-20.38239600000001
ID_1xNxfQ_Cu,-3.8615059999999986
ID_1xNxfQ_B,-1.1644099999999995
ID_BzL73b_N,-6876.152000000001
ID_BzL73b_P,-16.150928000000015
ID_BzL73b_K,-673.4792000000001
ID_BzL73b_Ca,-3306.6240000000007
ID_BzL73b_Mg,-592.2208
ID_BzL73b_S,-32.21433599999996
ID_BzL73b_Fe,-484.6384000000001
ID_BzL73b_Mn,-421.30760000000015
ID_BzL73b_Zn,-20.643800000000002
ID_BzL73b_Cu,-3.7318479999999985
ID_BzL73b_B,-0.7086160000000005
ID_N8nUC7_N,-5962.798000000001
ID_N8nUC7_P,-28.719486000000003
ID_N8nUC7_K,-674.3324000000001
ID_N8nUC7_Ca,-3180.8716000000004
ID_N8nUC7_Mg,-580.3820000000001
ID_N8nUC7_S,-32.40747199999998
ID_N8nUC7_Fe,-464.40110000000016
ID_N8nUC7_Mn,-432.84884000000017
ID_N8nUC7_Zn,-19.565312
ID_N8nUC7_Cu,-3.945488000000002
ID_N8nUC7_B,-0.7198420000000004
ID_h1y5Fa_N,-6689.3640000000005
ID_h1y5Fa_P,5.221789999999977
ID_h1y5Fa_K,-511.8258000000001
ID_h1y5Fa_Ca,-3173.8394000000008
ID_h1y5Fa_Mg,-486.31860000000006
ID_h1y5Fa_S,-33.04443199999997
ID_h1y5Fa_Fe,-487.52874000000014
ID_h1y5Fa_Mn,-377.39988000000005
ID_h1y5Fa_Zn,-21.055640000000004
ID_h1y5Fa_Cu,-3.6348800000000017
ID_h1y5Fa_B,-0.7749300000000001
ID_e9RQhJ_N,-6852.892
ID_e9RQhJ_P,6.6392419999999746
ID_e9RQhJ_K,-431.19700000000006
ID_e9RQhJ_Ca,-3250.5008
ID_e9RQhJ_Mg,-489.45420000000007
ID_e9RQhJ_S,-33.260287999999974
ID_e9RQhJ_Fe,-516.4006400000001
ID_e9RQhJ_Mn,-426.1061000000001
ID_e9RQhJ_Zn,-20.646592000000002
ID_e9RQhJ_Cu,-3.354490000000002
ID_e9RQhJ_B,-0.7231120000000005
ID_8vQxo9_N,-6924.8200000000015
ID_8vQxo9_P,6.109659999999991
ID_8vQxo9_K,-487.3960000000001
ID_8vQxo9_Ca,-3358.4
ID_8vQxo9_Mg,-504.006
ID_8vQxo9_S,-32.97701999999996
ID_8vQxo9_Fe,-502.7272000000001
ID_8vQxo9_Mn,-390.31120000000004
ID_8vQxo9_Zn,-21.297720000000012
ID_8vQxo9_Cu,-3.2443200000000005
ID_8vQxo9_B,-0.7942800000000002
ID_NbGmPq_N,-5663.560000000001
ID_NbGmPq_P,-85.98718000000004
ID_NbGmPq_K,-1400.5060000000003
ID_NbGmPq_Ca,-6061.386000000001
ID_NbGmPq_Mg,-952.4540000000002
ID_NbGmPq_S,-14.521879999999989
ID_NbGmPq_Fe,-494.1582
ID_NbGmPq_Mn,-428.4878000000001
ID_NbGmPq_Zn,-21.172320000000017
ID_NbGmPq_Cu,-3.6084199999999997
ID_NbGmPq_B,-1.17862
ID_T603hN_N,-7049.632000000001
ID_T603hN_P,-27.576544
ID_T603hN_K,-1195.9488000000001
ID_T603hN_Ca,-5689.270400000001
ID_T603hN_Mg,-1082.5664000000004
ID_T603hN_S,-20.383904
ID_T603hN_Fe,-547.4646400000001
ID_T603hN_Mn,-428.2262400000001
ID_T603hN_Zn,-22.797216
ID_T603hN_Cu,-4.200928
ID_T603hN_B,-0.9248640000000009
ID_1SHJ3b_N,-6965.520000000001
ID_1SHJ3b_P,-51.418799999999976
ID_1SHJ3b_K,-1146.0760000000002
ID_1SHJ3b_Ca,-6240.664000000001
ID_1SHJ3b_Mg,-1115.0560000000003
ID_1SHJ3b_S,-16.745859999999993
ID_1SHJ3b_Fe,-455.6604000000002
ID_1SHJ3b_Mn,-438.0006000000001
ID_1SHJ3b_Zn,-21.375600000000013
ID_1SHJ3b_Cu,-4.6719
ID_1SHJ3b_B,-1.4184199999999996
ID_HHM0gS_N,-6359.924
ID_HHM0gS_P,-139.50348799999995
ID_HHM0gS_K,-1638.0271999999998
ID_HHM0gS_Ca,-8630.7732
ID_HHM0gS_Mg,-1113.0076
ID_HHM0gS_S,-18.51164399999999
ID_HHM0gS_Fe,-444.68464000000006
ID_HHM0gS_Mn,-427.38956
ID_HHM0gS_Zn,-26.492371999999992
ID_HHM0gS_Cu,-4.933191999999999
ID_HHM0gS_B,-1.8849039999999997
ID_zIEhdS_N,-6838.176000000001
ID_zIEhdS_P,2.862591999999978
ID_zIEhdS_K,-942.8512000000001
ID_zIEhdS_Ca,-4630.3776
ID_zIEhdS_Mg,-854.8256000000001
ID_zIEhdS_S,-15.940864000000001
ID_zIEhdS_Fe,-513.5913600000001
ID_zIEhdS_Mn,-417.35104000000007
ID_zIEhdS_Zn,-22.159936000000013
ID_zIEhdS_Cu,-3.8207999999999993
ID_zIEhdS_B,-0.8603520000000004
ID_MQMZtn_N,-6403.888000000001
ID_MQMZtn_P,-36.232364000000004
ID_MQMZtn_K,-855.1460000000002
ID_MQMZtn_Ca,-4437.274
ID_MQMZtn_Mg,-805.5424000000002
ID_MQMZtn_S,-22.726849999999985
ID_MQMZtn_Fe,-448.63638000000003
ID_MQMZtn_Mn,-430.9683600000002
ID_MQMZtn_Zn,-20.58591000000001
ID_MQMZtn_Cu,-3.452766000000002
ID_MQMZtn_B,-0.7916220000000004
ID_kmNj26_N,-6734.936000000001
ID_kmNj26_P,-55.38274399999999
ID_kmNj26_K,-1152.5942000000002
ID_kmNj26_Ca,-6955.159200000001
ID_kmNj26_Mg,-988.4470000000001
ID_kmNj26_S,-18.187337999999997
ID_kmNj26_Fe,-472.3308400000001
ID_kmNj26_Mn,-452.4999800000001
ID_kmNj26_Zn,-22.653590000000015
ID_kmNj26_Cu,-4.012449999999998
ID_kmNj26_B,-1.5672399999999997
ID_nI1IwM_N,-6397.490000000001
ID_nI1IwM_P,-35.517380000000045
ID_nI1IwM_K,-1123.4124
ID_nI1IwM_Ca,-6722.979200000001
ID_nI1IwM_Mg,-935.3950000000001
ID_nI1IwM_S,-10.763560000000002
ID_nI1IwM_Fe,-431.6727600000001
ID_nI1IwM_Mn,-412.25002000000006
ID_nI1IwM_Zn,-20.855218000000015
ID_nI1IwM_Cu,-3.3401020000000003
ID_nI1IwM_B,-1.5079119999999995
ID_hgznq0_N,-6524.352000000001
ID_hgznq0_P,-8.317248000000035
ID_hgznq0_K,-751.1296000000002
ID_hgznq0_Ca,-4264.1152
ID_hgznq0_Mg,-712.2272
ID_hgznq0_S,-17.047872
ID_hgznq0_Fe,-507.99359999999996
ID_hgznq0_Mn,-455.23616000000015
ID_hgznq0_Zn,-20.334336
ID_hgznq0_Cu,-4.195328000000001
ID_hgznq0_B,-0.7754560000000005
ID_voB73q_N,-5374.0380000000005
ID_voB73q_P,-24.77917200000003
ID_voB73q_K,-983.1294
ID_voB73q_Ca,-6022.2138
ID_voB73q_Mg,-931.1333999999999
ID_voB73q_S,-8.664272000000004
ID_voB73q_Fe,-377.26562000000007
ID_voB73q_Mn,-418.75644000000005
ID_voB73q_Zn,-18.918062000000024
ID_voB73q_Cu,-3.825652
ID_voB73q_B,-1.3574679999999997
ID_zO8M0m_N,-6859.700000000001
ID_zO8M0m_P,-40.666739999999976
ID_zO8M0m_K,-661.1520000000002
ID_zO8M0m_Ca,-3965.138000000001
ID_zO8M0m_Mg,-659.7000000000002
ID_zO8M0m_S,-12.117280000000008
ID_zO8M0m_Fe,-497.66940000000005
ID_zO8M0m_Mn,-443.08480000000014
ID_zO8M0m_Zn,-21.06188000000001
ID_zO8M0m_Cu,-3.8436000000000012
ID_zO8M0m_B,-0.7608400000000005
ID_25qDOh_N,-6034.738000000001
ID_25qDOh_P,-76.70150399999996
ID_25qDOh_K,-967.9348000000002
ID_25qDOh_Ca,-7820.936200000001
ID_25qDOh_Mg,-944.6382
ID_25qDOh_S,-10.74590199999999
ID_25qDOh_Fe,-481.86072000000013
ID_25qDOh_Mn,-419.51378
ID_25qDOh_Zn,-21.976610000000015
ID_25qDOh_Cu,-4.228233999999998
ID_25qDOh_B,-1.6735919999999993
ID_uBl09V_N,-6141.18
ID_uBl09V_P,-38.94633999999998
ID_uBl09V_K,-999.094
ID_uBl09V_Ca,-6767.410000000001
ID_uBl09V_Mg,-1000.018
ID_uBl09V_S,-16.52123999999999
ID_uBl09V_Fe,-425.824
ID_uBl09V_Mn,-420.52380000000005
ID_uBl09V_Zn,-22.78800000000001
ID_uBl09V_Cu,-4.415819999999998
ID_uBl09V_B,-1.496299999999999
ID_jmRJX3_N,-6943.148
ID_jmRJX3_P,-8.312744000000016
ID_jmRJX3_K,-989.6179999999999
ID_jmRJX3_Ca,-6932.2415999999985
ID_jmRJX3_Mg,-1124.9091999999998
ID_jmRJX3_S,-10.673460000000006
ID_jmRJX3_Fe,-478.2986799999999
ID_jmRJX3_Mn,-428.81912000000005
ID_jmRJX3_Zn,-21.271628000000003
ID_jmRJX3_Cu,-3.7047279999999994
ID_jmRJX3_B,-1.000947999999999
ID_fg6y36_N,-6972.920000000002
ID_fg6y36_P,6.737517999999987
ID_fg6y36_K,-1012.6897999999999
ID_fg6y36_Ca,-4774.186800000001
ID_fg6y36_Mg,-902.3998
ID_fg6y36_S,-26.139821999999995
ID_fg6y36_Fe,-488.2948600000001
ID_fg6y36_Mn,-439.97918000000016
ID_fg6y36_Zn,-22.214474000000013
ID_fg6y36_Cu,-4.127223999999998
ID_fg6y36_B,-0.8683840000000004
ID_dodPXf_N,-6020.568000000001
ID_dodPXf_P,10.245180000000008
ID_dodPXf_K,-918.7976000000001
ID_dodPXf_Ca,-6804.140600000001
ID_dodPXf_Mg,-1083.6786
ID_dodPXf_S,-15.510073999999992
ID_dodPXf_Fe,-430.12932
ID_dodPXf_Mn,-423.6274400000001
ID_dodPXf_Zn,-20.346842000000006
ID_dodPXf_Cu,-4.127954000000001
ID_dodPXf_B,-1.054036
ID_DuTHc0_N,-5646.968
ID_DuTHc0_P,-14.446856000000004
ID_DuTHc0_K,-980.8628000000001
ID_DuTHc0_Ca,-7074.353999999999
ID_DuTHc0_Mg,-1155.2104
ID_DuTHc0_S,-9.861552000000003
ID_DuTHc0_Fe,-510.32583999999997
ID_DuTHc0_Mn,-430.38548
ID_DuTHc0_Zn,-23.769824000000018
ID_DuTHc0_Cu,-4.8590919999999995
ID_DuTHc0_B,-1.5470079999999982
ID_NiIliP_N,-5854.196
ID_NiIliP_P,-171.400174
ID_NiIliP_K,-1178.4344
ID_NiIliP_Ca,-7216.2484
ID_NiIliP_Mg,-881.0839999999998
ID_NiIliP_S,-9.973980000000005
ID_NiIliP_Fe,-395.4977800000001
ID_NiIliP_Mn,-416.21970000000005
ID_NiIliP_Zn,-23.09157000000002
ID_NiIliP_Cu,-4.258301999999997
ID_NiIliP_B,-1.6172599999999993
ID_b8uNRS_N,-6045.626
ID_b8uNRS_P,-32.14178600000001
ID_b8uNRS_K,-1130.9270000000001
ID_b8uNRS_Ca,-7086.250200000001
ID_b8uNRS_Mg,-889.5682000000002
ID_b8uNRS_S,-13.719587999999987
ID_b8uNRS_Fe,-433.96702000000005
ID_b8uNRS_Mn,-411.4211000000001
ID_b8uNRS_Zn,-23.21014400000001
ID_b8uNRS_Cu,-4.220463999999999
ID_b8uNRS_B,-1.2226960000000002
ID_xillBW_N,-6189.300000000001
ID_xillBW_P,11.170372
ID_xillBW_K,-789.8724000000001
ID_xillBW_Ca,-6020.3652
ID_xillBW_Mg,-976.9894
ID_xillBW_S,-13.642903999999994
ID_xillBW_Fe,-530.1368200000002
ID_xillBW_Mn,-401.7140800000001
ID_xillBW_Zn,-20.18290600000001
ID_xillBW_Cu,-3.22042
ID_xillBW_B,-0.7832800000000002
ID_lyLZbt_N,-6779.840000000001
ID_lyLZbt_P,-4.5425200000000245
ID_lyLZbt_K,-613.1700000000001
ID_lyLZbt_Ca,-3961.6620000000003
ID_lyLZbt_Mg,-642.2320000000001
ID_lyLZbt_S,-27.222919999999988
ID_lyLZbt_Fe,-443.74300000000005
ID_lyLZbt_Mn,-445.09560000000016
ID_lyLZbt_Zn,-20.58668000000001
ID_lyLZbt_Cu,-2.98934
ID_lyLZbt_B,-0.7749200000000002
ID_gQjl5k_N,-5650.18
ID_gQjl5k_P,-203.254014
ID_gQjl5k_K,-1898.0964000000004
ID_gQjl5k_Ca,-9488.166200000001
ID_gQjl5k_Mg,-1498.7954000000002
ID_gQjl5k_S,-9.676488000000003
ID_gQjl5k_Fe,-375.51258
ID_gQjl5k_Mn,-505.0359000000001
ID_gQjl5k_Zn,-20.18658599999999
ID_gQjl5k_Cu,-4.988215999999998
ID_gQjl5k_B,-1.7702439999999997
ID_Kn1ZnT_N,-6117.486
ID_Kn1ZnT_P,-125.19582999999989
ID_Kn1ZnT_K,-1326.9841999999999
ID_Kn1ZnT_Ca,-7634.529199999999
ID_Kn1ZnT_Mg,-1098.8801999999998
ID_Kn1ZnT_S,-14.095767999999993
ID_Kn1ZnT_Fe,-452.23055999999997
ID_Kn1ZnT_Mn,-464.67184000000003
ID_Kn1ZnT_Zn,-23.132250000000017
ID_Kn1ZnT_Cu,-4.857427999999999
ID_Kn1ZnT_B,-1.2217599999999995
ID_bKTKqg_N,-5919.552000000001
ID_bKTKqg_P,-103.25046400000005
ID_bKTKqg_K,-1233.9840000000004
ID_bKTKqg_Ca,-6741.801600000001
ID_bKTKqg_Mg,-991.6448
ID_bKTKqg_S,-20.135935999999994
ID_bKTKqg_Fe,-428.1196800000001
ID_bKTKqg_Mn,-444.54240000000004
ID_bKTKqg_Zn,-22.40409600000002
ID_bKTKqg_Cu,-4.0615999999999985
ID_bKTKqg_B,-1.5688639999999996
ID_3Le2OW_N,-6252.992000000001
ID_3Le2OW_P,-6.024200000000015
ID_3Le2OW_K,-679.4624
ID_3Le2OW_Ca,-4469.1792
ID_3Le2OW_Mg,-629.7832000000001
ID_3Le2OW_S,-24.712871999999976
ID_3Le2OW_Fe,-453.37024
ID_3Le2OW_Mn,-432.3538400000001
ID_3Le2OW_Zn,-20.25132800000001
ID_3Le2OW_Cu,-3.5225439999999986
ID_3Le2OW_B,-0.782272
ID_mjXCoA_N,-6772.140000000001
ID_mjXCoA_P,7.842159999999986
ID_mjXCoA_K,-589.7620000000001
ID_mjXCoA_Ca,-4566.398000000001
ID_mjXCoA_Mg,-653.0780000000001
ID_mjXCoA_S,-62.16244000000012
ID_mjXCoA_Fe,-486.9554
ID_mjXCoA_Mn,-444.6248000000001
ID_mjXCoA_Zn,-20.447200000000006
ID_mjXCoA_Cu,-3.6427400000000025
ID_mjXCoA_B,-0.7018800000000005
ID_r3BADh_N,-6499.760000000001
ID_r3BADh_P,-38.514031999999986
ID_r3BADh_K,-1011.7940000000001
ID_r3BADh_Ca,-5595.2922
ID_r3BADh_Mg,-957.033
ID_r3BADh_S,-13.003332
ID_r3BADh_Fe,-497.94198000000006
ID_r3BADh_Mn,-408.82792
ID_r3BADh_Zn,-20.465428000000006
ID_r3BADh_Cu,-3.6928740000000024
ID_r3BADh_B,-1.428486
ID_gB0Ji2_N,-6969.920000000002
ID_gB0Ji2_P,10.249619999999993
ID_gB0Ji2_K,-644.4540000000001
ID_gB0Ji2_Ca,-3353.7800000000007
ID_gB0Ji2_Mg,-537.3580000000001
ID_gB0Ji2_S,-32.33021999999997
ID_gB0Ji2_Fe,-491.7910000000001
ID_gB0Ji2_Mn,-424.2748000000001
ID_gB0Ji2_Zn,-20.793920000000007
ID_gB0Ji2_Cu,-3.583780000000003
ID_gB0Ji2_B,-0.7659000000000002
ID_EVFSAT_N,-6742.660000000001
ID_EVFSAT_P,9.046219999999987
ID_EVFSAT_K,-767.0160000000001
ID_EVFSAT_Ca,-4492.0160000000005
ID_EVFSAT_Mg,-821.1360000000001
ID_EVFSAT_S,-25.963199999999993
ID_EVFSAT_Fe,-493.9976000000001
ID_EVFSAT_Mn,-454.0628000000001
ID_EVFSAT_Zn,-21.64202000000001
ID_EVFSAT_Cu,-3.3373800000000005
ID_EVFSAT_B,-0.8431200000000004
ID_S0xn2l_N,-6813.870000000002
ID_S0xn2l_P,-3.0325460000000035
ID_S0xn2l_K,-885.9668000000001
ID_S0xn2l_Ca,-5838.487800000001
ID_S0xn2l_Mg,-976.3136000000001
ID_S0xn2l_S,-20.45278799999999
ID_S0xn2l_Fe,-441.2255200000001
ID_S0xn2l_Mn,-476.7671200000001
ID_S0xn2l_Zn,-21.26113400000001
ID_S0xn2l_Cu,-3.688684000000003
ID_S0xn2l_B,-1.3365639999999996
ID_3dckyz_N,-6835.724000000001
ID_3dckyz_P,9.788019999999989
ID_3dckyz_K,-728.2856000000002
ID_3dckyz_Ca,-4660.767000000001
ID_3dckyz_Mg,-701.2900000000001
ID_3dckyz_S,-26.819141999999992
ID_3dckyz_Fe,-521.0509600000001
ID_3dckyz_Mn,-437.36624000000006
ID_3dckyz_Zn,-20.583662000000004
ID_3dckyz_Cu,-3.332686
ID_3dckyz_B,-0.8168800000000004
ID_IHjM1E_N,-7128.662000000001
ID_IHjM1E_P,4.771199999999993
ID_IHjM1E_K,-715.5562
ID_IHjM1E_Ca,-3293.7084000000004
ID_IHjM1E_Mg,-519.8216000000001
ID_IHjM1E_S,-32.558981999999986
ID_IHjM1E_Fe,-493.8965
ID_IHjM1E_Mn,-431.9027200000001
ID_IHjM1E_Zn,-20.555249999999997
ID_IHjM1E_Cu,-3.4959720000000027
ID_IHjM1E_B,-0.7736880000000005
ID_AeIsQm_N,-7190.079999999999
ID_AeIsQm_P,1.2735199999999907
ID_AeIsQm_K,-527.1170000000001
ID_AeIsQm_Ca,-3678.6259999999997
ID_AeIsQm_Mg,-609.4810000000001
ID_AeIsQm_S,-30.394749999999988
ID_AeIsQm_Fe,-531.0980000000001
ID_AeIsQm_Mn,-431.3123000000001
ID_AeIsQm_Zn,-20.85452999999999
ID_AeIsQm_Cu,-4.4381799999999965
ID_AeIsQm_B,-0.7348900000000002
ID_kmqJFM_N,-6994.752
ID_kmqJFM_P,-25.586304
ID_kmqJFM_K,-1105.7664000000002
ID_kmqJFM_Ca,-5977.939200000001
ID_kmqJFM_Mg,-1068.5664000000004
ID_kmqJFM_S,-15.75270399999999
ID_kmqJFM_Fe,-499.3494400000001
ID_kmqJFM_Mn,-443.9689600000001
ID_kmqJFM_Zn,-20.879328
ID_kmqJFM_Cu,-3.6256960000000023
ID_kmqJFM_B,-1.0142400000000005
ID_u9NtXA_N,-6861.920000000002
ID_u9NtXA_P,-55.15630399999996
ID_u9NtXA_K,-1123.1126000000002
ID_u9NtXA_Ca,-6131.4504000000015
ID_u9NtXA_Mg,-1013.0224000000001
ID_u9NtXA_S,-17.656535999999996
ID_u9NtXA_Fe,-491.90458000000007
ID_u9NtXA_Mn,-462.63872000000003
ID_u9NtXA_Zn,-21.573116000000017
ID_u9NtXA_Cu,-3.86371
ID_u9NtXA_B,-1.3172679999999999
ID_OigK8l_N,-7182.259999999999
ID_OigK8l_P,0.30222999999998734
ID_OigK8l_K,-533.0969999999999
ID_OigK8l_Ca,-3639.894
ID_OigK8l_Mg,-583.675
ID_OigK8l_S,-14.788790000000006
ID_OigK8l_Fe,-619.7837000000001
ID_OigK8l_Mn,-434.1873
ID_OigK8l_Zn,-20.43892
ID_OigK8l_Cu,-4.372399999999997
ID_OigK8l_B,-0.7422500000000004
ID_4EQLCg_N,-7025.879999999999
ID_4EQLCg_P,-70.30996799999998
ID_4EQLCg_K,-1240.0312
ID_4EQLCg_Ca,-6116.9064
ID_4EQLCg_Mg,-1157.5216
ID_4EQLCg_S,-15.681776000000003
ID_4EQLCg_Fe,-466.81224000000003
ID_4EQLCg_Mn,-458.88808000000006
ID_4EQLCg_Zn,-23.07329600000001
ID_4EQLCg_Cu,-4.190135999999998
ID_4EQLCg_B,-1.576016
ID_R5X1sK_N,-6189.5
ID_R5X1sK_P,8.374419999999997
ID_R5X1sK_K,-863.3060000000002
ID_R5X1sK_Ca,-5107.464000000001
ID_R5X1sK_Mg,-946.9960000000001
ID_R5X1sK_S,-8.200950000000006
ID_R5X1sK_Fe,-454.01800000000003
ID_R5X1sK_Mn,-420.9818000000001
ID_R5X1sK_Zn,-19.01954
ID_R5X1sK_Cu,-3.6333400000000005
ID_R5X1sK_B,-0.8223699999999999
ID_nNqCbX_N,-6259.85
ID_nNqCbX_P,10.615959999999983
ID_nNqCbX_K,-837.917
ID_nNqCbX_Ca,-4312.656000000001
ID_nNqCbX_Mg,-748.8610000000002
ID_nNqCbX_S,-8.39583
ID_nNqCbX_Fe,-476.9521
ID_nNqCbX_Mn,-429.85640000000006
ID_nNqCbX_Zn,-18.825289999999995
ID_nNqCbX_Cu,-3.24253
ID_nNqCbX_B,-0.76693
ID_6kaxWB_N,-6313.0
ID_6kaxWB_P,-2.0671600000000225
ID_6kaxWB_K,-942.9796000000001
ID_6kaxWB_Ca,-5762.901200000001
ID_6kaxWB_Mg,-979.8776000000003
ID_6kaxWB_S,-7.9320280000000025
ID_6kaxWB_Fe,-413.18724000000003
ID_6kaxWB_Mn,-432.8410800000001
ID_6kaxWB_Zn,-18.565732
ID_6kaxWB_Cu,-3.373260000000001
ID_6kaxWB_B,-1.035756
ID_ewdHJU_N,-6707.956
ID_ewdHJU_P,-53.58061600000002
ID_ewdHJU_K,-1124.9604
ID_ewdHJU_Ca,-6124.997200000001
ID_ewdHJU_Mg,-1083.058
ID_ewdHJU_S,-12.471795999999987
ID_ewdHJU_Fe,-485.96684000000005
ID_ewdHJU_Mn,-388.4164800000001
ID_ewdHJU_Zn,-21.315372000000007
ID_ewdHJU_Cu,-4.411847999999997
ID_ewdHJU_B,-1.3187759999999997
ID_OlMqVQ_N,-5427.608
ID_OlMqVQ_P,-17.410300000000007
ID_OlMqVQ_K,-1090.9958000000001
ID_OlMqVQ_Ca,-6609.3576
ID_OlMqVQ_Mg,-920.5928
ID_OlMqVQ_S,-12.242254000000003
ID_OlMqVQ_Fe,-412.7634400000001
ID_OlMqVQ_Mn,-435.32532000000015
ID_OlMqVQ_Zn,-20.468486000000006
ID_OlMqVQ_Cu,-3.4168380000000007
ID_OlMqVQ_B,-1.6315179999999991
ID_K1vBvJ_N,-5299.264
ID_K1vBvJ_P,-2.3003360000000157
ID_K1vBvJ_K,-811.9696
ID_K1vBvJ_Ca,-4436.4336
ID_K1vBvJ_Mg,-900.3568
ID_K1vBvJ_S,-10.217311999999993
ID_K1vBvJ_Fe,-440.84224000000006
ID_K1vBvJ_Mn,-400.74048000000005
ID_K1vBvJ_Zn,-18.903024000000002
ID_K1vBvJ_Cu,-3.1806240000000003
ID_K1vBvJ_B,-0.9394079999999997
ID_SSDJLI_N,-6522.220000000001
ID_SSDJLI_P,-38.27600000000001
ID_SSDJLI_K,-705.504
ID_SSDJLI_Ca,-3446.1580000000013
ID_SSDJLI_Mg,-619.9680000000001
ID_SSDJLI_S,-26.61747999999998
ID_SSDJLI_Fe,-492.65560000000005
ID_SSDJLI_Mn,-410.6414000000001
ID_SSDJLI_Zn,-20.85904000000001
ID_SSDJLI_Cu,-3.83612
ID_SSDJLI_B,-0.7478600000000002
ID_ilMe5T_N,-6846.060000000001
ID_ilMe5T_P,-15.07942000000002
ID_ilMe5T_K,-607.8460000000001
ID_ilMe5T_Ca,-3455.596000000001
ID_ilMe5T_Mg,-555.8380000000001
ID_ilMe5T_S,-27.24931999999997
ID_ilMe5T_Fe,-469.2696000000001
ID_ilMe5T_Mn,-452.0388000000002
ID_ilMe5T_Zn,-21.02184000000001
ID_ilMe5T_Cu,-3.6733200000000026
ID_ilMe5T_B,-0.7890000000000003
ID_IRSLPu_N,-6634.020000000001
ID_IRSLPu_P,-37.19881400000003
ID_IRSLPu_K,-1046.0442
ID_IRSLPu_Ca,-6365.677200000001
ID_IRSLPu_Mg,-1053.3548
ID_IRSLPu_S,-17.252983999999998
ID_IRSLPu_Fe,-474.66236
ID_IRSLPu_Mn,-410.94420000000014
ID_IRSLPu_Zn,-21.794362000000017
ID_IRSLPu_Cu,-4.272488
ID_IRSLPu_B,-1.5508579999999992
ID_boAkmh_N,-6781.280000000001
ID_boAkmh_P,-1.4890560000000193
ID_boAkmh_K,-625.0176000000001
ID_boAkmh_Ca,-4110.451200000001
ID_boAkmh_Mg,-600.0704000000001
ID_boAkmh_S,-27.99363199999999
ID_boAkmh_Fe,-450.3808
ID_boAkmh_Mn,-415.93536000000006
ID_boAkmh_Zn,-21.856192000000014
ID_boAkmh_Cu,-3.329791999999999
ID_boAkmh_B,-0.7676160000000003
ID_8TJCiQ_N,-6884.560000000001
ID_8TJCiQ_P,4.856539999999981
ID_8TJCiQ_K,-655.9380000000001
ID_8TJCiQ_Ca,-3504.4800000000005
ID_8TJCiQ_Mg,-556.2340000000002
ID_8TJCiQ_S,-27.57403999999999
ID_8TJCiQ_Fe,-493.6280000000001
ID_8TJCiQ_Mn,-425.2824000000001
ID_8TJCiQ_Zn,-20.934940000000005
ID_8TJCiQ_Cu,-3.588840000000002
ID_8TJCiQ_B,-0.7936200000000001
ID_A1RYsb_N,-6765.201999999999
ID_A1RYsb_P,1.5255339999999933
ID_A1RYsb_K,-869.3568
ID_A1RYsb_Ca,-4454.279799999999
ID_A1RYsb_Mg,-992.2533999999998
ID_A1RYsb_S,-20.688413999999995
ID_A1RYsb_Fe,-495.4666200000001
ID_A1RYsb_Mn,-467.2030400000001
ID_A1RYsb_Zn,-22.331080000000007
ID_A1RYsb_Cu,-4.0729820000000005
ID_A1RYsb_B,-0.932932
ID_3spvvp_N,-6750.868000000001
ID_3spvvp_P,4.382723999999982
ID_3spvvp_K,-653.5788000000002
ID_3spvvp_Ca,-4142.491400000001
ID_3spvvp_Mg,-597.9092
ID_3spvvp_S,-26.996275999999995
ID_3spvvp_Fe,-476.83146000000005
ID_3spvvp_Mn,-420.1634200000001
ID_3spvvp_Zn,-21.237154
ID_3spvvp_Cu,-3.6330940000000034
ID_3spvvp_B,-0.8011560000000001
ID_o5a8FZ_N,-6913.440000000001
ID_o5a8FZ_P,7.594367999999989
ID_o5a8FZ_K,-1008.8640000000003
ID_o5a8FZ_Ca,-5790.137600000001
ID_o5a8FZ_Mg,-939.7440000000001
ID_o5a8FZ_S,-18.465567999999987
ID_o5a8FZ_Fe,-512.8588800000001
ID_o5a8FZ_Mn,-453.05440000000004
ID_o5a8FZ_Zn,-21.525120000000005
ID_o5a8FZ_Cu,-3.530048
ID_o5a8FZ_B,-0.9188160000000003
ID_ih90Yv_N,-6432.370000000001
ID_ih90Yv_P,4.594837999999989
ID_ih90Yv_K,-878.969
ID_ih90Yv_Ca,-6066.603000000001
ID_ih90Yv_Mg,-999.4434000000001
ID_ih90Yv_S,-18.534387999999993
ID_ih90Yv_Fe,-490.354
ID_ih90Yv_Mn,-420.61250000000007
ID_ih90Yv_Zn,-20.772378000000003
ID_ih90Yv_Cu,-3.1700620000000006
ID_ih90Yv_B,-0.8763660000000003
ID_gmMAKt_N,-5968.777999999999
ID_gmMAKt_P,-119.99828199999996
ID_gmMAKt_K,-1493.8174
ID_gmMAKt_Ca,-6329.898999999999
ID_gmMAKt_Mg,-1157.3464
ID_gmMAKt_S,-23.10683999999999
ID_gmMAKt_Fe,-497.9842599999999
ID_gmMAKt_Mn,-421.96236000000005
ID_gmMAKt_Zn,-21.88766800000001
ID_gmMAKt_Cu,-4.541027999999999
ID_gmMAKt_B,-1.2027760000000003
ID_SjxaRc_N,-7051.092000000001
ID_SjxaRc_P,-35.106128
ID_SjxaRc_K,-1170.886
ID_SjxaRc_Ca,-4523.774799999999
ID_SjxaRc_Mg,-734.6812
ID_SjxaRc_S,-25.937263999999978
ID_SjxaRc_Fe,-539.89596
ID_SjxaRc_Mn,-492.26192000000003
ID_SjxaRc_Zn,-22.338990000000006
ID_SjxaRc_Cu,-4.164285999999998
ID_SjxaRc_B,-0.9205020000000007
ID_ramHr0_N,-7029.17
ID_ramHr0_P,-28.705808000000005
ID_ramHr0_K,-1093.368
ID_ramHr0_Ca,-4585.676199999999
ID_ramHr0_Mg,-936.906
ID_ramHr0_S,-12.015889999999999
ID_ramHr0_Fe,-538.4947600000002
ID_ramHr0_Mn,-463.94638
ID_ramHr0_Zn,-22.265992000000004
ID_ramHr0_Cu,-4.433677999999999
ID_ramHr0_B,-0.8967720000000009
ID_ozdMO0_N,-6847.24
ID_ozdMO0_P,-31.83568199999999
ID_ozdMO0_K,-611.0162
ID_ozdMO0_Ca,-4885.0584
ID_ozdMO0_Mg,-655.6263999999999
ID_ozdMO0_S,-9.939854
ID_ozdMO0_Fe,-550.8614800000001
ID_ozdMO0_Mn,-489.16798000000006
ID_ozdMO0_Zn,-22.504874000000004
ID_ozdMO0_Cu,-3.975124
ID_ozdMO0_B,-0.8513460000000005
ID_ivVud9_N,-7016.120000000002
ID_ivVud9_P,-25.783519999999996
ID_ivVud9_K,-1129.2900000000002
ID_ivVud9_Ca,-4630.286000000001
ID_ivVud9_Mg,-873.9580000000001
ID_ivVud9_S,-16.873679999999997
ID_ivVud9_Fe,-561.3902000000002
ID_ivVud9_Mn,-413.4002000000001
ID_ivVud9_Zn,-22.2963
ID_ivVud9_Cu,-4.092419999999999
ID_ivVud9_B,-0.7920800000000005
ID_LXjN30_N,-7308.279999999999
ID_LXjN30_P,1.0262999999999778
ID_LXjN30_K,-504.5928
ID_LXjN30_Ca,-3674.7153999999996
ID_LXjN30_Mg,-620.1218
ID_LXjN30_S,-28.816955999999976
ID_LXjN30_Fe,-551.3835399999999
ID_LXjN30_Mn,-402.33426000000003
ID_LXjN30_Zn,-20.88965199999999
ID_LXjN30_Cu,-2.973040000000001
ID_LXjN30_B,-0.7602680000000009
ID_MXdLKi_N,-7173.164000000001
ID_MXdLKi_P,-29.34702800000001
ID_MXdLKi_K,-501.8234000000001
ID_MXdLKi_Ca,-3505.5234000000005
ID_MXdLKi_Mg,-592.8430000000001
ID_MXdLKi_S,-28.23017399999999
ID_MXdLKi_Fe,-536.2513000000002
ID_MXdLKi_Mn,-414.18278000000015
ID_MXdLKi_Zn,-19.775581999999993
ID_MXdLKi_Cu,-3.5458060000000002
ID_MXdLKi_B,-0.7351840000000012
ID_hUkSYl_N,-6492.564
ID_hUkSYl_P,-38.152952
ID_hUkSYl_K,-1019.6600000000001
ID_hUkSYl_Ca,-5802.842000000001
ID_hUkSYl_Mg,-1040.0644
ID_hUkSYl_S,-15.449336000000002
ID_hUkSYl_Fe,-472.9203600000001
ID_hUkSYl_Mn,-405.41676000000007
ID_hUkSYl_Zn,-20.466736000000004
ID_hUkSYl_Cu,-3.2416080000000016
ID_hUkSYl_B,-0.9677039999999998
ID_bh8778_N,-6931.99
ID_bh8778_P,-20.508562000000033
ID_bh8778_K,-723.1122
ID_bh8778_Ca,-4106.4658
ID_bh8778_Mg,-718.0702
ID_bh8778_S,-27.491691999999986
ID_bh8778_Fe,-538.8428
ID_bh8778_Mn,-432.3561
ID_bh8778_Zn,-20.102945999999996
ID_bh8778_Cu,-3.6370279999999986
ID_bh8778_B,-0.7293060000000006
ID_vhfxj9_N,-6040.406000000001
ID_vhfxj9_P,6.927655999999992
ID_vhfxj9_K,-804.3694
ID_vhfxj9_Ca,-4858.730400000001
ID_vhfxj9_Mg,-981.0224000000003
ID_vhfxj9_S,-22.218587999999976
ID_vhfxj9_Fe,-460.43786
ID_vhfxj9_Mn,-430.20450000000005
ID_vhfxj9_Zn,-21.413080000000004
ID_vhfxj9_Cu,-3.3608119999999992
ID_vhfxj9_B,-0.7102500000000003
ID_1GYDbI_N,-6965.380000000001
ID_1GYDbI_P,-26.321050000000014
ID_1GYDbI_K,-1089.1864000000003
ID_1GYDbI_Ca,-4490.0052
ID_1GYDbI_Mg,-818.6342000000001
ID_1GYDbI_S,-24.691361999999998
ID_1GYDbI_Fe,-515.5613400000001
ID_1GYDbI_Mn,-425.21448000000004
ID_1GYDbI_Zn,-21.208160000000007
ID_1GYDbI_Cu,-3.6601259999999995
ID_1GYDbI_B,-0.8454100000000008
ID_s9adpZ_N,-6702.272000000001
ID_s9adpZ_P,-93.79471999999998
ID_s9adpZ_K,-1188.9632000000001
ID_s9adpZ_Ca,-5995.305600000001
ID_s9adpZ_Mg,-989.1856000000002
ID_s9adpZ_S,-14.662175999999995
ID_s9adpZ_Fe,-483.21711999999997
ID_s9adpZ_Mn,-401.92592
ID_s9adpZ_Zn,-21.669368000000013
ID_s9adpZ_Cu,-3.933375999999998
ID_s9adpZ_B,-0.9684640000000003
ID_sCKp7z_N,-7057.700000000001
ID_sCKp7z_P,-58.961939999999984
ID_sCKp7z_K,-1305.4660000000001
ID_sCKp7z_Ca,-6510.912
ID_sCKp7z_Mg,-1170.8040000000003
ID_sCKp7z_S,-20.65856
ID_sCKp7z_Fe,-495.6498000000001
ID_sCKp7z_Mn,-417.16220000000015
ID_sCKp7z_Zn,-22.15924000000001
ID_sCKp7z_Cu,-4.892339999999999
ID_sCKp7z_B,-1.3035800000000015
ID_yInvuF_N,-6929.0
ID_yInvuF_P,-48.33044000000001
ID_yInvuF_K,-1088.4800000000002
ID_yInvuF_Ca,-5905.2300000000005
ID_yInvuF_Mg,-1026.7700000000002
ID_yInvuF_S,-11.965700000000002
ID_yInvuF_Fe,-481.2574000000001
ID_yInvuF_Mn,-455.40480000000014
ID_yInvuF_Zn,-20.945940000000018
ID_yInvuF_Cu,-3.775400000000002
ID_yInvuF_B,-1.1524399999999995
ID_hLqdvV_N,-6985.328
ID_hLqdvV_P,-63.55577599999998
ID_hLqdvV_K,-1134.1016000000002
ID_hLqdvV_Ca,-6705.0396
ID_hLqdvV_Mg,-1159.5424
ID_hLqdvV_S,-20.476091999999994
ID_hLqdvV_Fe,-486.18292
ID_hLqdvV_Mn,-430.88252000000006
ID_hLqdvV_Zn,-23.460428000000004
ID_hLqdvV_Cu,-4.686723999999998
ID_hLqdvV_B,-1.2804760000000002
ID_StCn9M_N,-7030.200000000001
ID_StCn9M_P,-38.444739999999996
ID_StCn9M_K,-1026.528
ID_StCn9M_Ca,-5760.470000000001
ID_StCn9M_Mg,-1076.8200000000002
ID_StCn9M_S,-19.34911999999999
ID_StCn9M_Fe,-481.7084000000001
ID_StCn9M_Mn,-440.35460000000006
ID_StCn9M_Zn,-22.033180000000016
ID_StCn9M_Cu,-3.6374600000000017
ID_StCn9M_B,-0.9997600000000001
ID_Cg7Pfr_N,-5735.720000000001
ID_Cg7Pfr_P,-143.71231999999998
ID_Cg7Pfr_K,-1267.516
ID_Cg7Pfr_Ca,-5661.514
ID_Cg7Pfr_Mg,-1097.3460000000002
ID_Cg7Pfr_S,-15.261960000000006
ID_Cg7Pfr_Fe,-440.31540000000007
ID_Cg7Pfr_Mn,-440.6208000000002
ID_Cg7Pfr_Zn,-22.08444000000002
ID_Cg7Pfr_Cu,-4.837999999999997
ID_Cg7Pfr_B,-1.3169999999999995
ID_mFGYxz_N,-6573.590000000001
ID_mFGYxz_P,-18.981824000000017
ID_mFGYxz_K,-884.8491999999999
ID_mFGYxz_Ca,-4487.9278
ID_mFGYxz_Mg,-803.7448
ID_mFGYxz_S,-17.274985999999984
ID_mFGYxz_Fe,-518.4068000000001
ID_mFGYxz_Mn,-439.6139600000001
ID_mFGYxz_Zn,-20.842282000000004
ID_mFGYxz_Cu,-3.164936000000001
ID_mFGYxz_B,-0.8271459999999999
ID_juTjYy_N,-6834.816000000001
ID_juTjYy_P,2.608799999999981
ID_juTjYy_K,-1150.544
ID_juTjYy_Ca,-5699.260800000001
ID_juTjYy_Mg,-934.9280000000001
ID_juTjYy_S,-17.950816
ID_juTjYy_Fe,-514.9420800000003
ID_juTjYy_Mn,-445.2636800000001
ID_juTjYy_Zn,-21.577312000000013
ID_juTjYy_Cu,-3.5027200000000014
ID_juTjYy_B,-0.8446720000000006
ID_754N2A_N,-6719.984000000001
ID_754N2A_P,9.055191999999987
ID_754N2A_K,-449.59520000000003
ID_754N2A_Ca,-3247.8720000000003
ID_754N2A_Mg,-520.8976000000001
ID_754N2A_S,-26.977847999999973
ID_754N2A_Fe,-528.87088
ID_754N2A_Mn,-421.0937600000001
ID_754N2A_Zn,-20.155424000000007
ID_754N2A_Cu,-3.8644720000000037
ID_754N2A_B,-0.7695280000000002
ID_LUq3dl_N,-6753.032000000001
ID_LUq3dl_P,8.01255999999998
ID_LUq3dl_K,-1018.1072000000001
ID_LUq3dl_Ca,-4383.211200000001
ID_LUq3dl_Mg,-795.3688000000002
ID_LUq3dl_S,-23.47691999999998
ID_LUq3dl_Fe,-511.72696
ID_LUq3dl_Mn,-444.8710400000001
ID_LUq3dl_Zn,-21.317504000000007
ID_LUq3dl_Cu,-3.681304000000001
ID_LUq3dl_B,-0.8151040000000005
ID_nEDqOj_N,-6775.82
ID_nEDqOj_P,9.078925999999989
ID_nEDqOj_K,-996.4716000000001
ID_nEDqOj_Ca,-4293.3162
ID_nEDqOj_Mg,-801.6476
ID_nEDqOj_S,-22.88884799999999
ID_nEDqOj_Fe,-536.1944800000001
ID_nEDqOj_Mn,-448.36228000000006
ID_nEDqOj_Zn,-20.993794
ID_nEDqOj_Cu,-3.7806140000000026
ID_nEDqOj_B,-0.8164460000000012
ID_zPs3hb_N,-7129.420000000002
ID_zPs3hb_P,-18.22388
ID_zPs3hb_K,-471.1160000000001
ID_zPs3hb_Ca,-3412.1900000000005
ID_zPs3hb_Mg,-540.9660000000001
ID_zPs3hb_S,-26.10707999999999
ID_zPs3hb_Fe,-541.181
ID_zPs3hb_Mn,-447.15700000000004
ID_zPs3hb_Zn,-19.887739999999997
ID_zPs3hb_Cu,-3.62976
ID_zPs3hb_B,-0.7067200000000012
ID_kPJT6g_N,-7416.629999999999
ID_kPJT6g_P,4.299629999999986
ID_kPJT6g_K,-670.8670000000001
ID_kPJT6g_Ca,-3332.407
ID_kPJT6g_Mg,-554.3729999999999
ID_kPJT6g_S,-35.27396999999996
ID_kPJT6g_Fe,-519.552
ID_kPJT6g_Mn,-450.8945
ID_kPJT6g_Zn,-21.034160000000007
ID_kPJT6g_Cu,-3.785670000000002
ID_kPJT6g_B,-0.8204500000000005
ID_72Sf9e_N,-6747.008000000001
ID_72Sf9e_P,1.8308479999999818
ID_72Sf9e_K,-948.2496000000003
ID_72Sf9e_Ca,-6382.192000000001
ID_72Sf9e_Mg,-1100.2176
ID_72Sf9e_S,-21.569087999999986
ID_72Sf9e_Fe,-502.9312000000001
ID_72Sf9e_Mn,-424.5235200000001
ID_72Sf9e_Zn,-21.535872000000005
ID_72Sf9e_Cu,-3.774880000000003
ID_72Sf9e_B,-0.9304640000000005
ID_oM8KBF_N,-6795.508000000001
ID_oM8KBF_P,-44.63464599999999
ID_oM8KBF_K,-657.2816000000001
ID_oM8KBF_Ca,-3164.7016000000003
ID_oM8KBF_Mg,-522.3776000000001
ID_oM8KBF_S,-32.22695199999998
ID_oM8KBF_Fe,-531.0007000000002
ID_oM8KBF_Mn,-413.00092000000006
ID_oM8KBF_Zn,-20.009822000000007
ID_oM8KBF_Cu,-3.8443859999999983
ID_oM8KBF_B,-0.7443280000000004
ID_kRok1T_N,-6991.1680000000015
ID_kRok1T_P,-41.252191999999994
ID_kRok1T_K,-470.65920000000006
ID_kRok1T_Ca,-3132.8928000000005
ID_kRok1T_Mg,-527.6512000000001
ID_kRok1T_S,-34.075455999999974
ID_kRok1T_Fe,-604.5152000000002
ID_kRok1T_Mn,-423.88063999999997
ID_kRok1T_Zn,-21.08832000000001
ID_kRok1T_Cu,-4.029792000000001
ID_kRok1T_B,-0.7765760000000004
ID_ufqJYp_N,-6564.464
ID_ufqJYp_P,-38.39287999999999
ID_ufqJYp_K,-1089.1928000000003
ID_ufqJYp_Ca,-5667.18
ID_ufqJYp_Mg,-1040.3776000000003
ID_ufqJYp_S,-24.148679999999977
ID_ufqJYp_Fe,-487.5176800000001
ID_ufqJYp_Mn,-438.08216000000004
ID_ufqJYp_Zn,-21.34104800000002
ID_ufqJYp_Cu,-3.6834640000000016
ID_ufqJYp_B,-1.236952
ID_3GFP6U_N,-6949.504000000001
ID_3GFP6U_P,-36.83401600000002
ID_3GFP6U_K,-1054.2912000000003
ID_3GFP6U_Ca,-5746.905600000002
ID_3GFP6U_Mg,-1053.1776
ID_3GFP6U_S,-13.995423999999993
ID_3GFP6U_Fe,-496.9481600000001
ID_3GFP6U_Mn,-472.22432000000003
ID_3GFP6U_Zn,-21.40774400000001
ID_3GFP6U_Cu,-3.722688000000003
ID_3GFP6U_B,-1.0308159999999997
ID_4Pofwx_N,-6975.488000000001
ID_4Pofwx_P,-41.47551999999999
ID_4Pofwx_K,-1208.0672
ID_4Pofwx_Ca,-5726.992000000001
ID_4Pofwx_Mg,-1037.9904000000001
ID_4Pofwx_S,-14.772255999999988
ID_4Pofwx_Fe,-511.08704000000006
ID_4Pofwx_Mn,-472.0160000000002
ID_4Pofwx_Zn,-22.37497600000001
ID_4Pofwx_Cu,-4.183680000000002
ID_4Pofwx_B,-1.1206400000000007
ID_xy228S_N,-6641.428
ID_xy228S_P,-41.81883399999998
ID_xy228S_K,-638.2142
ID_xy228S_Ca,-3878.5200000000004
ID_xy228S_Mg,-660.6858000000002
ID_xy228S_S,-25.53067799999998
ID_xy228S_Fe,-443.88344000000006
ID_xy228S_Mn,-433.9429600000002
ID_xy228S_Zn,-20.509084000000005
ID_xy228S_Cu,-3.8518760000000016
ID_xy228S_B,-0.7291340000000003
ID_4NOTkr_N,-6393.560000000001
ID_4NOTkr_P,-37.76499200000001
ID_4NOTkr_K,-937.8068
ID_4NOTkr_Ca,-5221.304800000001
ID_4NOTkr_Mg,-848.5648000000001
ID_4NOTkr_S,-10.193644000000006
ID_4NOTkr_Fe,-482.8928400000001
ID_4NOTkr_Mn,-409.0016800000001
ID_4NOTkr_Zn,-20.28462799999999
ID_4NOTkr_Cu,-4.027068000000002
ID_4NOTkr_B,-0.8127320000000005
ID_6h00wR_N,-7002.144
ID_6h00wR_P,-38.55075200000002
ID_6h00wR_K,-531.0048
ID_6h00wR_Ca,-4058.7520000000004
ID_6h00wR_Mg,-674.0576000000001
ID_6h00wR_S,-12.9648
ID_6h00wR_Fe,-544.2614400000002
ID_6h00wR_Mn,-464.80544000000003
ID_6h00wR_Zn,-20.02969600000001
ID_6h00wR_Cu,-3.9887999999999995
ID_6h00wR_B,-0.7570880000000005
ID_DOlZDT_N,-6682.8200000000015
ID_DOlZDT_P,-14.10174000000002
ID_DOlZDT_K,-768.7760000000001
ID_DOlZDT_Ca,-4685.044000000001
ID_DOlZDT_Mg,-688.916
ID_DOlZDT_S,-11.60754
ID_DOlZDT_Fe,-462.83020000000016
ID_DOlZDT_Mn,-469.85
ID_DOlZDT_Zn,-20.377460000000006
ID_DOlZDT_Cu,-4.272379999999999
ID_DOlZDT_B,-0.7527000000000003
ID_3p6awS_N,-5066.720000000001
ID_3p6awS_P,-21.361928000000013
ID_3p6awS_K,-883.4528
ID_3p6awS_Ca,-6713.829600000001
ID_3p6awS_Mg,-999.1864000000002
ID_3p6awS_S,-13.513703999999997
ID_3p6awS_Fe,-381.04264000000006
ID_3p6awS_Mn,-386.68496000000005
ID_3p6awS_Zn,-20.165576000000016
ID_3p6awS_Cu,-3.997527999999998
ID_3p6awS_B,-1.4488479999999992
ID_n4jANd_N,-5687.9000000000015
ID_n4jANd_P,-33.69250200000002
ID_n4jANd_K,-970.8124000000003
ID_n4jANd_Ca,-6698.7158
ID_n4jANd_Mg,-950.6768000000002
ID_n4jANd_S,-12.369348000000002
ID_n4jANd_Fe,-486.88125999999994
ID_n4jANd_Mn,-409.10428
ID_n4jANd_Zn,-21.689286000000017
ID_n4jANd_Cu,-4.797649999999996
ID_n4jANd_B,-1.4874199999999995
ID_iPXOb6_N,-5603.742000000001
ID_iPXOb6_P,-0.9681600000000117
ID_iPXOb6_K,-872.5014000000001
ID_iPXOb6_Ca,-4546.6922
ID_iPXOb6_Mg,-926.1528000000001
ID_iPXOb6_S,-10.589625999999992
ID_iPXOb6_Fe,-528.2208400000002
ID_iPXOb6_Mn,-405.65430000000003
ID_iPXOb6_Zn,-20.74255800000001
ID_iPXOb6_Cu,-4.063093999999999
ID_iPXOb6_B,-0.86909
ID_DCTimV_N,-5578.200000000001
ID_DCTimV_P,-187.27100000000007
ID_DCTimV_K,-1523.6400000000003
ID_DCTimV_Ca,-6793.106
ID_DCTimV_Mg,-920.268
ID_DCTimV_S,-9.796500000000005
ID_DCTimV_Fe,-420.8762000000001
ID_DCTimV_Mn,-439.3338000000001
ID_DCTimV_Zn,-22.59176
ID_DCTimV_Cu,-4.2279399999999985
ID_DCTimV_B,-1.7079399999999987
ID_WEEfIT_N,-5745.0160000000005
ID_WEEfIT_P,-0.7803880000000163
ID_WEEfIT_K,-898.5890000000002
ID_WEEfIT_Ca,-7100.751400000001
ID_WEEfIT_Mg,-1096.497
ID_WEEfIT_S,-11.621390000000002
ID_WEEfIT_Fe,-498.53772
ID_WEEfIT_Mn,-387.8209400000002
ID_WEEfIT_Zn,-20.499878000000017
ID_WEEfIT_Cu,-4.194879999999997
ID_WEEfIT_B,-1.4967939999999986
ID_9OYP5W_N,-5643.14
ID_9OYP5W_P,-10.783832000000046
ID_9OYP5W_K,-892.4546000000003
ID_9OYP5W_Ca,-6981.5106000000005
ID_9OYP5W_Mg,-1065.9472000000003
ID_9OYP5W_S,-8.427551999999999
ID_9OYP5W_Fe,-559.7588800000001
ID_9OYP5W_Mn,-383.8531400000001
ID_9OYP5W_Zn,-20.99969000000001
ID_9OYP5W_Cu,-3.3755319999999975
ID_9OYP5W_B,-0.950746
ID_Kol4mt_N,-5617.050000000001
ID_Kol4mt_P,-0.9933740000000242
ID_Kol4mt_K,-852.5691999999999
ID_Kol4mt_Ca,-6682.126000000001
ID_Kol4mt_Mg,-1202.6630000000002
ID_Kol4mt_S,-9.141858
ID_Kol4mt_Fe,-495.87812
ID_Kol4mt_Mn,-369.8228600000001
ID_Kol4mt_Zn,-19.767834000000004
ID_Kol4mt_Cu,-4.3187039999999985
ID_Kol4mt_B,-1.0566519999999997
ID_xN3LCc_N,-5648.246000000001
ID_xN3LCc_P,-42.10026199999999
ID_xN3LCc_K,-946.6892000000003
ID_xN3LCc_Ca,-6539.819400000001
ID_xN3LCc_Mg,-908.7712
ID_xN3LCc_S,-11.927382000000005
ID_xN3LCc_Fe,-484.30552
ID_xN3LCc_Mn,-433.4856800000001
ID_xN3LCc_Zn,-21.621290000000027
ID_xN3LCc_Cu,-3.6357159999999986
ID_xN3LCc_B,-1.4116179999999996
ID_5afadp_N,-5882.792000000001
ID_5afadp_P,-76.33831599999999
ID_5afadp_K,-1039.4824
ID_5afadp_Ca,-7527.769800000001
ID_5afadp_Mg,-1130.5486
ID_5afadp_S,-11.367638000000003
ID_5afadp_Fe,-474.20020000000017
ID_5afadp_Mn,-405.69040000000007
ID_5afadp_Zn,-22.324974000000008
ID_5afadp_Cu,-4.703473999999999
ID_5afadp_B,-1.7926199999999999
ID_agCCUo_N,-5555.776000000001
ID_agCCUo_P,-156.03001600000005
ID_agCCUo_K,-1191.0208000000002
ID_agCCUo_Ca,-8091.2448
ID_agCCUo_Mg,-1048.16
ID_agCCUo_S,-14.975871999999988
ID_agCCUo_Fe,-484.4825600000001
ID_agCCUo_Mn,-415.9801600000001
ID_agCCUo_Zn,-21.075552000000023
ID_agCCUo_Cu,-5.802079999999998
ID_agCCUo_B,-1.6176959999999996
ID_rQifPG_N,-5882.552000000001
ID_rQifPG_P,-168.853856
ID_rQifPG_K,-1539.4448000000002
ID_rQifPG_Ca,-9586.8672
ID_rQifPG_Mg,-1584.3304000000003
ID_rQifPG_S,-14.275751999999997
ID_rQifPG_Fe,-451.84744
ID_rQifPG_Mn,-387.9680000000001
ID_rQifPG_Zn,-26.981671999999982
ID_rQifPG_Cu,-7.856367999999997
ID_rQifPG_B,-1.7909920000000001
ID_zhDJTv_N,-5661.56
ID_zhDJTv_P,-105.74443999999994
ID_zhDJTv_K,-1075.4599999999998
ID_zhDJTv_Ca,-7577.390399999998
ID_zhDJTv_Mg,-951.9712
ID_zhDJTv_S,-14.173259999999988
ID_zhDJTv_Fe,-517.95472
ID_zhDJTv_Mn,-438.7143200000001
ID_zhDJTv_Zn,-22.428272000000014
ID_zhDJTv_Cu,-4.818051999999997
ID_zhDJTv_B,-1.6274919999999995
ID_krLVKl_N,-5956.826000000001
ID_krLVKl_P,-109.819142
ID_krLVKl_K,-1305.0638000000001
ID_krLVKl_Ca,-8240.317200000003
ID_krLVKl_Mg,-1096.7386000000004
ID_krLVKl_S,-15.016289999999987
ID_krLVKl_Fe,-479.4415000000001
ID_krLVKl_Mn,-392.83082
ID_krLVKl_Zn,-24.240001999999997
ID_krLVKl_Cu,-5.527155999999999
ID_krLVKl_B,-1.7561619999999991
ID_1KDyfT_N,-5985.860000000001
ID_1KDyfT_P,-122.77271999999999
ID_1KDyfT_K,-1090.8120000000004
ID_1KDyfT_Ca,-7520.162000000001
ID_1KDyfT_Mg,-1015.6380000000004
ID_1KDyfT_S,-20.762839999999997
ID_1KDyfT_Fe,-474.25700000000006
ID_1KDyfT_Mn,-394.79920000000004
ID_1KDyfT_Zn,-21.49638000000002
ID_1KDyfT_Cu,-4.976819999999997
ID_1KDyfT_B,-1.6588799999999992
ID_gELfNl_N,-6998.6720000000005
ID_gELfNl_P,-36.525176
ID_gELfNl_K,-500.24720000000013
ID_gELfNl_Ca,-3384.6000000000004
ID_gELfNl_Mg,-554.2372
ID_gELfNl_S,-27.51644399999998
ID_gELfNl_Fe,-540.8666800000002
ID_gELfNl_Mn,-447.37622000000016
ID_gELfNl_Zn,-20.263982000000006
ID_gELfNl_Cu,-4.663797999999999
ID_gELfNl_B,-0.7855780000000004
ID_5etr3m_N,-6801.2260000000015
ID_5etr3m_P,-34.053292
ID_5etr3m_K,-1161.5624
ID_5etr3m_Ca,-5818.192000000001
ID_5etr3m_Mg,-1160.3056000000001
ID_5etr3m_S,-18.769391999999996
ID_5etr3m_Fe,-531.0633200000002
ID_5etr3m_Mn,-430.83888
ID_5etr3m_Zn,-21.580940000000012
ID_5etr3m_Cu,-4.306932000000002
ID_5etr3m_B,-1.3474639999999996
ID_lRzVGy_N,-6697.924000000001
ID_lRzVGy_P,-39.834626000000014
ID_lRzVGy_K,-1032.0384000000001
ID_lRzVGy_Ca,-5583.5650000000005
ID_lRzVGy_Mg,-958.8306000000002
ID_lRzVGy_S,-18.223005999999987
ID_lRzVGy_Fe,-524.6962600000002
ID_lRzVGy_Mn,-433.77176000000014
ID_lRzVGy_Zn,-20.311776000000012
ID_lRzVGy_Cu,-4.061596000000002
ID_lRzVGy_B,-1.3422439999999993
ID_LGIKM1_N,-6411.752
ID_LGIKM1_P,8.14561599999999
ID_LGIKM1_K,-412.31360000000006
ID_LGIKM1_Ca,-3854.4216
ID_LGIKM1_Mg,-657.6040000000002
ID_LGIKM1_S,-26.608487999999987
ID_LGIKM1_Fe,-519.0623200000001
ID_LGIKM1_Mn,-408.95024000000006
ID_LGIKM1_Zn,-20.36386400000001
ID_LGIKM1_Cu,-3.220576000000001
ID_LGIKM1_B,-0.7291360000000002
ID_dvIPZ0_N,-5456.304
ID_dvIPZ0_P,12.702703999999994
ID_dvIPZ0_K,-936.9567999999999
ID_dvIPZ0_Ca,-5221.841600000001
ID_dvIPZ0_Mg,-952.2112
ID_dvIPZ0_S,-18.920655999999987
ID_dvIPZ0_Fe,-430.11152000000004
ID_dvIPZ0_Mn,-418.18752000000006
ID_dvIPZ0_Zn,-19.248720000000002
ID_dvIPZ0_Cu,-3.1791680000000007
ID_dvIPZ0_B,-0.9899519999999996
ID_dJ46ln_N,-6271.400000000001
ID_dJ46ln_P,5.494059999999969
ID_dJ46ln_K,-485.2850000000001
ID_dJ46ln_Ca,-3248.6910000000007
ID_dJ46ln_Mg,-516.118
ID_dJ46ln_S,-26.214539999999985
ID_dJ46ln_Fe,-505.6213000000001
ID_dJ46ln_Mn,-391.0316
ID_dJ46ln_Zn,-19.699100000000005
ID_dJ46ln_Cu,-3.1917099999999996
ID_dJ46ln_B,-0.6820900000000002
ID_dWfdAU_N,-5566.030000000001
ID_dWfdAU_P,7.429339999999989
ID_dWfdAU_K,-989.7832000000003
ID_dWfdAU_Ca,-5526.701400000001
ID_dWfdAU_Mg,-916.9606000000002
ID_dWfdAU_S,-9.150226000000004
ID_dWfdAU_Fe,-458.57176
ID_dWfdAU_Mn,-405.77844000000005
ID_dWfdAU_Zn,-19.240040000000004
ID_dWfdAU_Cu,-3.1448220000000022
ID_dWfdAU_B,-0.9893460000000002
ID_XefMpY_N,-6161.780000000001
ID_XefMpY_P,-6.017720000000011
ID_XefMpY_K,-427.808
ID_XefMpY_Ca,-3840.0510000000004
ID_XefMpY_Mg,-610.4080000000001
ID_XefMpY_S,-25.008509999999994
ID_XefMpY_Fe,-502.14160000000004
ID_XefMpY_Mn,-403.4048
ID_XefMpY_Zn,-19.80158
ID_XefMpY_Cu,-3.6757600000000012
ID_XefMpY_B,-0.6762100000000004
ID_ePfYIh_N,-5260.784000000001
ID_ePfYIh_P,-38.83948799999999
ID_ePfYIh_K,-855.8576000000002
ID_ePfYIh_Ca,-5477.3696
ID_ePfYIh_Mg,-912.8784000000002
ID_ePfYIh_S,-8.801040000000004
ID_ePfYIh_Fe,-399.56880000000007
ID_ePfYIh_Mn,-404.9795200000001
ID_ePfYIh_Zn,-18.724144000000013
ID_ePfYIh_Cu,-2.705136
ID_ePfYIh_B,-0.9458559999999999
ID_2KeFdA_N,-5823.3060000000005
ID_2KeFdA_P,-8.79435400000002
ID_2KeFdA_K,-469.75340000000006
ID_2KeFdA_Ca,-3364.9842
ID_2KeFdA_Mg,-610.5242000000001
ID_2KeFdA_S,-26.214835999999977
ID_2KeFdA_Fe,-512.1622800000001
ID_2KeFdA_Mn,-403.03280000000007
ID_2KeFdA_Zn,-20.30835200000001
ID_2KeFdA_Cu,-3.4996320000000005
ID_2KeFdA_B,-0.748608
ID_9cSBui_N,-5342.252
ID_9cSBui_P,3.675707999999993
ID_9cSBui_K,-853.8335999999999
ID_9cSBui_Ca,-5366.630800000001
ID_9cSBui_Mg,-933.7676000000001
ID_9cSBui_S,-16.66324799999998
ID_9cSBui_Fe,-447.7602
ID_9cSBui_Mn,-436.92208000000016
ID_9cSBui_Zn,-19.20152000000001
ID_9cSBui_Cu,-3.0467800000000005
ID_9cSBui_B,-0.8277840000000001
ID_WyjkZk_N,-5099.028
ID_WyjkZk_P,7.915087999999983
ID_WyjkZk_K,-432.3266000000001
ID_WyjkZk_Ca,-4333.467
ID_WyjkZk_Mg,-683.5832
ID_WyjkZk_S,-23.96718799999998
ID_WyjkZk_Fe,-464.67966000000007
ID_WyjkZk_Mn,-405.5930400000001
ID_WyjkZk_Zn,-19.173708000000012
ID_WyjkZk_Cu,-3.0286379999999995
ID_WyjkZk_B,-0.7073320000000004
ID_0YsPdg_N,-5685.904
ID_0YsPdg_P,8.154207999999986
ID_0YsPdg_K,-604.1824
ID_0YsPdg_Ca,-3148.0084
ID_0YsPdg_Mg,-566.3928000000001
ID_0YsPdg_S,-30.55878799999998
ID_0YsPdg_Fe,-492.6194
ID_0YsPdg_Mn,-422.8792000000001
ID_0YsPdg_Zn,-18.964292000000007
ID_0YsPdg_Cu,-3.411632000000001
ID_0YsPdg_B,-0.6899840000000005
ID_LTcnV5_N,-5501.450000000001
ID_LTcnV5_P,4.948725999999986
ID_LTcnV5_K,-590.7704000000002
ID_LTcnV5_Ca,-3092.177
ID_LTcnV5_Mg,-553.6644
ID_LTcnV5_S,-32.578981999999975
ID_LTcnV5_Fe,-432.74260000000004
ID_LTcnV5_Mn,-400.60604
ID_LTcnV5_Zn,-19.160670000000007
ID_LTcnV5_Cu,-2.7634719999999997
ID_LTcnV5_B,-0.6899720000000004
ID_nzm0Xk_N,-5294.128000000001
ID_nzm0Xk_P,-22.177056000000007
ID_nzm0Xk_K,-616.542
ID_nzm0Xk_Ca,-3168.106
ID_nzm0Xk_Mg,-581.1056000000001
ID_nzm0Xk_S,-26.60413999999998
ID_nzm0Xk_Fe,-451.9048000000001
ID_nzm0Xk_Mn,-428.18768000000006
ID_nzm0Xk_Zn,-19.654140000000012
ID_nzm0Xk_Cu,-2.9649480000000015
ID_nzm0Xk_B,-0.7027040000000001
ID_5FwFqG_N,-4874.696000000001
ID_5FwFqG_P,-26.935807999999994
ID_5FwFqG_K,-916.8896000000001
ID_5FwFqG_Ca,-6751.3056
ID_5FwFqG_Mg,-914.2984000000001
ID_5FwFqG_S,-13.999703999999987
ID_5FwFqG_Fe,-481.17160000000007
ID_5FwFqG_Mn,-395.6489600000001
ID_5FwFqG_Zn,-21.449912000000015
ID_5FwFqG_Cu,-3.082336
ID_5FwFqG_B,-1.4363199999999996
ID_oKOQpr_N,-5069.024000000001
ID_oKOQpr_P,-49.87663999999998
ID_oKOQpr_K,-1081.6192
ID_oKOQpr_Ca,-7281.104000000001
ID_oKOQpr_Mg,-932.0608000000001
ID_oKOQpr_S,-14.411391999999985
ID_oKOQpr_Fe,-498.24512
ID_oKOQpr_Mn,-404.74656000000016
ID_oKOQpr_Zn,-21.598144000000023
ID_oKOQpr_Cu,-3.461503999999998
ID_oKOQpr_B,-1.4734399999999996
ID_7osXVH_N,-5950.59
ID_7osXVH_P,-40.18781200000001
ID_7osXVH_K,-948.5110000000001
ID_7osXVH_Ca,-7074.7658
ID_7osXVH_Mg,-919.4156000000002
ID_7osXVH_S,-19.12603999999999
ID_7osXVH_Fe,-511.2384000000001
ID_7osXVH_Mn,-439.77470000000005
ID_7osXVH_Zn,-17.797332000000004
ID_7osXVH_Cu,-4.52624
ID_7osXVH_B,-1.3346019999999985
ID_p6ugaC_N,-6002.360000000001
ID_p6ugaC_P,-19.25171999999999
ID_p6ugaC_K,-997.268
ID_p6ugaC_Ca,-6646.190000000001
ID_p6ugaC_Mg,-1036.5600000000002
ID_p6ugaC_S,-17.215339999999998
ID_p6ugaC_Fe,-490.51500000000004
ID_p6ugaC_Mn,-434.6148000000002
ID_p6ugaC_Zn,-21.003360000000022
ID_p6ugaC_Cu,-4.770239999999999
ID_p6ugaC_B,-1.3651799999999987
ID_NLbzk1_N,-5231.040000000001
ID_NLbzk1_P,-32.829019999999986
ID_NLbzk1_K,-965.5
ID_NLbzk1_Ca,-5955.302000000001
ID_NLbzk1_Mg,-864.1460000000002
ID_NLbzk1_S,-12.189440000000005
ID_NLbzk1_Fe,-463.9874
ID_NLbzk1_Mn,-412.83480000000014
ID_NLbzk1_Zn,-21.72716000000002
ID_NLbzk1_Cu,-3.5509999999999997
ID_NLbzk1_B,-1.4591199999999995
ID_o2IQry_N,-5686.956
ID_o2IQry_P,-41.358869999999996
ID_o2IQry_K,-923.5967999999999
ID_o2IQry_Ca,-7181.1506
ID_o2IQry_Mg,-1068.6188
ID_o2IQry_S,-13.595403999999988
ID_o2IQry_Fe,-505.05354
ID_o2IQry_Mn,-409.15042000000005
ID_o2IQry_Zn,-20.125998000000006
ID_o2IQry_Cu,-3.932861999999999
ID_o2IQry_B,-1.537029999999998
ID_wT1quw_N,-5588.256000000001
ID_wT1quw_P,-53.37686400000001
ID_wT1quw_K,-1035.6992000000002
ID_wT1quw_Ca,-6460.076800000002
ID_wT1quw_Mg,-896.1536000000001
ID_wT1quw_S,-14.479263999999986
ID_wT1quw_Fe,-428.9260800000001
ID_wT1quw_Mn,-394.52768000000003
ID_wT1quw_Zn,-21.718208000000022
ID_wT1quw_Cu,-3.494431999999999
ID_wT1quw_B,-1.5659519999999998
ID_92bIAh_N,-5578.848000000001
ID_92bIAh_P,-108.52387200000001
ID_92bIAh_K,-1198.5696
ID_92bIAh_Ca,-7214.5088000000005
ID_92bIAh_Mg,-934.3904000000001
ID_92bIAh_S,-12.039008000000006
ID_92bIAh_Fe,-500.0057600000001
ID_92bIAh_Mn,-421.2620800000001
ID_92bIAh_Zn,-21.71753600000002
ID_92bIAh_Cu,-3.8696319999999975
ID_92bIAh_B,-1.764639999999999
ID_i7zDLj_N,-5904.460000000001
ID_i7zDLj_P,-31.27274
ID_i7zDLj_K,-782.2180000000001
ID_i7zDLj_Ca,-6154.380000000001
ID_i7zDLj_Mg,-1006.6619999999999
ID_i7zDLj_S,-10.745800000000003
ID_i7zDLj_Fe,-457.9924000000001
ID_i7zDLj_Mn,-435.44640000000004
ID_i7zDLj_Zn,-16.865820000000014
ID_i7zDLj_Cu,-3.7987199999999994
ID_i7zDLj_B,-0.7384000000000004
ID_u93BPg_N,-5509.274000000001
ID_u93BPg_P,-38.844188
ID_u93BPg_K,-868.2122000000002
ID_u93BPg_Ca,-5936.312400000001
ID_u93BPg_Mg,-903.3100000000001
ID_u93BPg_S,-12.086112
ID_u93BPg_Fe,-476.63320000000004
ID_u93BPg_Mn,-417.10874000000007
ID_u93BPg_Zn,-21.275636000000013
ID_u93BPg_Cu,-3.2416659999999986
ID_u93BPg_B,-0.6741339999999999
ID_e0iVjb_N,-5507.612000000001
ID_e0iVjb_P,-29.432332000000002
ID_e0iVjb_K,-997.3576
ID_e0iVjb_Ca,-6110.3904
ID_e0iVjb_Mg,-993.3820000000001
ID_e0iVjb_S,-14.622747999999998
ID_e0iVjb_Fe,-488.92848000000015
ID_e0iVjb_Mn,-406.9643600000001
ID_e0iVjb_Zn,-19.77964400000001
ID_e0iVjb_Cu,-4.443012000000001
ID_e0iVjb_B,-0.8218480000000005
ID_AVll3f_N,-5899.142000000001
ID_AVll3f_P,-26.94234999999999
ID_AVll3f_K,-967.8912
ID_AVll3f_Ca,-4757.2732
ID_AVll3f_Mg,-871.4774000000002
ID_AVll3f_S,-18.172507999999993
ID_AVll3f_Fe,-474.5686200000001
ID_AVll3f_Mn,-450.07302000000016
ID_AVll3f_Zn,-21.595982000000006
ID_AVll3f_Cu,-4.001732000000001
ID_AVll3f_B,-0.7667120000000007
ID_M9VzDQ_N,-5758.532000000001
ID_M9VzDQ_P,-163.46027200000003
ID_M9VzDQ_K,-1545.6130000000003
ID_M9VzDQ_Ca,-7074.4606
ID_M9VzDQ_Mg,-966.5690000000001
ID_M9VzDQ_S,-21.261786000000008
ID_M9VzDQ_Fe,-424.9278400000001
ID_M9VzDQ_Mn,-457.1144200000002
ID_M9VzDQ_Zn,-24.38878000000001
ID_M9VzDQ_Cu,-4.379307999999997
ID_M9VzDQ_B,-1.6474319999999996
ID_4aN96Y_N,-5709.244000000001
ID_4aN96Y_P,-33.870446
ID_4aN96Y_K,-894.8644
ID_4aN96Y_Ca,-6773.5334
ID_4aN96Y_Mg,-888.8954000000002
ID_4aN96Y_S,-15.979001999999976
ID_4aN96Y_Fe,-404.9290200000001
ID_4aN96Y_Mn,-409.53412000000003
ID_4aN96Y_Zn,-19.969804000000014
ID_4aN96Y_Cu,-3.617118
ID_4aN96Y_B,-1.3300459999999992
ID_IqEKsp_N,-5980.4800000000005
ID_IqEKsp_P,-37.361536000000015
ID_IqEKsp_K,-517.072
ID_IqEKsp_Ca,-3534.5024000000008
ID_IqEKsp_Mg,-619.1104
ID_IqEKsp_S,-17.869504000000006
ID_IqEKsp_Fe,-522.5625600000001
ID_IqEKsp_Mn,-422.4022400000001
ID_IqEKsp_Zn,-21.412672000000015
ID_IqEKsp_Cu,-3.951392000000001
ID_IqEKsp_B,-0.7676160000000003
ID_wsPfr4_N,-5755.698
ID_wsPfr4_P,-22.139810000000004
ID_wsPfr4_K,-707.7954
ID_wsPfr4_Ca,-4753.4146
ID_wsPfr4_Mg,-805.5542
ID_wsPfr4_S,-11.786198000000006
ID_wsPfr4_Fe,-475.4907600000001
ID_wsPfr4_Mn,-418.1229400000001
ID_wsPfr4_Zn,-19.81448600000001
ID_wsPfr4_Cu,-3.7008919999999996
ID_wsPfr4_B,-0.8318939999999999
ID_wbiVIG_N,-5417.776000000001
ID_wbiVIG_P,-40.96561600000001
ID_wbiVIG_K,-989.2170000000001
ID_wbiVIG_Ca,-4535.6284000000005
ID_wbiVIG_Mg,-962.5542
ID_wbiVIG_S,-25.190845999999986
ID_wbiVIG_Fe,-499.27520000000004
ID_wbiVIG_Mn,-412.1577600000001
ID_wbiVIG_Zn,-20.414068000000007
ID_wbiVIG_Cu,-4.25013
ID_wbiVIG_B,-0.8374180000000001
ID_zwU7N0_N,-5536.358
ID_zwU7N0_P,-150.57257
ID_zwU7N0_K,-1345.9784000000004
ID_zwU7N0_Ca,-7587.637200000002
ID_zwU7N0_Mg,-1068.8998
ID_zwU7N0_S,-16.032384000000004
ID_zwU7N0_Fe,-507.2114800000001
ID_zwU7N0_Mn,-423.5112200000001
ID_zwU7N0_Zn,-21.678788000000022
ID_zwU7N0_Cu,-4.496854000000001
ID_zwU7N0_B,-1.6777959999999998
ID_lMDjeb_N,-5951.760000000001
ID_lMDjeb_P,-27.232439999999997
ID_lMDjeb_K,-591.654
ID_lMDjeb_Ca,-4718.286000000001
ID_lMDjeb_Mg,-701.214
ID_lMDjeb_S,-11.112980000000007
ID_lMDjeb_Fe,-522.3380000000002
ID_lMDjeb_Mn,-428.53400000000005
ID_lMDjeb_Zn,-20.331920000000004
ID_lMDjeb_Cu,-4.391179999999999
ID_lMDjeb_B,-0.7865800000000004
ID_hQHcC6_N,-5979.173999999999
ID_hQHcC6_P,-23.396615999999973
ID_hQHcC6_K,-1058.1119999999999
ID_hQHcC6_Ca,-4721.909
ID_hQHcC6_Mg,-829.1944
ID_hQHcC6_S,-11.706044000000002
ID_hQHcC6_Fe,-555.6911000000001
ID_hQHcC6_Mn,-442.30010000000004
ID_hQHcC6_Zn,-20.46206
ID_hQHcC6_Cu,-4.414693999999999
ID_hQHcC6_B,-0.7304360000000002
ID_wu3IEY_N,-7256.3
ID_wu3IEY_P,-30.137744000000012
ID_wu3IEY_K,-504.0956
ID_wu3IEY_Ca,-4516.9044
ID_wu3IEY_Mg,-703.4254000000001
ID_wu3IEY_S,-11.254722000000008
ID_wu3IEY_Fe,-540.75476
ID_wu3IEY_Mn,-438.79257999999993
ID_wu3IEY_Zn,-20.319228
ID_wu3IEY_Cu,-4.040437999999999
ID_wu3IEY_B,-0.740832000000001
ID_Uc2a8O_N,-6336.368000000001
ID_Uc2a8O_P,4.698039999999985
ID_Uc2a8O_K,-961.6880000000001
ID_Uc2a8O_Ca,-5090.006400000001
ID_Uc2a8O_Mg,-922.3984
ID_Uc2a8O_S,-11.147856
ID_Uc2a8O_Fe,-542.9152
ID_Uc2a8O_Mn,-417.7090400000001
ID_Uc2a8O_Zn,-20.279192000000002
ID_Uc2a8O_Cu,-3.639616000000003
ID_Uc2a8O_B,-0.8373520000000004
ID_MlNul3_N,-5835.104000000001
ID_MlNul3_P,-187.05961600000006
ID_MlNul3_K,-1502.3360000000002
ID_MlNul3_Ca,-7045.187200000002
ID_MlNul3_Mg,-1052.4160000000002
ID_MlNul3_S,-15.077567999999985
ID_MlNul3_Fe,-514.5366400000003
ID_MlNul3_Mn,-434.32128000000006
ID_MlNul3_Zn,-21.543712000000017
ID_MlNul3_Cu,-4.872256
ID_MlNul3_B,-1.3871999999999998
ID_sqtIUM_N,-6627.160000000001
ID_sqtIUM_P,-48.1221
ID_sqtIUM_K,-1273.1920000000002
ID_sqtIUM_Ca,-7548.080000000001
ID_sqtIUM_Mg,-1034.074
ID_sqtIUM_S,-8.817060000000005
ID_sqtIUM_Fe,-498.71880000000004
ID_sqtIUM_Mn,-445.33540000000005
ID_sqtIUM_Zn,-21.769180000000016
ID_sqtIUM_Cu,-4.346080000000001
ID_sqtIUM_B,-1.2010599999999991
ID_Ft3h6v_N,-5602.112000000001
ID_Ft3h6v_P,-46.151727999999935
ID_Ft3h6v_K,-1001.6032000000002
ID_Ft3h6v_Ca,-6311.9072000000015
ID_Ft3h6v_Mg,-1011.3248000000002
ID_Ft3h6v_S,-8.69620800000001
ID_Ft3h6v_Fe,-424.61407999999994
ID_Ft3h6v_Mn,-437.53568000000007
ID_Ft3h6v_Zn,-20.589696000000025
ID_Ft3h6v_Cu,-3.4940800000000003
ID_Ft3h6v_B,-1.3177599999999985
ID_y6EJtS_N,-5461.868
ID_y6EJtS_P,-28.201259999999976
ID_y6EJtS_K,-971.4734000000001
ID_y6EJtS_Ca,-6156.049800000001
ID_y6EJtS_Mg,-1031.1688000000001
ID_y6EJtS_S,-8.090112000000001
ID_y6EJtS_Fe,-465.73718
ID_y6EJtS_Mn,-415.8129200000001
ID_y6EJtS_Zn,-19.12309800000001
ID_y6EJtS_Cu,-2.9915999999999987
ID_y6EJtS_B,-1.0196879999999997
ID_a2JD4x_N,-5693.836
ID_a2JD4x_P,-34.223545999999985
ID_a2JD4x_K,-1200.0284000000001
ID_a2JD4x_Ca,-6248.719800000001
ID_a2JD4x_Mg,-942.7378000000001
ID_a2JD4x_S,-10.118825999999999
ID_a2JD4x_Fe,-410.90604
ID_a2JD4x_Mn,-449.05992000000003
ID_a2JD4x_Zn,-21.403176000000023
ID_a2JD4x_Cu,-3.7217640000000003
ID_a2JD4x_B,-1.5068099999999998
ID_Q0Pr8A_N,-6091.460000000001
ID_Q0Pr8A_P,-51.72179999999999
ID_Q0Pr8A_K,-1107.7884000000001
ID_Q0Pr8A_Ca,-5842.125600000001
ID_Q0Pr8A_Mg,-964.5924000000001
ID_Q0Pr8A_S,-9.667036000000007
ID_Q0Pr8A_Fe,-385.6505600000001
ID_Q0Pr8A_Mn,-447.1828800000002
ID_Q0Pr8A_Zn,-20.270636000000017
ID_Q0Pr8A_Cu,-3.1733439999999993
ID_Q0Pr8A_B,-1.4491559999999999
ID_PTfMkd_N,-6462.6
ID_PTfMkd_P,10.966600000000003
ID_PTfMkd_K,-899.6760000000003
ID_PTfMkd_Ca,-4364.3060000000005
ID_PTfMkd_Mg,-863.7060000000001
ID_PTfMkd_S,-25.875859999999975
ID_PTfMkd_Fe,-434.5272
ID_PTfMkd_Mn,-435.7258000000001
ID_PTfMkd_Zn,-21.189260000000004
ID_PTfMkd_Cu,-3.482799999999999
ID_PTfMkd_B,-0.9227600000000004
ID_a3RheP_N,-5508.224000000001
ID_a3RheP_P,-3.5345840000000237
ID_a3RheP_K,-796.5344
ID_a3RheP_Ca,-4473.7152
ID_a3RheP_Mg,-959.3992000000001
ID_a3RheP_S,-21.497495999999977
ID_a3RheP_Fe,-459.85456000000005
ID_a3RheP_Mn,-416.00480000000005
ID_a3RheP_Zn,-20.45868800000001
ID_a3RheP_Cu,-3.2462799999999996
ID_a3RheP_B,-0.8520400000000002
ID_9Tq1Mw_N,-5516.116000000001
ID_9Tq1Mw_P,-86.94248999999998
ID_9Tq1Mw_K,-2059.1992000000005
ID_9Tq1Mw_Ca,-9081.4994
ID_9Tq1Mw_Mg,-1075.9178
ID_9Tq1Mw_S,-11.968664
ID_9Tq1Mw_Fe,-334.29957200000007
ID_9Tq1Mw_Mn,-488.6350400000002
ID_9Tq1Mw_Zn,-28.276156000000007
ID_9Tq1Mw_Cu,-4.483511999999999
ID_9Tq1Mw_B,-1.8516980000000005
ID_ryjhbJ_N,-5079.014
ID_ryjhbJ_P,-0.5444400000000087
ID_ryjhbJ_K,-720.6898000000001
ID_ryjhbJ_Ca,-3964.7834000000003
ID_ryjhbJ_Mg,-686.3016000000001
ID_ryjhbJ_S,-25.125789999999974
ID_ryjhbJ_Fe,-441.8247600000001
ID_ryjhbJ_Mn,-406.1251000000001
ID_ryjhbJ_Zn,-19.204754000000012
ID_ryjhbJ_Cu,-3.7724819999999992
ID_ryjhbJ_B,-0.7986840000000001
ID_gjHe6f_N,-5119.4400000000005
ID_gjHe6f_P,-102.35863600000002
ID_gjHe6f_K,-1290.9140000000002
ID_gjHe6f_Ca,-7049.0204
ID_gjHe6f_Mg,-1002.816
ID_gjHe6f_S,-6.7620000000000005
ID_gjHe6f_Fe,-393.7998400000001
ID_gjHe6f_Mn,-451.85112000000004
ID_gjHe6f_Zn,-20.37536400000002
ID_gjHe6f_Cu,-4.189036
ID_gjHe6f_B,-1.5494319999999995
ID_EQGL4h_N,-5700.684000000001
ID_EQGL4h_P,-23.416545999999997
ID_EQGL4h_K,-1112.9732000000001
ID_EQGL4h_Ca,-6229.9948
ID_EQGL4h_Mg,-1001.759
ID_EQGL4h_S,-8.20160000000001
ID_EQGL4h_Fe,-424.60203999999993
ID_EQGL4h_Mn,-454.40136000000007
ID_EQGL4h_Zn,-20.160906000000008
ID_EQGL4h_Cu,-3.427086000000002
ID_EQGL4h_B,-1.3993819999999992
ID_3ptdlo_N,-5034.272000000001
ID_3ptdlo_P,-89.83588799999995
ID_3ptdlo_K,-1253.9904000000001
ID_3ptdlo_Ca,-5767.5712
ID_3ptdlo_Mg,-925.0672
ID_3ptdlo_S,-7.030752000000003
ID_3ptdlo_Fe,-439.19904000000014
ID_3ptdlo_Mn,-443.39712000000003
ID_3ptdlo_Zn,-19.966320000000017
ID_3ptdlo_Cu,-3.2690240000000004
ID_3ptdlo_B,-1.4912320000000001
ID_rbvSIa_N,-5921.814000000001
ID_rbvSIa_P,-56.36864399999999
ID_rbvSIa_K,-1160.4070000000002
ID_rbvSIa_Ca,-7340.071800000002
ID_rbvSIa_Mg,-1109.2718000000002
ID_rbvSIa_S,-10.727372000000003
ID_rbvSIa_Fe,-488.2023400000001
ID_rbvSIa_Mn,-435.3863600000001
ID_rbvSIa_Zn,-22.307534000000015
ID_rbvSIa_Cu,-5.050965999999999
ID_rbvSIa_B,-1.06123
ID_hfTw8e_N,-5419.2080000000005
ID_hfTw8e_P,-23.903372000000005
ID_hfTw8e_K,-923.7088
ID_hfTw8e_Ca,-5956.118
ID_hfTw8e_Mg,-1010.7448000000003
ID_hfTw8e_S,-9.416452000000003
ID_hfTw8e_Fe,-458.9241200000001
ID_hfTw8e_Mn,-445.76672
ID_hfTw8e_Zn,-17.811648
ID_hfTw8e_Cu,-3.3308600000000004
ID_hfTw8e_B,-0.8430480000000002
ID_FRqSma_N,-5740.438000000001
ID_FRqSma_P,-4.657300000000028
ID_FRqSma_K,-867.5676
ID_FRqSma_Ca,-4580.8894
ID_FRqSma_Mg,-978.5372000000002
ID_FRqSma_S,-21.466051999999983
ID_FRqSma_Fe,-457.70632000000006
ID_FRqSma_Mn,-407.5412200000001
ID_FRqSma_Zn,-17.568431999999998
ID_FRqSma_Cu,-4.152370000000001
ID_FRqSma_B,-0.8776740000000004
ID_NQ19P7_N,-4966.570000000001
ID_NQ19P7_P,-36.986114000000015
ID_NQ19P7_K,-896.1562
ID_NQ19P7_Ca,-6438.127800000001
ID_NQ19P7_Mg,-892.5702
ID_NQ19P7_S,-9.065559999999998
ID_NQ19P7_Fe,-447.662
ID_NQ19P7_Mn,-350.6281200000001
ID_NQ19P7_Zn,-18.947726000000017
ID_NQ19P7_Cu,-3.188081999999999
ID_NQ19P7_B,-1.3558199999999994
ID_TGULkX_N,-5013.02
ID_TGULkX_P,-52.58897999999999
ID_TGULkX_K,-1369.728
ID_TGULkX_Ca,-8476.26
ID_TGULkX_Mg,-1157.6040000000003
ID_TGULkX_S,-12.804780000000008
ID_TGULkX_Fe,-355.93
ID_TGULkX_Mn,-414.9908
ID_TGULkX_Zn,-21.442920000000015
ID_TGULkX_Cu,-6.307820000000001
ID_TGULkX_B,-1.6582199999999998
ID_ylwRA2_N,-5511.410000000001
ID_ylwRA2_P,-1.1585300000000132
ID_ylwRA2_K,-869.0600000000001
ID_ylwRA2_Ca,-6728.3910000000005
ID_ylwRA2_Mg,-1074.025
ID_ylwRA2_S,-10.55883
ID_ylwRA2_Fe,-384.18880000000007
ID_ylwRA2_Mn,-397.6865000000001
ID_ylwRA2_Zn,-17.64488000000001
ID_ylwRA2_Cu,-3.883870000000001
ID_ylwRA2_B,-1.0254399999999995
ID_bwS8fs_N,-5494.256000000001
ID_bwS8fs_P,-35.11796000000001
ID_bwS8fs_K,-1116.7135999999998
ID_bwS8fs_Ca,-6067.163600000001
ID_bwS8fs_Mg,-1035.2308
ID_bwS8fs_S,-9.110324000000006
ID_bwS8fs_Fe,-478.64012000000014
ID_bwS8fs_Mn,-422.75624000000005
ID_bwS8fs_Zn,-20.343988000000007
ID_bwS8fs_Cu,-4.053992000000001
ID_bwS8fs_B,-1.306903999999999
ID_22FQMU_N,-5582.660000000001
ID_22FQMU_P,-6.4481400000000235
ID_22FQMU_K,-944.9088
ID_22FQMU_Ca,-4488.1876
ID_22FQMU_Mg,-980.9376000000001
ID_22FQMU_S,-23.164015999999975
ID_22FQMU_Fe,-462.29068000000007
ID_22FQMU_Mn,-424.80628000000013
ID_22FQMU_Zn,-11.064112000000005
ID_22FQMU_Cu,-2.9876320000000005
ID_22FQMU_B,-0.7998000000000004
ID_unpXEZ_N,-5144.720000000001
ID_unpXEZ_P,-122.33214399999997
ID_unpXEZ_K,-1205.5264000000002
ID_unpXEZ_Ca,-6660.8895999999995
ID_unpXEZ_Mg,-902.5200000000001
ID_unpXEZ_S,-8.60780800000001
ID_unpXEZ_Fe,-442.11104000000006
ID_unpXEZ_Mn,-403.00144000000006
ID_unpXEZ_Zn,-20.625888000000018
ID_unpXEZ_Cu,-3.441456000000001
ID_unpXEZ_B,-1.6335039999999994
ID_ifOMiz_N,-5206.7660000000005
ID_ifOMiz_P,-47.521983999999975
ID_ifOMiz_K,-1125.393
ID_ifOMiz_Ca,-5906.1946
ID_ifOMiz_Mg,-928.2700000000001
ID_ifOMiz_S,-7.657756000000003
ID_ifOMiz_Fe,-450.3935600000001
ID_ifOMiz_Mn,-430.33775999999995
ID_ifOMiz_Zn,-19.567786000000023
ID_ifOMiz_Cu,-3.3180679999999994
ID_ifOMiz_B,-1.3284219999999993
ID_RcMLS2_N,-5149.296
ID_RcMLS2_P,-76.75809599999998
ID_RcMLS2_K,-1475.1360000000002
ID_RcMLS2_Ca,-6600.195200000001
ID_RcMLS2_Mg,-938.816
ID_RcMLS2_S,-9.864752
ID_RcMLS2_Fe,-407.26896000000005
ID_RcMLS2_Mn,-419.7766400000001
ID_RcMLS2_Zn,-22.87832000000001
ID_RcMLS2_Cu,-3.9046720000000006
ID_RcMLS2_B,-1.5101600000000004
ID_Q22lkl_N,-6131.200000000001
ID_Q22lkl_P,-30.390399999999985
ID_Q22lkl_K,-926.14
ID_Q22lkl_Ca,-5097.720000000001
ID_Q22lkl_Mg,-857.1200000000001
ID_Q22lkl_S,-13.686599999999988
ID_Q22lkl_Fe,-445.236
ID_Q22lkl_Mn,-398.056
ID_Q22lkl_Zn,-18.911800000000007
ID_Q22lkl_Cu,-3.469000000000001
ID_Q22lkl_B,-0.8270000000000001
ID_UZkX5N_N,-5188.154
ID_UZkX5N_P,-126.035538
ID_UZkX5N_K,-1277.9672
ID_UZkX5N_Ca,-6880.918600000001
ID_UZkX5N_Mg,-991.2088
ID_UZkX5N_S,-7.845076000000006
ID_UZkX5N_Fe,-419.43394
ID_UZkX5N_Mn,-437.3284400000001
ID_UZkX5N_Zn,-21.688224000000027
ID_UZkX5N_Cu,-3.774194
ID_UZkX5N_B,-1.6135959999999998
ID_OomVFV_N,-5585.7660000000005
ID_OomVFV_P,-92.50387799999999
ID_OomVFV_K,-2005.3318000000004
ID_OomVFV_Ca,-20575.8272
ID_OomVFV_Mg,-1151.7730000000001
ID_OomVFV_S,-25.86836999999999
ID_OomVFV_Fe,-228.2041820000001
ID_OomVFV_Mn,-474.0037600000001
ID_OomVFV_Zn,-28.372942
ID_OomVFV_Cu,-4.663792000000003
ID_OomVFV_B,-3.65751
ID_lrAZFl_N,-5821.098000000001
ID_lrAZFl_P,-73.07987000000001
ID_lrAZFl_K,-1128.2738
ID_lrAZFl_Ca,-6934.461
ID_lrAZFl_Mg,-1025.5598000000002
ID_lrAZFl_S,-9.288354000000012
ID_lrAZFl_Fe,-418.92848
ID_lrAZFl_Mn,-420.9220600000001
ID_lrAZFl_Zn,-21.917750000000026
ID_lrAZFl_Cu,-4.012849999999999
ID_lrAZFl_B,-1.3910639999999996
ID_rJH7qw_N,-4832.272000000001
ID_rJH7qw_P,-120.91644400000001
ID_rJH7qw_K,-1709.3483999999999
ID_rJH7qw_Ca,-7785.389600000001
ID_rJH7qw_Mg,-1001.3738
ID_rJH7qw_S,-12.270809999999997
ID_rJH7qw_Fe,-373.38114
ID_rJH7qw_Mn,-442.8346600000002
ID_rJH7qw_Zn,-26.803894
ID_rJH7qw_Cu,-4.277307999999997
ID_rJH7qw_B,-1.75184
ID_q4sfsA_N,-5857.585999999999
ID_q4sfsA_P,-79.23308000000003
ID_q4sfsA_K,-1940.4160000000002
ID_q4sfsA_Ca,-8975.5906
ID_q4sfsA_Mg,-1277.9852
ID_q4sfsA_S,-12.143806000000001
ID_q4sfsA_Fe,-438.2615
ID_q4sfsA_Mn,-412.65115999999995
ID_q4sfsA_Zn,-29.458215999999997
ID_q4sfsA_Cu,-4.854942
ID_q4sfsA_B,-1.93818
ID_WQ3EpH_N,-5561.8240000000005
ID_WQ3EpH_P,-81.67164799999999
ID_WQ3EpH_K,-1498.8192000000004
ID_WQ3EpH_Ca,-7896.387200000002
ID_WQ3EpH_Mg,-1204.0416000000002
ID_WQ3EpH_S,-11.869888000000007
ID_WQ3EpH_Fe,-453.65568000000013
ID_WQ3EpH_Mn,-426.64704000000006
ID_WQ3EpH_Zn,-22.64108800000002
ID_WQ3EpH_Cu,-4.255359999999999
ID_WQ3EpH_B,-1.7919679999999998
ID_X6ZMi5_N,-5541.168000000001
ID_X6ZMi5_P,-152.885056
ID_X6ZMi5_K,-1607.5696
ID_X6ZMi5_Ca,-8646.5408
ID_X6ZMi5_Mg,-1014.4448000000001
ID_X6ZMi5_S,-8.044128
ID_X6ZMi5_Fe,-371.92352
ID_X6ZMi5_Mn,-398.00112000000007
ID_X6ZMi5_Zn,-22.504128
ID_X6ZMi5_Cu,-4.254111999999999
ID_X6ZMi5_B,-1.6233119999999994
ID_NPMJmn_N,-5239.040000000001
ID_NPMJmn_P,-93.64484000000002
ID_NPMJmn_K,-1299.875
ID_NPMJmn_Ca,-6558.039000000001
ID_NPMJmn_Mg,-1069.1950000000002
ID_NPMJmn_S,-9.10059
ID_NPMJmn_Fe,-393.3847
ID_NPMJmn_Mn,-445.98440000000016
ID_NPMJmn_Zn,-22.50638000000001
ID_NPMJmn_Cu,-3.6791199999999975
ID_NPMJmn_B,-1.5569499999999987
ID_8H4S0S_N,-5386.670000000001
ID_8H4S0S_P,-128.59282999999996
ID_8H4S0S_K,-1660.403
ID_8H4S0S_Ca,-6623.160000000001
ID_8H4S0S_Mg,-948.1510000000003
ID_8H4S0S_S,-9.455700000000007
ID_8H4S0S_Fe,-388.17250000000007
ID_8H4S0S_Mn,-473.15840000000003
ID_8H4S0S_Zn,-28.48634000000001
ID_8H4S0S_Cu,-4.245489999999998
ID_8H4S0S_B,-1.8744700000000003
ID_wkMlEs_N,-5209.616000000001
ID_wkMlEs_P,-65.90964799999998
ID_wkMlEs_K,-1461.4080000000001
ID_wkMlEs_Ca,-6844.470400000002
ID_wkMlEs_Mg,-1005.0848000000002
ID_wkMlEs_S,-11.27
ID_wkMlEs_Fe,-450.1752000000001
ID_wkMlEs_Mn,-442.13664000000006
ID_wkMlEs_Zn,-22.738544
ID_wkMlEs_Cu,-4.282399999999999
ID_wkMlEs_B,-1.642448
ID_AqPCuw_N,-5004.05
ID_AqPCuw_P,-76.70770999999996
ID_AqPCuw_K,-1247.6060000000002
ID_AqPCuw_Ca,-7276.05
ID_AqPCuw_Mg,-1035.9310000000003
ID_AqPCuw_S,-14.401199999999996
ID_AqPCuw_Fe,-480.3541
ID_AqPCuw_Mn,-431.1248000000001
ID_AqPCuw_Zn,-20.95385000000002
ID_AqPCuw_Cu,-4.742560000000002
ID_AqPCuw_B,-1.2776500000000004
ID_JgAqHV_N,-5295.796000000001
ID_JgAqHV_P,-101.037984
ID_JgAqHV_K,-1367.7188
ID_JgAqHV_Ca,-5921.043000000001
ID_JgAqHV_Mg,-977.6412
ID_JgAqHV_S,-8.934550000000002
ID_JgAqHV_Fe,-466.8499200000001
ID_JgAqHV_Mn,-440.7396
ID_JgAqHV_Zn,-20.821952000000017
ID_JgAqHV_Cu,-3.71406
ID_JgAqHV_B,-1.4040899999999998
ID_7PAZtU_N,-5257.0160000000005
ID_7PAZtU_P,-117.55644799999996
ID_7PAZtU_K,-1317.0080000000003
ID_7PAZtU_Ca,-6901.7496
ID_7PAZtU_Mg,-984.4552000000002
ID_7PAZtU_S,-10.413455999999996
ID_7PAZtU_Fe,-407.67112000000003
ID_7PAZtU_Mn,-467.44304000000005
ID_7PAZtU_Zn,-20.75482400000002
ID_7PAZtU_Cu,-3.8322879999999993
ID_7PAZtU_B,-1.5916239999999995
ID_CxViQQ_N,-6695.488000000001
ID_CxViQQ_P,-52.78527999999997
ID_CxViQQ_K,-1048.6464000000003
ID_CxViQQ_Ca,-7226.089600000001
ID_CxViQQ_Mg,-1119.0560000000003
ID_CxViQQ_S,-11.683072000000003
ID_CxViQQ_Fe,-483.27744
ID_CxViQQ_Mn,-429.9532800000001
ID_CxViQQ_Zn,-21.599488000000022
ID_CxViQQ_Cu,-3.344575999999999
ID_CxViQQ_B,-1.0594879999999998
ID_KMksfd_N,-5467.756000000001
ID_KMksfd_P,-36.099095999999975
ID_KMksfd_K,-998.6932000000002
ID_KMksfd_Ca,-6214.991200000001
ID_KMksfd_Mg,-998.7456000000001
ID_KMksfd_S,-9.372144000000006
ID_KMksfd_Fe,-408.40452000000005
ID_KMksfd_Mn,-436.2118800000002
ID_KMksfd_Zn,-19.66325600000002
ID_KMksfd_Cu,-3.3064800000000005
ID_KMksfd_B,-1.3327679999999997
ID_wteZ6l_N,-4998.55
ID_wteZ6l_P,-44.80627399999999
ID_wteZ6l_K,-1069.2316000000003
ID_wteZ6l_Ca,-6625.531
ID_wteZ6l_Mg,-1084.5128000000002
ID_wteZ6l_S,-10.96669399999999
ID_wteZ6l_Fe,-416.97294000000005
ID_wteZ6l_Mn,-408.0832000000001
ID_wteZ6l_Zn,-20.218900000000023
ID_wteZ6l_Cu,-4.238573999999999
ID_wteZ6l_B,-1.417357999999999
ID_gCiaUW_N,-5347.976000000001
ID_gCiaUW_P,-43.310276
ID_gCiaUW_K,-1139.122
ID_gCiaUW_Ca,-6745.690800000001
ID_gCiaUW_Mg,-1111.3812000000003
ID_gCiaUW_S,-12.933531999999989
ID_gCiaUW_Fe,-402.16324000000003
ID_gCiaUW_Mn,-426.52560000000005
ID_gCiaUW_Zn,-20.36306800000002
ID_gCiaUW_Cu,-4.215324
ID_gCiaUW_B,-1.4472479999999999
ID_XqN0Kx_N,-5695.868
ID_XqN0Kx_P,-12.642356000000007
ID_XqN0Kx_K,-933.0368000000001
ID_XqN0Kx_Ca,-4507.522
ID_XqN0Kx_Mg,-790.5616000000001
ID_XqN0Kx_S,-22.568295999999975
ID_XqN0Kx_Fe,-455.6360000000001
ID_XqN0Kx_Mn,-436.2309600000001
ID_XqN0Kx_Zn,-19.507648000000003
ID_XqN0Kx_Cu,-3.4926160000000017
ID_XqN0Kx_B,-0.8422000000000002
ID_wChNiV_N,-5158.024000000001
ID_wChNiV_P,-41.31726399999998
ID_wChNiV_K,-843.3396000000001
ID_wChNiV_Ca,-4497.0704000000005
ID_wChNiV_Mg,-801.3524000000001
ID_wChNiV_S,-22.99102399999998
ID_wChNiV_Fe,-475.24600000000004
ID_wChNiV_Mn,-426.16520000000014
ID_wChNiV_Zn,-20.139196000000005
ID_wChNiV_Cu,-3.1775839999999995
ID_wChNiV_B,-0.8201520000000002
ID_Rb3FTI_N,-5467.284000000001
ID_Rb3FTI_P,-54.11910199999997
ID_Rb3FTI_K,-694.5628000000002
ID_Rb3FTI_Ca,-4672.166
ID_Rb3FTI_Mg,-772.3092000000001
ID_Rb3FTI_S,-25.891669999999976
ID_Rb3FTI_Fe,-484.22602
ID_Rb3FTI_Mn,-432.73547999999994
ID_Rb3FTI_Zn,-20.850640000000006
ID_Rb3FTI_Cu,-3.713318
ID_Rb3FTI_B,-0.8641579999999998
ID_6NCH6f_N,-6684.87
ID_6NCH6f_P,-33.56613800000001
ID_6NCH6f_K,-582.4886000000001
ID_6NCH6f_Ca,-4440.933400000001
ID_6NCH6f_Mg,-623.2144000000001
ID_6NCH6f_S,-25.80160199999999
ID_6NCH6f_Fe,-499.2837600000001
ID_6NCH6f_Mn,-405.6436000000001
ID_6NCH6f_Zn,-21.000428
ID_6NCH6f_Cu,-3.841817999999999
ID_6NCH6f_B,-0.7779260000000006
ID_U7xw7b_N,-5692.7660000000005
ID_U7xw7b_P,-1.0550440000000307
ID_U7xw7b_K,-670.6352000000002
ID_U7xw7b_Ca,-3897.9298000000003
ID_U7xw7b_Mg,-781.3176
ID_U7xw7b_S,-25.597873999999983
ID_U7xw7b_Fe,-438.8416
ID_U7xw7b_Mn,-430.23220000000003
ID_U7xw7b_Zn,-20.366560000000014
ID_U7xw7b_Cu,-2.980896000000001
ID_U7xw7b_B,-0.7807080000000003
ID_lcG0WQ_N,-5546.144
ID_lcG0WQ_P,-3.383424000000005
ID_lcG0WQ_K,-601.6992
ID_lcG0WQ_Ca,-3784.1952000000006
ID_lcG0WQ_Mg,-637.4560000000001
ID_lcG0WQ_S,-9.698880000000017
ID_lcG0WQ_Fe,-508.27808000000005
ID_lcG0WQ_Mn,-393.75264000000004
ID_lcG0WQ_Zn,-20.14371200000001
ID_lcG0WQ_Cu,-3.3734720000000005
ID_lcG0WQ_B,-0.6632320000000004
ID_L5zPEo_N,-5854.960000000001
ID_L5zPEo_P,-30.444879999999984
ID_L5zPEo_K,-1001.8880000000004
ID_L5zPEo_Ca,-6582.676000000001
ID_L5zPEo_Mg,-1002.3280000000001
ID_L5zPEo_S,-13.168
ID_L5zPEo_Fe,-470.34100000000007
ID_L5zPEo_Mn,-406.80460000000005
ID_L5zPEo_Zn,-19.953960000000013
ID_L5zPEo_Cu,-4.082519999999999
ID_L5zPEo_B,-1.539639999999999
ID_q0dfej_N,-5826.398
ID_q0dfej_P,-53.95610999999997
ID_q0dfej_K,-1114.0244
ID_q0dfej_Ca,-6837.2464
ID_q0dfej_Mg,-961.0427999999998
ID_q0dfej_S,-15.43617399999999
ID_q0dfej_Fe,-405.19318000000004
ID_q0dfej_Mn,-427.39088
ID_q0dfej_Zn,-22.007900000000017
ID_q0dfej_Cu,-3.788899999999998
ID_q0dfej_B,-1.519401999999999
ID_F0losl_N,-6065.732
ID_F0losl_P,-97.22923399999999
ID_F0losl_K,-1183.3838
ID_F0losl_Ca,-6502.291799999999
ID_F0losl_Mg,-816.448
ID_F0losl_S,-22.833154
ID_F0losl_Fe,-496.9988999999999
ID_F0losl_Mn,-427.49031999999994
ID_F0losl_Zn,-22.51549600000001
ID_F0losl_Cu,-4.0591959999999965
ID_F0losl_B,-1.8866519999999996
ID_R2Mj0J_N,-6400.826000000001
ID_R2Mj0J_P,-21.781712000000027
ID_R2Mj0J_K,-744.9356000000001
ID_R2Mj0J_Ca,-3557.6712000000007
ID_R2Mj0J_Mg,-613.489
ID_R2Mj0J_S,-18.845124000000013
ID_R2Mj0J_Fe,-552.1376200000001
ID_R2Mj0J_Mn,-412.3113200000002
ID_R2Mj0J_Zn,-19.260764
ID_R2Mj0J_Cu,-3.8770299999999995
ID_R2Mj0J_B,-0.7571620000000002
ID_vkcsqm_N,-6293.991999999999
ID_vkcsqm_P,-35.84831199999998
ID_vkcsqm_K,-1086.588
ID_vkcsqm_Ca,-6518.3604000000005
ID_vkcsqm_Mg,-951.935
ID_vkcsqm_S,-12.678747999999995
ID_vkcsqm_Fe,-408.6441999999999
ID_vkcsqm_Mn,-418.11584000000005
ID_vkcsqm_Zn,-21.835914000000017
ID_vkcsqm_Cu,-4.587583999999996
ID_vkcsqm_B,-1.636469999999999
ID_WnoBUh_N,-6254.432000000001
ID_WnoBUh_P,-87.779008
ID_WnoBUh_K,-1171.2192000000002
ID_WnoBUh_Ca,-5767.692800000001
ID_WnoBUh_Mg,-1017.5168000000001
ID_WnoBUh_S,-21.95548799999999
ID_WnoBUh_Fe,-438.8313600000001
ID_WnoBUh_Mn,-419.6649600000001
ID_WnoBUh_Zn,-23.211840000000016
ID_WnoBUh_Cu,-4.136415999999997
ID_WnoBUh_B,-1.4035520000000001
ID_XhhCda_N,-6364.640000000001
ID_XhhCda_P,-28.911242
ID_XhhCda_K,-733.3472000000002
ID_XhhCda_Ca,-3463.6764000000003
ID_XhhCda_Mg,-632.8696000000001
ID_XhhCda_S,-18.823590000000003
ID_XhhCda_Fe,-554.3021200000001
ID_XhhCda_Mn,-410.92604000000017
ID_XhhCda_Zn,-19.439252
ID_XhhCda_Cu,-4.206699999999998
ID_XhhCda_B,-0.6965560000000004
ID_P7RxaV_N,-5645.080000000001
ID_P7RxaV_P,-60.296019999999984
ID_P7RxaV_K,-1114.616
ID_P7RxaV_Ca,-6552.624000000001
ID_P7RxaV_Mg,-873.8700000000001
ID_P7RxaV_S,-13.225859999999997
ID_P7RxaV_Fe,-371.7458000000001
ID_P7RxaV_Mn,-407.8870000000001
ID_P7RxaV_Zn,-21.773360000000018
ID_P7RxaV_Cu,-5.247859999999998
ID_P7RxaV_B,-1.7211400000000006
ID_7HFhkf_N,-6204.356000000001
ID_7HFhkf_P,-134.442272
ID_7HFhkf_K,-1146.8444000000002
ID_7HFhkf_Ca,-6885.784200000001
ID_7HFhkf_Mg,-1012.6672000000003
ID_7HFhkf_S,-14.528555999999995
ID_7HFhkf_Fe,-424.8406
ID_7HFhkf_Mn,-411.76076000000006
ID_7HFhkf_Zn,-22.242890000000024
ID_7HFhkf_Cu,-4.07683
ID_7HFhkf_B,-1.7752540000000003
ID_dIbwcA_N,-5347.602000000001
ID_dIbwcA_P,-4.27144000000002
ID_dIbwcA_K,-650.3742000000002
ID_dIbwcA_Ca,-4724.682200000001
ID_dIbwcA_Mg,-884.0342
ID_dIbwcA_S,-11.227463999999998
ID_dIbwcA_Fe,-404.08268000000004
ID_dIbwcA_Mn,-387.89942000000013
ID_dIbwcA_Zn,-19.674530000000004
ID_dIbwcA_Cu,-5.157567999999999
ID_dIbwcA_B,-0.9171320000000002
ID_ZlmmG1_N,-5001.418000000001
ID_ZlmmG1_P,-4.739486000000014
ID_ZlmmG1_K,-831.5758000000001
ID_ZlmmG1_Ca,-4773.536
ID_ZlmmG1_Mg,-1111.1466
ID_ZlmmG1_S,-9.762285999999996
ID_ZlmmG1_Fe,-422.0938400000001
ID_ZlmmG1_Mn,-394.50700000000006
ID_ZlmmG1_Zn,-18.811686
ID_ZlmmG1_Cu,-4.309765999999997
ID_ZlmmG1_B,-1.0060759999999997
ID_APsL3e_N,-5712.1759999999995
ID_APsL3e_P,2.8950519999999926
ID_APsL3e_K,-937.6568
ID_APsL3e_Ca,-6851.6892
ID_APsL3e_Mg,-1098.7804
ID_APsL3e_S,-11.913324000000003
ID_APsL3e_Fe,-388.738
ID_APsL3e_Mn,-426.5892800000001
ID_APsL3e_Zn,-19.626380000000005
ID_APsL3e_Cu,-4.6707639999999975
ID_APsL3e_B,-1.6562199999999985
ID_oU9GXL_N,-5821.844
ID_oU9GXL_P,-34.061923999999976
ID_oU9GXL_K,-1085.0359999999998
ID_oU9GXL_Ca,-5339.8896
ID_oU9GXL_Mg,-933.2751999999999
ID_oU9GXL_S,-12.823499999999989
ID_oU9GXL_Fe,-401.70663999999994
ID_oU9GXL_Mn,-421.94492
ID_oU9GXL_Zn,-21.547964000000018
ID_oU9GXL_Cu,-4.792971999999997
ID_oU9GXL_B,-1.5739119999999993
ID_cPrLiy_N,-5911.720000000001
ID_cPrLiy_P,-53.94923999999999
ID_cPrLiy_K,-1226.7500000000002
ID_cPrLiy_Ca,-5801.9400000000005
ID_cPrLiy_Mg,-1079.0420000000001
ID_cPrLiy_S,-14.533539999999995
ID_cPrLiy_Fe,-397.1404000000001
ID_cPrLiy_Mn,-424.38480000000015
ID_cPrLiy_Zn,-22.482420000000012
ID_cPrLiy_Cu,-4.400199999999996
ID_cPrLiy_B,-1.61774
ID_TYalON_N,-5073.576000000001
ID_TYalON_P,-2.278266000000002
ID_TYalON_K,-590.9038000000002
ID_TYalON_Ca,-4452.574600000001
ID_TYalON_Mg,-748.8088000000002
ID_TYalON_S,-10.290281999999994
ID_TYalON_Fe,-532.72666
ID_TYalON_Mn,-409.37896000000006
ID_TYalON_Zn,-20.27272200000001
ID_TYalON_Cu,-4.196623999999998
ID_TYalON_B,-0.662508
ID_ORIhsE_N,-5523.992000000001
ID_ORIhsE_P,-151.90088
ID_ORIhsE_K,-1402.112
ID_ORIhsE_Ca,-7072.864800000002
ID_ORIhsE_Mg,-982.7704
ID_ORIhsE_S,-13.885224000000001
ID_ORIhsE_Fe,-393.52096
ID_ORIhsE_Mn,-394.15856
ID_ORIhsE_Zn,-21.38468000000002
ID_ORIhsE_Cu,-4.8174639999999975
ID_ORIhsE_B,-1.7274879999999997
ID_Z0xIvT_N,-5099.700000000001
ID_Z0xIvT_P,-9.781820000000018
ID_Z0xIvT_K,-859.8340000000003
ID_Z0xIvT_Ca,-6366.042000000001
ID_Z0xIvT_Mg,-1111.1840000000002
ID_Z0xIvT_S,-9.75646
ID_Z0xIvT_Fe,-436.9955999999999
ID_Z0xIvT_Mn,-393.9104000000001
ID_Z0xIvT_Zn,-22.203020000000016
ID_Z0xIvT_Cu,-3.73668
ID_Z0xIvT_B,-0.9196800000000003
ID_ZLTTyp_N,-5193.080000000001
ID_ZLTTyp_P,-1.8735440000000096
ID_ZLTTyp_K,-816.9680000000001
ID_ZLTTyp_Ca,-4821.8856000000005
ID_ZLTTyp_Mg,-1087.1848
ID_ZLTTyp_S,-10.96403999999999
ID_ZLTTyp_Fe,-406.63432000000006
ID_ZLTTyp_Mn,-427.48304000000013
ID_ZLTTyp_Zn,-19.955624000000007
ID_ZLTTyp_Cu,-4.649631999999999
ID_ZLTTyp_B,-0.940816
ID_R8Ikw5_N,-6027.762000000001
ID_R8Ikw5_P,-4.89143200000003
ID_R8Ikw5_K,-571.8506000000002
ID_R8Ikw5_Ca,-4164.5966
ID_R8Ikw5_Mg,-694.3306000000002
ID_R8Ikw5_S,-16.920752000000007
ID_R8Ikw5_Fe,-515.5700600000001
ID_R8Ikw5_Mn,-383.87950000000006
ID_R8Ikw5_Zn,-19.757588000000005
ID_R8Ikw5_Cu,-3.6239380000000003
ID_R8Ikw5_B,-0.74731
ID_GQ3fnu_N,-6004.120000000001
ID_GQ3fnu_P,0.9920199999999824
ID_GQ3fnu_K,-580.0160000000001
ID_GQ3fnu_Ca,-3660.0640000000003
ID_GQ3fnu_Mg,-572.2280000000001
ID_GQ3fnu_S,-13.419900000000009
ID_GQ3fnu_Fe,-526.8128
ID_GQ3fnu_Mn,-401.4146000000002
ID_GQ3fnu_Zn,-19.800180000000008
ID_GQ3fnu_Cu,-4.07878
ID_GQ3fnu_B,-0.7307
ID_y7R1b4_N,-6213.084
ID_y7R1b4_P,-35.270881999999986
ID_y7R1b4_K,-915.4834
ID_y7R1b4_Ca,-6443.2832
ID_y7R1b4_Mg,-978.9419999999999
ID_y7R1b4_S,-15.752799999999997
ID_y7R1b4_Fe,-596.3145999999999
ID_y7R1b4_Mn,-411.41945999999996
ID_y7R1b4_Zn,-22.210848000000002
ID_y7R1b4_Cu,-3.9963679999999986
ID_y7R1b4_B,-0.8832120000000004
ID_uv5bmv_N,-5252.984
ID_uv5bmv_P,-55.058899999999994
ID_uv5bmv_K,-1103.1848
ID_uv5bmv_Ca,-7780.971599999999
ID_uv5bmv_Mg,-929.9464
ID_uv5bmv_S,-12.424271999999991
ID_uv5bmv_Fe,-377.56371999999993
ID_uv5bmv_Mn,-446.45720000000006
ID_uv5bmv_Zn,-20.99711600000001
ID_uv5bmv_Cu,-4.8830319999999965
ID_uv5bmv_B,-1.735107999999999
ID_yMPg1Q_N,-6639.936000000001
ID_yMPg1Q_P,-68.332
ID_yMPg1Q_K,-1117.5264000000002
ID_yMPg1Q_Ca,-6701.6608000000015
ID_yMPg1Q_Mg,-1090.0256
ID_yMPg1Q_S,-20.761791999999993
ID_yMPg1Q_Fe,-455.38496000000004
ID_yMPg1Q_Mn,-455.4041600000001
ID_yMPg1Q_Zn,-21.617632000000025
ID_yMPg1Q_Cu,-4.305087999999999
ID_yMPg1Q_B,-1.4745600000000003
ID_6P6D5n_N,-5689.960000000001
ID_6P6D5n_P,-93.99143999999998
ID_6P6D5n_K,-1204.0680000000002
ID_6P6D5n_Ca,-6200.888000000001
ID_6P6D5n_Mg,-861.0220000000002
ID_6P6D5n_S,-10.788700000000006
ID_6P6D5n_Fe,-374.8962
ID_6P6D5n_Mn,-423.69840000000016
ID_6P6D5n_Zn,-21.44996000000001
ID_6P6D5n_Cu,-4.669479999999999
ID_6P6D5n_B,-1.8925199999999998
ID_P8gdcp_N,-5853.920000000001
ID_P8gdcp_P,-3.6434880000000263
ID_P8gdcp_K,-677.4560000000001
ID_P8gdcp_Ca,-3391.3888
ID_P8gdcp_Mg,-605.2896000000001
ID_P8gdcp_S,-19.097696000000003
ID_P8gdcp_Fe,-532.6896000000002
ID_P8gdcp_Mn,-412.9427200000001
ID_P8gdcp_Zn,-19.452000000000005
ID_P8gdcp_Cu,-3.6857279999999997
ID_P8gdcp_B,-0.7136320000000002
ID_llkqTv_N,-5382.482000000001
ID_llkqTv_P,-54.21981800000002
ID_llkqTv_K,-1020.5382
ID_llkqTv_Ca,-7215.1796
ID_llkqTv_Mg,-1086.2946000000002
ID_llkqTv_S,-12.372399999999999
ID_llkqTv_Fe,-377.81585999999993
ID_llkqTv_Mn,-388.7954000000001
ID_llkqTv_Zn,-21.685798000000013
ID_llkqTv_Cu,-5.352023999999998
ID_llkqTv_B,-1.563065999999999
ID_4WTJ4v_N,-4629.504
ID_4WTJ4v_P,-5.041360000000019
ID_4WTJ4v_K,-835.3696
ID_4WTJ4v_Ca,-6146.692800000001
ID_4WTJ4v_Mg,-997.3888000000002
ID_4WTJ4v_S,-7.331312000000004
ID_4WTJ4v_Fe,-403.40224000000006
ID_4WTJ4v_Mn,-399.2761600000001
ID_4WTJ4v_Zn,-19.13203200000001
ID_4WTJ4v_Cu,-3.7041599999999972
ID_4WTJ4v_B,-0.7744640000000004
ID_BStwM7_N,-4842.35
ID_BStwM7_P,-0.5669600000000159
ID_BStwM7_K,-866.288
ID_BStwM7_Ca,-6360.954000000001
ID_BStwM7_Mg,-1179.9490000000003
ID_BStwM7_S,-8.921880000000002
ID_BStwM7_Fe,-390.79750000000007
ID_BStwM7_Mn,-399.84530000000007
ID_BStwM7_Zn,-18.914750000000005
ID_BStwM7_Cu,-4.4498199999999954
ID_BStwM7_B,-1.1169999999999998
ID_FAaDVh_N,-5246.432000000001
ID_FAaDVh_P,-6.293856000000012
ID_FAaDVh_K,-874.4640000000002
ID_FAaDVh_Ca,-6381.408000000001
ID_FAaDVh_Mg,-1162.8032
ID_FAaDVh_S,-11.360063999999994
ID_FAaDVh_Fe,-474.6780800000001
ID_FAaDVh_Mn,-414.5488000000001
ID_FAaDVh_Zn,-22.301952000000014
ID_FAaDVh_Cu,-3.8272959999999987
ID_FAaDVh_B,-0.9839999999999999
ID_oKT95N_N,-4876.9980000000005
ID_oKT95N_P,-18.83223800000001
ID_oKT95N_K,-1007.086
ID_oKT95N_Ca,-6498.3508
ID_oKT95N_Mg,-920.5246
ID_oKT95N_S,-11.833607999999995
ID_oKT95N_Fe,-387.2248
ID_oKT95N_Mn,-383.12652
ID_oKT95N_Zn,-20.757538000000007
ID_oKT95N_Cu,-4.362479999999999
ID_oKT95N_B,-1.6123119999999997
ID_2IMYtF_N,-5114.778000000001
ID_2IMYtF_P,-54.565348000000014
ID_2IMYtF_K,-1549.1664
ID_2IMYtF_Ca,-8510.121400000002
ID_2IMYtF_Mg,-1000.0102000000002
ID_2IMYtF_S,-13.831474
ID_2IMYtF_Fe,-362.28772
ID_2IMYtF_Mn,-404.8205800000002
ID_2IMYtF_Zn,-23.252346000000006
ID_2IMYtF_Cu,-5.1913579999999975
ID_2IMYtF_B,-1.6561519999999996
ID_mOLS6y_N,-4679.476000000001
ID_mOLS6y_P,-23.49465600000002
ID_mOLS6y_K,-1017.3152000000002
ID_mOLS6y_Ca,-7300.722400000001
ID_mOLS6y_Mg,-1310.6466000000003
ID_mOLS6y_S,-12.385942
ID_mOLS6y_Fe,-342.59724000000006
ID_mOLS6y_Mn,-375.5530600000001
ID_mOLS6y_Zn,-21.62167000000001
ID_mOLS6y_Cu,-5.424561999999997
ID_mOLS6y_B,-1.6602479999999997
ID_utz7os_N,-5810.688000000001
ID_utz7os_P,-65.78064000000002
ID_utz7os_K,-1491.5616000000002
ID_utz7os_Ca,-8394.988800000001
ID_utz7os_Mg,-900.1632000000002
ID_utz7os_S,-17.651327999999996
ID_utz7os_Fe,-384.97504
ID_utz7os_Mn,-437.8425600000001
ID_utz7os_Zn,-28.98656
ID_utz7os_Cu,-5.467199999999999
ID_utz7os_B,-1.799360000000001
ID_Ku3WAF_N,-4938.630000000001
ID_Ku3WAF_P,-4.614506000000006
ID_Ku3WAF_K,-741.2766000000001
ID_Ku3WAF_Ca,-3867.6060000000007
ID_Ku3WAF_Mg,-1162.1948000000002
ID_Ku3WAF_S,-12.795966000000004
ID_Ku3WAF_Fe,-381.9154600000001
ID_Ku3WAF_Mn,-400.24224000000004
ID_Ku3WAF_Zn,-20.939223999999992
ID_Ku3WAF_Cu,-4.738691999999997
ID_Ku3WAF_B,-0.9623939999999999
ID_PdamNT_N,-5832.52
ID_PdamNT_P,-46.92793999999999
ID_PdamNT_K,-741.254
ID_PdamNT_Ca,-3954.7760000000003
ID_PdamNT_Mg,-675.0340000000001
ID_PdamNT_S,-15.29562
ID_PdamNT_Fe,-421.55820000000006
ID_PdamNT_Mn,-386.5030000000001
ID_PdamNT_Zn,-20.12182
ID_PdamNT_Cu,-4.309339999999997
ID_PdamNT_B,-0.8363000000000002
ID_wHFugJ_N,-4897.756000000001
ID_wHFugJ_P,-2.58792600000001
ID_wHFugJ_K,-650.4764
ID_wHFugJ_Ca,-3612.667800000001
ID_wHFugJ_Mg,-615.1680000000001
ID_wHFugJ_S,-9.179794000000001
ID_wHFugJ_Fe,-437.5276400000001
ID_wHFugJ_Mn,-401.23520000000013
ID_wHFugJ_Zn,-19.430310000000006
ID_wHFugJ_Cu,-4.047257999999998
ID_wHFugJ_B,-0.730846
ID_MWCL98_N,-5503.4000000000015
ID_MWCL98_P,-3.8614000000000317
ID_MWCL98_K,-922.0280000000001
ID_MWCL98_Ca,-6537.950000000001
ID_MWCL98_Mg,-1192.8040000000003
ID_MWCL98_S,-19.55592
ID_MWCL98_Fe,-436.97800000000007
ID_MWCL98_Mn,-424.7368000000002
ID_MWCL98_Zn,-21.42972000000001
ID_MWCL98_Cu,-3.997819999999999
ID_MWCL98_B,-0.9940399999999999
ID_yTrQmw_N,-5709.518000000001
ID_yTrQmw_P,-8.35692800000001
ID_yTrQmw_K,-887.1044
ID_yTrQmw_Ca,-6286.251
ID_yTrQmw_Mg,-1154.836
ID_yTrQmw_S,-15.166583999999979
ID_yTrQmw_Fe,-479.27056000000005
ID_yTrQmw_Mn,-411.03704000000005
ID_yTrQmw_Zn,-21.08538200000001
ID_yTrQmw_Cu,-3.714081999999999
ID_yTrQmw_B,-0.9001300000000002
ID_AhukXA_N,-5666.754000000001
ID_AhukXA_P,-5.057548000000011
ID_AhukXA_K,-844.4596000000001
ID_AhukXA_Ca,-6057.490600000001
ID_AhukXA_Mg,-1064.669
ID_AhukXA_S,-13.993229999999997
ID_AhukXA_Fe,-439.5360200000001
ID_AhukXA_Mn,-435.45612000000017
ID_AhukXA_Zn,-21.06122800000001
ID_AhukXA_Cu,-4.377781999999998
ID_AhukXA_B,-0.9332639999999998
ID_hRX0sy_N,-5842.944
ID_hRX0sy_P,6.036895999999992
ID_hRX0sy_K,-854.9536
ID_hRX0sy_Ca,-6641.942400000002
ID_hRX0sy_Mg,-1030.6656
ID_hRX0sy_S,-49.75075199999999
ID_hRX0sy_Fe,-455.88000000000005
ID_hRX0sy_Mn,-405.8889600000001
ID_hRX0sy_Zn,-20.634272000000013
ID_hRX0sy_Cu,-3.6557120000000003
ID_hRX0sy_B,-0.8594559999999999
ID_DEK3Xj_N,-5924.636000000001
ID_DEK3Xj_P,-16.697468000000008
ID_DEK3Xj_K,-1059.7315999999998
ID_DEK3Xj_Ca,-6006.864000000001
ID_DEK3Xj_Mg,-956.9230000000002
ID_DEK3Xj_S,-12.268152
ID_DEK3Xj_Fe,-418.58242
ID_DEK3Xj_Mn,-416.31398000000013
ID_DEK3Xj_Zn,-21.71031200000002
ID_DEK3Xj_Cu,-3.879915999999999
ID_DEK3Xj_B,-1.5317199999999997
ID_SDIpB7_N,-6271.456000000001
ID_SDIpB7_P,-24.845760000000013
ID_SDIpB7_K,-1000.6880000000001
ID_SDIpB7_Ca,-6357.059200000001
ID_SDIpB7_Mg,-1041.9776
ID_SDIpB7_S,-15.44403199999999
ID_SDIpB7_Fe,-487.3945600000001
ID_SDIpB7_Mn,-433.0937600000001
ID_SDIpB7_Zn,-21.85753600000002
ID_SDIpB7_Cu,-4.581727999999997
ID_SDIpB7_B,-1.6071679999999995
ID_IHACB6_N,-6271.420000000001
ID_IHACB6_P,-63.240719999999996
ID_IHACB6_K,-1095.432
ID_IHACB6_Ca,-6550.380000000001
ID_IHACB6_Mg,-1073.1460000000002
ID_IHACB6_S,-22.154340000000005
ID_IHACB6_Fe,-490.2312000000001
ID_IHACB6_Mn,-436.9248000000001
ID_IHACB6_Zn,-21.737940000000023
ID_IHACB6_Cu,-4.3504799999999975
ID_IHACB6_B,-1.4611000000000003
ID_O51gwI_N,-6647.104000000001
ID_O51gwI_P,-46.539264
ID_O51gwI_K,-1062.3776
ID_O51gwI_Ca,-7000.880000000001
ID_O51gwI_Mg,-979.0560000000002
ID_O51gwI_S,-15.63331199999999
ID_O51gwI_Fe,-507.50079999999997
ID_O51gwI_Mn,-413.4422400000002
ID_O51gwI_Zn,-22.28806400000002
ID_O51gwI_Cu,-3.5616320000000004
ID_O51gwI_B,-1.2017279999999997
ID_DDBZRg_N,-5607.676
ID_DDBZRg_P,-4.893176000000018
ID_DDBZRg_K,-979.8594
ID_DDBZRg_Ca,-6651.344400000001
ID_DDBZRg_Mg,-1078.3812
ID_DDBZRg_S,-10.377045999999996
ID_DDBZRg_Fe,-402.42806
ID_DDBZRg_Mn,-425.5545600000001
ID_DDBZRg_Zn,-19.329872
ID_DDBZRg_Cu,-3.662524
ID_DDBZRg_B,-1.0941479999999997
ID_O77MA3_N,-5894.688000000001
ID_O77MA3_P,-0.7429120000000111
ID_O77MA3_K,-878.4736000000001
ID_O77MA3_Ca,-4629.5488
ID_O77MA3_Mg,-1078.1312000000003
ID_O77MA3_S,-11.619903999999998
ID_O77MA3_Fe,-456.2115200000001
ID_O77MA3_Mn,-417.14496000000014
ID_O77MA3_Zn,-20.365696000000007
ID_O77MA3_Cu,-4.3035199999999945
ID_O77MA3_B,-0.9571200000000001
ID_KvNySp_N,-6239.312
ID_KvNySp_P,-104.23781599999995
ID_KvNySp_K,-1311.5312
ID_KvNySp_Ca,-6338.506799999999
ID_KvNySp_Mg,-1067.3619999999999
ID_KvNySp_S,-16.485179999999993
ID_KvNySp_Fe,-463.12756
ID_KvNySp_Mn,-458.0168
ID_KvNySp_Zn,-22.55481200000002
ID_KvNySp_Cu,-4.700403999999999
ID_KvNySp_B,-1.5771039999999996
ID_RPz5WT_N,-6174.63
ID_RPz5WT_P,-136.17172
ID_RPz5WT_K,-1288.992
ID_RPz5WT_Ca,-6912.794000000001
ID_RPz5WT_Mg,-1078.1060000000002
ID_RPz5WT_S,-22.74333999999999
ID_RPz5WT_Fe,-472.8965
ID_RPz5WT_Mn,-447.6032000000001
ID_RPz5WT_Zn,-23.31553000000001
ID_RPz5WT_Cu,-4.566289999999995
ID_RPz5WT_B,-1.6519000000000004
ID_GncdEG_N,-6239.768
ID_GncdEG_P,-44.65753999999997
ID_GncdEG_K,-1116.2264
ID_GncdEG_Ca,-6420.6096
ID_GncdEG_Mg,-940.0695999999998
ID_GncdEG_S,-17.00433599999999
ID_GncdEG_Fe,-513.3377200000001
ID_GncdEG_Mn,-401.15587999999997
ID_GncdEG_Zn,-22.779620000000012
ID_GncdEG_Cu,-4.125387999999999
ID_GncdEG_B,-1.1441320000000006
ID_KOykml_N,-6340.46
ID_KOykml_P,-64.65321999999995
ID_KOykml_K,-1118.677
ID_KOykml_Ca,-6552.936000000001
ID_KOykml_Mg,-1184.021
ID_KOykml_S,-26.491189999999996
ID_KOykml_Fe,-496.2461
ID_KOykml_Mn,-431.63429999999994
ID_KOykml_Zn,-22.76997000000002
ID_KOykml_Cu,-4.173219999999999
ID_KOykml_B,-1.4331699999999994
ID_GSTo1v_N,-5009.048000000001
ID_GSTo1v_P,-3.3023840000000177
ID_GSTo1v_K,-879.2840000000001
ID_GSTo1v_Ca,-6390.736800000001
ID_GSTo1v_Mg,-1271.3680000000002
ID_GSTo1v_S,-9.050063999999999
ID_GSTo1v_Fe,-397.55152000000004
ID_GSTo1v_Mn,-404.9196800000001
ID_GSTo1v_Zn,-19.90724000000001
ID_GSTo1v_Cu,-4.653303999999998
ID_GSTo1v_B,-1.102599999999999
ID_2wqNU0_N,-5210.240000000001
ID_2wqNU0_P,-8.328512000000018
ID_2wqNU0_K,-736.8104000000001
ID_2wqNU0_Ca,-3873.3330000000005
ID_2wqNU0_Mg,-653.0716000000001
ID_2wqNU0_S,-12.722364000000002
ID_2wqNU0_Fe,-448.4325400000001
ID_2wqNU0_Mn,-411.3922400000001
ID_2wqNU0_Zn,-18.725300000000008
ID_2wqNU0_Cu,-3.9396339999999963
ID_2wqNU0_B,-0.7822480000000002
ID_91x5sn_N,-6795.460000000001
ID_91x5sn_P,-26.24177999999999
ID_91x5sn_K,-1105.332
ID_91x5sn_Ca,-4468.3
ID_91x5sn_Mg,-808.7060000000001
ID_91x5sn_S,-11.485879999999998
ID_91x5sn_Fe,-544.8330000000002
ID_91x5sn_Mn,-426.7366000000001
ID_91x5sn_Zn,-21.65148
ID_91x5sn_Cu,-4.28514
ID_91x5sn_B,-0.8376200000000004
ID_e0tcBd_N,-5399.360000000001
ID_e0tcBd_P,-83.16600800000003
ID_e0tcBd_K,-1165.1384
ID_e0tcBd_Ca,-6001.720800000002
ID_e0tcBd_Mg,-1014.1120000000001
ID_e0tcBd_S,-11.860872000000004
ID_e0tcBd_Fe,-380.17216
ID_e0tcBd_Mn,-423.67064000000005
ID_e0tcBd_Zn,-20.278760000000013
ID_e0tcBd_Cu,-4.236207999999997
ID_e0tcBd_B,-1.7732800000000002
ID_wwyl7b_N,-7018.496000000001
ID_wwyl7b_P,-40.186848
ID_wwyl7b_K,-1201.5040000000001
ID_wwyl7b_Ca,-6180.659200000001
ID_wwyl7b_Mg,-1056.9632000000001
ID_wwyl7b_S,-19.575711999999996
ID_wwyl7b_Fe,-494.79552000000007
ID_wwyl7b_Mn,-417.0508800000001
ID_wwyl7b_Zn,-21.29238400000001
ID_wwyl7b_Cu,-3.89808
ID_wwyl7b_B,-1.103168
ID_zFl3sZ_N,-5662.4540000000015
ID_zFl3sZ_P,8.955963999999998
ID_zFl3sZ_K,-920.0714
ID_zFl3sZ_Ca,-6254.9712
ID_zFl3sZ_Mg,-1072.5628000000002
ID_zFl3sZ_S,-9.32976
ID_zFl3sZ_Fe,-447.18268000000006
ID_zFl3sZ_Mn,-447.66038000000003
ID_zFl3sZ_Zn,-20.27952200000001
ID_zFl3sZ_Cu,-3.932308000000001
ID_zFl3sZ_B,-1.00558
ID_z7sD9G_N,-5606.952000000001
ID_z7sD9G_P,13.736208000000005
ID_z7sD9G_K,-991.2286000000001
ID_z7sD9G_Ca,-6243.0274
ID_z7sD9G_Mg,-1020.8050000000001
ID_z7sD9G_S,-8.979062000000003
ID_z7sD9G_Fe,-489.2386000000001
ID_z7sD9G_Mn,-391.63302000000004
ID_z7sD9G_Zn,-19.768644000000002
ID_z7sD9G_Cu,-3.689663999999999
ID_z7sD9G_B,-1.0700359999999993
ID_0lrJ34_N,-5070.256000000001
ID_0lrJ34_P,-41.42602000000001
ID_0lrJ34_K,-1078.5960000000002
ID_0lrJ34_Ca,-6106.489600000001
ID_0lrJ34_Mg,-956.1972000000002
ID_0lrJ34_S,-11.840248000000003
ID_0lrJ34_Fe,-447.2535199999999
ID_0lrJ34_Mn,-400.0849600000001
ID_0lrJ34_Zn,-20.153612000000013
ID_0lrJ34_Cu,-4.0906679999999955
ID_0lrJ34_B,-1.349092
ID_zGBRAW_N,-5574.542000000001
ID_zGBRAW_P,-140.80279400000003
ID_zGBRAW_K,-1227.8300000000002
ID_zGBRAW_Ca,-6679.3908
ID_zGBRAW_Mg,-1098.8698000000002
ID_zGBRAW_S,-18.07767
ID_zGBRAW_Fe,-439.02418000000006
ID_zGBRAW_Mn,-406.7857400000001
ID_zGBRAW_Zn,-20.74927400000002
ID_zGBRAW_Cu,-5.2485459999999975
ID_zGBRAW_B,-1.6249599999999995
ID_KUvFNT_N,-5785.564000000001
ID_KUvFNT_P,-147.507686
ID_KUvFNT_K,-1265.0470000000003
ID_KUvFNT_Ca,-5785.0778
ID_KUvFNT_Mg,-1020.4150000000002
ID_KUvFNT_S,-10.939704000000006
ID_KUvFNT_Fe,-399.5831600000001
ID_KUvFNT_Mn,-432.7769000000002
ID_KUvFNT_Zn,-21.69059400000001
ID_KUvFNT_Cu,-3.8707139999999978
ID_KUvFNT_B,-1.4396779999999998
ID_6BqGSf_N,-6030.160000000001
ID_6BqGSf_P,14.199700000000007
ID_6BqGSf_K,-909.7724000000003
ID_6BqGSf_Ca,-5109.474000000001
ID_6BqGSf_Mg,-1266.3408
ID_6BqGSf_S,-14.383885999999997
ID_6BqGSf_Fe,-520.5034000000002
ID_6BqGSf_Mn,-382.16166
ID_6BqGSf_Zn,-19.964252000000005
ID_6BqGSf_Cu,-3.8909879999999966
ID_6BqGSf_B,-0.8665559999999999
ID_ar6VsZ_N,-6005.4400000000005
ID_ar6VsZ_P,6.384439999999977
ID_ar6VsZ_K,-1056.624
ID_ar6VsZ_Ca,-6520.724000000001
ID_ar6VsZ_Mg,-989.5900000000001
ID_ar6VsZ_S,-19.991959999999985
ID_ar6VsZ_Fe,-454.7254000000001
ID_ar6VsZ_Mn,-440.8870000000001
ID_ar6VsZ_Zn,-21.416080000000015
ID_ar6VsZ_Cu,-4.452339999999995
ID_ar6VsZ_B,-0.9339800000000001
ID_ClT23N_N,-5716.0160000000005
ID_ClT23N_P,-145.19451199999992
ID_ClT23N_K,-1224.5816000000004
ID_ClT23N_Ca,-7471.212000000001
ID_ClT23N_Mg,-887.7088000000002
ID_ClT23N_S,-11.971031999999997
ID_ClT23N_Fe,-422.14744000000013
ID_ClT23N_Mn,-416.37200000000007
ID_ClT23N_Zn,-21.06327200000002
ID_ClT23N_Cu,-3.455368000000001
ID_ClT23N_B,-1.151848
ID_aN783L_N,-5918.84
ID_aN783L_P,7.238631999999974
ID_aN783L_K,-1046.3384
ID_aN783L_Ca,-5908.840800000002
ID_aN783L_Mg,-990.6976000000001
ID_aN783L_S,-16.391687999999988
ID_aN783L_Fe,-432.2584000000001
ID_aN783L_Mn,-445.3678400000001
ID_aN783L_Zn,-20.358032000000005
ID_aN783L_Cu,-3.373072000000002
ID_aN783L_B,-0.941248
ID_NsBbuX_N,-5734.924000000001
ID_NsBbuX_P,-30.722078000000025
ID_NsBbuX_K,-1206.5126000000002
ID_NsBbuX_Ca,-7098.706400000002
ID_NsBbuX_Mg,-884.5298000000001
ID_NsBbuX_S,-9.692966000000002
ID_NsBbuX_Fe,-431.63194000000004
ID_NsBbuX_Mn,-437.04596000000004
ID_NsBbuX_Zn,-20.93451600000002
ID_NsBbuX_Cu,-3.785964000000001
ID_NsBbuX_B,-1.0916499999999998
ID_yZw45I_N,-5532.200000000001
ID_yZw45I_P,-95.00777599999998
ID_yZw45I_K,-1160.4944000000003
ID_yZw45I_Ca,-6056.174400000001
ID_yZw45I_Mg,-989.3368
ID_yZw45I_S,-12.266519999999993
ID_yZw45I_Fe,-386.76016
ID_yZw45I_Mn,-422.64680000000004
ID_yZw45I_Zn,-21.693992000000016
ID_yZw45I_Cu,-4.129719999999997
ID_yZw45I_B,-1.7763040000000008
ID_Fsc9F0_N,-5443.242000000001
ID_Fsc9F0_P,-6.610698000000028
ID_Fsc9F0_K,-771.0654000000001
ID_Fsc9F0_Ca,-6682.5834
ID_Fsc9F0_Mg,-1075.5676
ID_Fsc9F0_S,-9.756951999999995
ID_Fsc9F0_Fe,-402.3802800000001
ID_Fsc9F0_Mn,-386.4413800000001
ID_Fsc9F0_Zn,-19.46069800000001
ID_Fsc9F0_Cu,-3.5552719999999973
ID_Fsc9F0_B,-0.8660939999999998
ID_cLAcv2_N,-6022.094000000001
ID_cLAcv2_P,-27.53421999999999
ID_cLAcv2_K,-1127.5108
ID_cLAcv2_Ca,-5740.911
ID_cLAcv2_Mg,-1030.1378
ID_cLAcv2_S,-10.04808400000001
ID_cLAcv2_Fe,-518.94906
ID_cLAcv2_Mn,-439.38012000000015
ID_cLAcv2_Zn,-21.014358000000012
ID_cLAcv2_Cu,-3.496625999999999
ID_cLAcv2_B,-1.1737179999999996
ID_m02BuX_N,-6212.992000000001
ID_m02BuX_P,-53.22812800000003
ID_m02BuX_K,-1042.9792000000002
ID_m02BuX_Ca,-4965.84
ID_m02BuX_Mg,-927.3792000000002
ID_m02BuX_S,-14.933311999999997
ID_m02BuX_Fe,-439.696
ID_m02BuX_Mn,-416.8918400000001
ID_m02BuX_Zn,-21.73164800000002
ID_m02BuX_Cu,-3.942432
ID_m02BuX_B,-1.2317439999999997
ID_EulMt9_N,-7041.04
ID_EulMt9_P,-41.38550000000001
ID_EulMt9_K,-1194.876
ID_EulMt9_Ca,-6343.888999999999
ID_EulMt9_Mg,-1076.404
ID_EulMt9_S,-16.824749999999984
ID_EulMt9_Fe,-557.4582999999999
ID_EulMt9_Mn,-441.3081000000001
ID_EulMt9_Zn,-22.17841
ID_EulMt9_Cu,-4.269129999999998
ID_EulMt9_B,-1.0943800000000006
ID_qwyyXl_N,-5595.8240000000005
ID_qwyyXl_P,-10.98657
ID_qwyyXl_K,-941.9872000000001
ID_qwyyXl_Ca,-6201.704000000001
ID_qwyyXl_Mg,-1022.1746
ID_qwyyXl_S,-14.147803999999987
ID_qwyyXl_Fe,-430.6839200000001
ID_qwyyXl_Mn,-409.1724600000001
ID_qwyyXl_Zn,-20.508870000000016
ID_qwyyXl_Cu,-3.6924459999999995
ID_qwyyXl_B,-1.0629739999999999
ID_DUHAZN_N,-6873.568000000001
ID_DUHAZN_P,-26.946656000000004
ID_DUHAZN_K,-1095.5072
ID_DUHAZN_Ca,-5210.448
ID_DUHAZN_Mg,-897.1616
ID_DUHAZN_S,-13.267200000000003
ID_DUHAZN_Fe,-521.5993600000003
ID_DUHAZN_Mn,-446.7555200000001
ID_DUHAZN_Zn,-20.17641600000001
ID_DUHAZN_Cu,-3.8335680000000023
ID_DUHAZN_B,-0.8565440000000007
ID_5XnCdv_N,-5653.352000000001
ID_5XnCdv_P,-36.16065200000001
ID_5XnCdv_K,-792.1328000000002
ID_5XnCdv_Ca,-6350.8752
ID_5XnCdv_Mg,-954.3256000000001
ID_5XnCdv_S,-10.970340000000007
ID_5XnCdv_Fe,-471.8246800000001
ID_5XnCdv_Mn,-399.9525800000002
ID_5XnCdv_Zn,-16.799228000000006
ID_5XnCdv_Cu,-3.37753
ID_5XnCdv_B,-0.6712480000000001
ID_AhvTet_N,-5662.240000000001
ID_AhvTet_P,-48.368060000000014
ID_AhvTet_K,-973.3320000000001
ID_AhvTet_Ca,-6596.052000000001
ID_AhvTet_Mg,-1043.798
ID_AhvTet_S,-11.09846
ID_AhvTet_Fe,-509.3008
ID_AhvTet_Mn,-408.0696000000001
ID_AhvTet_Zn,-21.889960000000023
ID_AhvTet_Cu,-3.7399799999999983
ID_AhvTet_B,-1.4815599999999982
ID_C0XprT_N,-5884.898000000001
ID_C0XprT_P,-0.9232580000000041
ID_C0XprT_K,-829.2068000000002
ID_C0XprT_Ca,-4942.7514
ID_C0XprT_Mg,-976.7032000000002
ID_C0XprT_S,-26.31853199999997
ID_C0XprT_Fe,-480.91558000000003
ID_C0XprT_Mn,-418.30754
ID_C0XprT_Zn,-17.162642000000012
ID_C0XprT_Cu,-3.518943999999999
ID_C0XprT_B,-0.8741559999999999
ID_tMUPox_N,-5939.4400000000005
ID_tMUPox_P,-26.771980000000013
ID_tMUPox_K,-450.50200000000007
ID_tMUPox_Ca,-3327.7980000000007
ID_tMUPox_Mg,-561.3380000000001
ID_tMUPox_S,-19.010540000000006
ID_tMUPox_Fe,-550.1416
ID_tMUPox_Mn,-406.19079999999997
ID_tMUPox_Zn,-19.13820000000001
ID_tMUPox_Cu,-3.463660000000002
ID_tMUPox_B,-0.7304800000000004
ID_c7cXzR_N,-7066.432000000001
ID_c7cXzR_P,-31.26560000000002
ID_c7cXzR_K,-471.8688000000001
ID_c7cXzR_Ca,-3382.6304000000005
ID_c7cXzR_Mg,-530.4736
ID_c7cXzR_S,-19.340960000000003
ID_c7cXzR_Fe,-563.1872000000002
ID_c7cXzR_Mn,-426.48352000000017
ID_c7cXzR_Zn,-19.979968000000007
ID_c7cXzR_Cu,-3.955648000000001
ID_c7cXzR_B,-0.7573120000000007
ID_VW185c_N,-5535.084
ID_VW185c_P,12.409468000000004
ID_VW185c_K,-712.6709999999999
ID_VW185c_Ca,-3866.7249999999995
ID_VW185c_Mg,-634.5857999999998
ID_VW185c_S,-13.151992
ID_VW185c_Fe,-473.82259999999997
ID_VW185c_Mn,-428.16154
ID_VW185c_Zn,-19.394662
ID_VW185c_Cu,-4.449271999999996
ID_VW185c_B,-0.736764
ID_qwaTAk_N,-6295.628
ID_qwaTAk_P,-73.05585200000002
ID_qwaTAk_K,-1105.2368000000001
ID_qwaTAk_Ca,-6805.496400000001
ID_qwaTAk_Mg,-1127.0295999999998
ID_qwaTAk_S,-22.215959999999995
ID_qwaTAk_Fe,-438.1068400000001
ID_qwaTAk_Mn,-439.9751599999999
ID_qwaTAk_Zn,-22.56940400000002
ID_qwaTAk_Cu,-4.222515999999997
ID_qwaTAk_B,-1.4432679999999993
ID_omJnE5_N,-6004.000000000001
ID_omJnE5_P,-51.751622
ID_omJnE5_K,-1135.0318000000002
ID_omJnE5_Ca,-6052.018800000001
ID_omJnE5_Mg,-1106.1762
ID_omJnE5_S,-20.162411999999996
ID_omJnE5_Fe,-432.00847999999996
ID_omJnE5_Mn,-436.96686000000005
ID_omJnE5_Zn,-21.45537200000002
ID_omJnE5_Cu,-4.725927999999999
ID_omJnE5_B,-1.2971059999999994
ID_HIrvGc_N,-5578.276000000001
ID_HIrvGc_P,-5.20771400000001
ID_HIrvGc_K,-1125.428
ID_HIrvGc_Ca,-6851.900200000001
ID_HIrvGc_Mg,-906.7858000000002
ID_HIrvGc_S,-12.360475999999995
ID_HIrvGc_Fe,-405.59455999999994
ID_HIrvGc_Mn,-428.69140000000004
ID_HIrvGc_Zn,-20.04192200000002
ID_HIrvGc_Cu,-3.7662760000000004
ID_HIrvGc_B,-0.9720239999999994
ID_UEmV52_N,-5794.872
ID_UEmV52_P,-31.160132000000004
ID_UEmV52_K,-921.3132000000002
ID_UEmV52_Ca,-4338.7064
ID_UEmV52_Mg,-801.0980000000001
ID_UEmV52_S,-23.379831999999986
ID_UEmV52_Fe,-460.20248000000004
ID_UEmV52_Mn,-446.1992000000001
ID_UEmV52_Zn,-20.14598000000001
ID_UEmV52_Cu,-4.128192000000001
ID_UEmV52_B,-0.7533720000000004
ID_RhZMVC_N,-5356.43
ID_RhZMVC_P,-67.8434
ID_RhZMVC_K,-1893.7759999999998
ID_RhZMVC_Ca,-8782.485
ID_RhZMVC_Mg,-934.375
ID_RhZMVC_S,-11.234610000000007
ID_RhZMVC_Fe,-359.56525
ID_RhZMVC_Mn,-484.83440000000013
ID_RhZMVC_Zn,-28.643630000000005
ID_RhZMVC_Cu,-4.93954
ID_RhZMVC_B,-1.5834100000000007
ID_n3CyTs_N,-5628.752
ID_n3CyTs_P,-28.311512000000008
ID_n3CyTs_K,-508.34720000000004
ID_n3CyTs_Ca,-3278.6304000000005
ID_n3CyTs_Mg,-553.9024
ID_n3CyTs_S,-27.624119999999976
ID_n3CyTs_Fe,-480.02032
ID_n3CyTs_Mn,-413.8534400000001
ID_n3CyTs_Zn,-19.348232000000007
ID_n3CyTs_Cu,-3.0903280000000004
ID_n3CyTs_B,-0.6863680000000005
ID_extJqL_N,-5720.880000000001
ID_extJqL_P,11.032879999999992
ID_extJqL_K,-964.3712
ID_extJqL_Ca,-5104.2176
ID_extJqL_Mg,-879.7440000000001
ID_extJqL_S,-15.233855999999989
ID_extJqL_Fe,-436.75504
ID_extJqL_Mn,-422.9299200000001
ID_extJqL_Zn,-19.641424000000008
ID_extJqL_Cu,-3.1148959999999994
ID_extJqL_B,-0.8649440000000007
ID_milgJn_N,-5603.846000000001
ID_milgJn_P,-26.877944000000014
ID_milgJn_K,-1030.9382000000003
ID_milgJn_Ca,-5770.411800000002
ID_milgJn_Mg,-991.6216
ID_milgJn_S,-10.887755999999996
ID_milgJn_Fe,-507.28474000000006
ID_milgJn_Mn,-429.1988600000001
ID_milgJn_Zn,-20.448020000000014
ID_milgJn_Cu,-3.407500000000001
ID_milgJn_B,-0.8541760000000008
ID_kg2l1o_N,-6404.064000000001
ID_kg2l1o_P,-31.268063999999995
ID_kg2l1o_K,-1045.2192000000002
ID_kg2l1o_Ca,-4881.2128
ID_kg2l1o_Mg,-901.8432000000001
ID_kg2l1o_S,-25.93775999999999
ID_kg2l1o_Fe,-541.2195200000002
ID_kg2l1o_Mn,-429.98688000000004
ID_kg2l1o_Zn,-20.699904000000007
ID_kg2l1o_Cu,-4.081311999999999
ID_kg2l1o_B,-0.8776000000000007
ID_GZhRMw_N,-6204.722
ID_GZhRMw_P,-77.93832599999995
ID_GZhRMw_K,-1286.6658
ID_GZhRMw_Ca,-5944.5238
ID_GZhRMw_Mg,-1276.9908
ID_GZhRMw_S,-17.019529999999992
ID_GZhRMw_Fe,-479.2533800000001
ID_GZhRMw_Mn,-459.29982000000007
ID_GZhRMw_Zn,-22.442724000000016
ID_GZhRMw_Cu,-4.4766179999999975
ID_GZhRMw_B,-1.3539700000000003
ID_M4gDt9_N,-6001.004000000001
ID_M4gDt9_P,-23.638298000000013
ID_M4gDt9_K,-473.25200000000007
ID_M4gDt9_Ca,-4120.6632
ID_M4gDt9_Mg,-753.1936000000002
ID_M4gDt9_S,-26.099196
ID_M4gDt9_Fe,-515.9494000000002
ID_M4gDt9_Mn,-438.9624200000002
ID_M4gDt9_Zn,-20.001578
ID_M4gDt9_Cu,-3.564898000000001
ID_M4gDt9_B,-0.715204000000001
ID_lho6ZL_N,-5985.908
ID_lho6ZL_P,-42.819541999999984
ID_lho6ZL_K,-1159.7648000000004
ID_lho6ZL_Ca,-5202.780000000001
ID_lho6ZL_Mg,-1054.6252000000002
ID_lho6ZL_S,-17.41033800000001
ID_lho6ZL_Fe,-491.03212
ID_lho6ZL_Mn,-458.0366600000001
ID_lho6ZL_Zn,-22.303274000000023
ID_lho6ZL_Cu,-4.146094
ID_lho6ZL_B,-1.1807380000000007
ID_Pv0i3D_N,-5863.776000000002
ID_Pv0i3D_P,-36.85216
ID_Pv0i3D_K,-511.98720000000014
ID_Pv0i3D_Ca,-4353.625600000001
ID_Pv0i3D_Mg,-686.6240000000001
ID_Pv0i3D_S,-12.311392000000009
ID_Pv0i3D_Fe,-469.9830400000001
ID_Pv0i3D_Mn,-450.0214400000001
ID_Pv0i3D_Zn,-19.60364800000001
ID_Pv0i3D_Cu,-3.4176
ID_Pv0i3D_B,-0.7122880000000007
ID_0g4tHu_N,-5274.304
ID_0g4tHu_P,-1.021552000000021
ID_0g4tHu_K,-453.8768
ID_0g4tHu_Ca,-4422.8928000000005
ID_0g4tHu_Mg,-702.6944000000001
ID_0g4tHu_S,-10.037600000000001
ID_0g4tHu_Fe,-450.91776
ID_0g4tHu_Mn,-406.63520000000005
ID_0g4tHu_Zn,-18.88929600000001
ID_0g4tHu_Cu,-3.293984000000002
ID_0g4tHu_B,-0.6538240000000006
ID_c0s8Xk_N,-6015.772000000001
ID_c0s8Xk_P,7.814915999999982
ID_c0s8Xk_K,-1089.0992000000003
ID_c0s8Xk_Ca,-5258.6732
ID_c0s8Xk_Mg,-937.8802000000001
ID_c0s8Xk_S,-14.286221999999995
ID_c0s8Xk_Fe,-490.55892000000006
ID_c0s8Xk_Mn,-433.77752000000015
ID_c0s8Xk_Zn,-20.004364000000002
ID_c0s8Xk_Cu,-3.397000000000002
ID_c0s8Xk_B,-0.7695460000000006
ID_Xkp7M1_N,-5875.130000000001
ID_Xkp7M1_P,-21.01558999999999
ID_Xkp7M1_K,-972.3746000000001
ID_Xkp7M1_Ca,-4922.1720000000005
ID_Xkp7M1_Mg,-866.9686000000002
ID_Xkp7M1_S,-12.627126000000004
ID_Xkp7M1_Fe,-513.9625000000001
ID_Xkp7M1_Mn,-437.5771400000001
ID_Xkp7M1_Zn,-20.45445800000001
ID_Xkp7M1_Cu,-3.2725240000000015
ID_Xkp7M1_B,-0.8215420000000003
ID_agUGLn_N,-6389.138
ID_agUGLn_P,-19.130413999999966
ID_agUGLn_K,-1249.0594
ID_agUGLn_Ca,-6258.5508
ID_agUGLn_Mg,-1152.1484
ID_agUGLn_S,-15.58714199999999
ID_agUGLn_Fe,-486.3158800000001
ID_agUGLn_Mn,-439.67398
ID_agUGLn_Zn,-22.40792000000002
ID_agUGLn_Cu,-3.916815999999999
ID_agUGLn_B,-1.0782499999999993
ID_NZ57H6_N,-6142.43
ID_NZ57H6_P,-54.49435
ID_NZ57H6_K,-1198.855
ID_NZ57H6_Ca,-6101.423000000001
ID_NZ57H6_Mg,-1036.7060000000001
ID_NZ57H6_S,-21.557229999999997
ID_NZ57H6_Fe,-451.4352
ID_NZ57H6_Mn,-490.16700000000003
ID_NZ57H6_Zn,-22.820800000000016
ID_NZ57H6_Cu,-4.374699999999996
ID_NZ57H6_B,-1.4306399999999997
ID_wgjQXV_N,-5360.18
ID_wgjQXV_P,-73.76310000000004
ID_wgjQXV_K,-1161.432
ID_wgjQXV_Ca,-6936.920000000002
ID_wgjQXV_Mg,-911.1600000000001
ID_wgjQXV_S,-9.83214000000001
ID_wgjQXV_Fe,-448.5588000000001
ID_wgjQXV_Mn,-440.9904000000001
ID_wgjQXV_Zn,-20.95958000000002
ID_wgjQXV_Cu,-3.7987199999999994
ID_wgjQXV_B,-1.4571400000000003
ID_bD2o3C_N,-6243.904000000001
ID_bD2o3C_P,-27.752607999999995
ID_bD2o3C_K,-429.7120000000001
ID_bD2o3C_Ca,-3389.0592000000006
ID_bD2o3C_Mg,-549.8720000000001
ID_bD2o3C_S,-19.017728000000012
ID_bD2o3C_Fe,-516.4563200000002
ID_bD2o3C_Mn,-456.55328
ID_bD2o3C_Zn,-19.070976
ID_bD2o3C_Cu,-3.1304320000000025
ID_bD2o3C_B,-0.6571840000000002
ID_F5ud3i_N,-6142.280000000001
ID_F5ud3i_P,-22.99502000000001
ID_F5ud3i_K,-482.754
ID_F5ud3i_Ca,-3520.7160000000003
ID_F5ud3i_Mg,-594.426
ID_F5ud3i_S,-10.141240000000014
ID_F5ud3i_Fe,-518.1140000000001
ID_F5ud3i_Mn,-434.2958000000002
ID_F5ud3i_Zn,-19.342800000000004
ID_F5ud3i_Cu,-3.407560000000001
ID_F5ud3i_B,-0.6627199999999999
ID_nZBs1V_N,-5908.43
ID_nZBs1V_P,-32.541386
ID_nZBs1V_K,-505.99700000000007
ID_nZBs1V_Ca,-4822.338600000002
ID_nZBs1V_Mg,-728.1742000000002
ID_nZBs1V_S,-9.400800000000004
ID_nZBs1V_Fe,-525.7351600000001
ID_nZBs1V_Mn,-441.4466000000001
ID_nZBs1V_Zn,-19.669909999999998
ID_nZBs1V_Cu,-3.254320000000001
ID_nZBs1V_B,-0.6765760000000004
ID_K1oxOY_N,-6297.920000000001
ID_K1oxOY_P,-34.06553600000001
ID_K1oxOY_K,-1006.2056000000002
ID_K1oxOY_Ca,-5439.148800000001
ID_K1oxOY_Mg,-947.5408000000002
ID_K1oxOY_S,-15.62294399999999
ID_K1oxOY_Fe,-516.1700800000001
ID_K1oxOY_Mn,-400.23248
ID_K1oxOY_Zn,-19.616504000000003
ID_K1oxOY_Cu,-3.464440000000001
ID_K1oxOY_B,-0.8278480000000001
ID_QxpPBL_N,-5270.768
ID_QxpPBL_P,-39.495311999999984
ID_QxpPBL_K,-1128.8368
ID_QxpPBL_Ca,-6895.368000000001
ID_QxpPBL_Mg,-963.5056000000001
ID_QxpPBL_S,-10.489584
ID_QxpPBL_Fe,-466.38256
ID_QxpPBL_Mn,-445.48128
ID_QxpPBL_Zn,-20.341760000000008
ID_QxpPBL_Cu,-3.949600000000003
ID_QxpPBL_B,-1.1309760000000004
ID_Ka5Dt2_N,-5810.984
ID_Ka5Dt2_P,-29.713656
ID_Ka5Dt2_K,-1037.256
ID_Ka5Dt2_Ca,-5360.3132000000005
ID_Ka5Dt2_Mg,-935.5908
ID_Ka5Dt2_S,-8.684204000000008
ID_Ka5Dt2_Fe,-492.05124000000006
ID_Ka5Dt2_Mn,-452.06736000000006
ID_Ka5Dt2_Zn,-19.522912000000012
ID_Ka5Dt2_Cu,-3.235248000000002
ID_Ka5Dt2_B,-0.8744240000000004
ID_vdVmdL_N,-5492.560000000001
ID_vdVmdL_P,-40.19853999999998
ID_vdVmdL_K,-1329.9008000000003
ID_vdVmdL_Ca,-6655.2304
ID_vdVmdL_Mg,-1016.1084000000001
ID_vdVmdL_S,-9.387832000000003
ID_vdVmdL_Fe,-447.79624000000007
ID_vdVmdL_Mn,-419.2752000000001
ID_vdVmdL_Zn,-21.009456000000018
ID_vdVmdL_Cu,-3.875064000000001
ID_vdVmdL_B,-1.198572
ID_1KUliM_N,-5656.814000000001
ID_1KUliM_P,11.5487
ID_1KUliM_K,-750.3502000000001
ID_1KUliM_Ca,-4338.1492
ID_1KUliM_Mg,-727.0472000000001
ID_1KUliM_S,-21.46189599999998
ID_1KUliM_Fe,-458.5403000000001
ID_1KUliM_Mn,-444.85696000000013
ID_1KUliM_Zn,-19.279868
ID_1KUliM_Cu,-3.0752700000000006
ID_1KUliM_B,-0.6728520000000003
ID_5nRqmq_N,-5587.042
ID_5nRqmq_P,-1.0932920000000195
ID_5nRqmq_K,-857.0367999999999
ID_5nRqmq_Ca,-5254.8638
ID_5nRqmq_Mg,-964.9998000000002
ID_5nRqmq_S,-10.601495999999997
ID_5nRqmq_Fe,-409.99902000000003
ID_5nRqmq_Mn,-401.20524000000006
ID_5nRqmq_Zn,-19.025593999999995
ID_5nRqmq_Cu,-3.416124000000002
ID_5nRqmq_B,-0.7477080000000009
ID_n5JmLk_N,-5790.564000000001
ID_n5JmLk_P,-9.575454000000015
ID_n5JmLk_K,-1162.8138000000001
ID_n5JmLk_Ca,-6567.1946
ID_n5JmLk_Mg,-1017.1242
ID_n5JmLk_S,-7.762686000000002
ID_n5JmLk_Fe,-393.4008400000001
ID_n5JmLk_Mn,-435.8475600000001
ID_n5JmLk_Zn,-20.521710000000017
ID_n5JmLk_Cu,-3.813142000000001
ID_n5JmLk_B,-1.0803079999999992
ID_u44Msb_N,-5929.022000000001
ID_u44Msb_P,-19.057152000000002
ID_u44Msb_K,-1036.0188
ID_u44Msb_Ca,-5677.1258
ID_u44Msb_Mg,-998.2066000000001
ID_u44Msb_S,-14.461527999999987
ID_u44Msb_Fe,-511.7128800000001
ID_u44Msb_Mn,-441.2253800000001
ID_u44Msb_Zn,-20.669584
ID_u44Msb_Cu,-4.054106000000003
ID_u44Msb_B,-0.9651760000000004
ID_EZ9BT0_N,-5841.088000000001
ID_EZ9BT0_P,-21.624584
ID_EZ9BT0_K,-938.8456000000001
ID_EZ9BT0_Ca,-4954.0364
ID_EZ9BT0_Mg,-814.2420000000001
ID_EZ9BT0_S,-11.525215999999993
ID_EZ9BT0_Fe,-469.8590800000001
ID_EZ9BT0_Mn,-423.44736000000006
ID_EZ9BT0_Zn,-18.753352000000003
ID_EZ9BT0_Cu,-3.2032360000000013
ID_EZ9BT0_B,-0.8918080000000003
ID_mYzCiN_N,-6620.120000000002
ID_mYzCiN_P,-33.85509999999999
ID_mYzCiN_K,-957.4260000000003
ID_mYzCiN_Ca,-5169.902000000001
ID_mYzCiN_Mg,-882.6920000000002
ID_mYzCiN_S,-16.882919999999984
ID_mYzCiN_Fe,-534.5700000000002
ID_mYzCiN_Mn,-426.4770000000001
ID_mYzCiN_Zn,-19.71130000000001
ID_mYzCiN_Cu,-3.3919400000000017
ID_mYzCiN_B,-0.8605000000000004
ID_p45983_N,-7013.920000000002
ID_p45983_P,-30.577540000000013
ID_p45983_K,-443.9680000000001
ID_p45983_Ca,-3380.532
ID_p45983_Mg,-498.55
ID_p45983_S,-17.291460000000008
ID_p45983_Fe,-546.0848000000002
ID_p45983_Mn,-469.17460000000005
ID_p45983_Zn,-20.21004
ID_p45983_Cu,-3.3862200000000007
ID_p45983_B,-0.7667800000000007
ID_yMJw1j_N,-7057.502
ID_yMJw1j_P,-29.842754
ID_yMJw1j_K,-474.1400000000001
ID_yMJw1j_Ca,-3327.2796000000003
ID_yMJw1j_Mg,-513.3448000000001
ID_yMJw1j_S,-18.382032000000017
ID_yMJw1j_Fe,-541.3573000000001
ID_yMJw1j_Mn,-454.4180600000001
ID_yMJw1j_Zn,-19.620626000000005
ID_yMJw1j_Cu,-4.38208
ID_yMJw1j_B,-0.7334080000000007
ID_RckA05_N,-7003.488000000001
ID_RckA05_P,-28.625984000000003
ID_RckA05_K,-462.9312000000001
ID_RckA05_Ca,-3363.6576000000005
ID_RckA05_Mg,-491.34080000000006
ID_RckA05_S,-17.591744000000006
ID_RckA05_Fe,-552.7756800000002
ID_RckA05_Mn,-463.39872
ID_RckA05_Zn,-19.986912000000007
ID_RckA05_Cu,-4.015456000000002
ID_RckA05_B,-0.7929280000000011
ID_hAiYiN_N,-6988.18
ID_hAiYiN_P,-23.446900000000007
ID_hAiYiN_K,-457.4100000000001
ID_hAiYiN_Ca,-3309.3840000000005
ID_hAiYiN_Mg,-516.172
ID_hAiYiN_S,-18.85170000000001
ID_hAiYiN_Fe,-562.7168000000001
ID_hAiYiN_Mn,-434.3288000000001
ID_hAiYiN_Zn,-19.96408
ID_hAiYiN_Cu,-3.3338600000000005
ID_hAiYiN_B,-0.7410400000000006
ID_Vf15SZ_N,-5854.300000000001
ID_Vf15SZ_P,-72.18701999999996
ID_Vf15SZ_K,-1168.296
ID_Vf15SZ_Ca,-6267.746000000001
ID_Vf15SZ_Mg,-1093.474
ID_Vf15SZ_S,-16.079699999999992
ID_Vf15SZ_Fe,-503.30360000000013
ID_Vf15SZ_Mn,-417.4658000000002
ID_Vf15SZ_Zn,-22.456680000000006
ID_Vf15SZ_Cu,-4.13444
ID_Vf15SZ_B,-1.3141400000000003
ID_4d2pqJ_N,-6838.722000000001
ID_4d2pqJ_P,-29.136084000000025
ID_4d2pqJ_K,-417.0488
ID_4d2pqJ_Ca,-3544.8444000000004
ID_4d2pqJ_Mg,-497.8254000000001
ID_4d2pqJ_S,-18.156812
ID_4d2pqJ_Fe,-532.8814400000001
ID_4d2pqJ_Mn,-440.19762000000003
ID_4d2pqJ_Zn,-18.95665600000001
ID_4d2pqJ_Cu,-3.058227999999999
ID_4d2pqJ_B,-0.7159180000000006
ID_h5Tzqa_N,-5674.166000000001
ID_h5Tzqa_P,-170.30089400000003
ID_h5Tzqa_K,-1428.0892000000003
ID_h5Tzqa_Ca,-5432.986000000001
ID_h5Tzqa_Mg,-1079.0570000000002
ID_h5Tzqa_S,-17.856625999999995
ID_h5Tzqa_Fe,-492.64736000000005
ID_h5Tzqa_Mn,-455.00200000000007
ID_h5Tzqa_Zn,-21.578978000000017
ID_h5Tzqa_Cu,-3.9138779999999995
ID_h5Tzqa_B,-1.225384
ID_dOCvsC_N,-6220.592000000001
ID_dOCvsC_P,-24.987272000000004
ID_dOCvsC_K,-944.9480000000002
ID_dOCvsC_Ca,-4671.9384
ID_dOCvsC_Mg,-824.3776000000003
ID_dOCvsC_S,-21.192719999999973
ID_dOCvsC_Fe,-505.8949600000001
ID_dOCvsC_Mn,-418.3505600000001
ID_dOCvsC_Zn,-20.721776000000006
ID_dOCvsC_Cu,-3.8446000000000007
ID_dOCvsC_B,-0.7859440000000008
ID_c7rwfX_N,-6139.598000000001
ID_c7rwfX_P,-28.34411000000003
ID_c7rwfX_K,-498.81460000000004
ID_c7rwfX_Ca,-3213.6862
ID_c7rwfX_Mg,-520.9652000000001
ID_c7rwfX_S,-33.345101999999976
ID_c7rwfX_Fe,-510.40320000000014
ID_c7rwfX_Mn,-413.36686000000003
ID_c7rwfX_Zn,-19.00873000000001
ID_c7rwfX_Cu,-2.9911680000000014
ID_c7rwfX_B,-0.6989600000000006
ID_AG04J8_N,-5574.536
ID_AG04J8_P,-20.083208000000006
ID_AG04J8_K,-913.1312
ID_AG04J8_Ca,-4561.7568
ID_AG04J8_Mg,-761.1112
ID_AG04J8_S,-24.307656
ID_AG04J8_Fe,-497.5638400000001
ID_AG04J8_Mn,-424.79600000000005
ID_AG04J8_Zn,-20.585048000000008
ID_AG04J8_Cu,-3.660784000000003
ID_AG04J8_B,-0.8097040000000006
ID_5qBJX6_N,-5909.762000000001
ID_5qBJX6_P,-30.676586000000015
ID_5qBJX6_K,-554.6594
ID_5qBJX6_Ca,-3322.6176
ID_5qBJX6_Mg,-536.1220000000001
ID_5qBJX6_S,-23.288232000000008
ID_5qBJX6_Fe,-516.6997600000001
ID_5qBJX6_Mn,-431.6453000000001
ID_5qBJX6_Zn,-18.342794000000005
ID_5qBJX6_Cu,-3.923428000000003
ID_5qBJX6_B,-0.7351840000000001
ID_EWv3po_N,-6615.748000000001
ID_EWv3po_P,-23.394504000000012
ID_EWv3po_K,-480.8814000000001
ID_EWv3po_Ca,-3231.7906000000003
ID_EWv3po_Mg,-511.05700000000013
ID_EWv3po_S,-31.21152199999998
ID_EWv3po_Fe,-483.49056
ID_EWv3po_Mn,-423.18732000000006
ID_EWv3po_Zn,-18.907294000000004
ID_EWv3po_Cu,-3.353042000000002
ID_EWv3po_B,-0.6782020000000003
ID_LDKsiF_N,-6123.360000000001
ID_LDKsiF_P,-48.076119999999975
ID_LDKsiF_K,-1185.2800000000002
ID_LDKsiF_Ca,-5887.1680000000015
ID_LDKsiF_Mg,-1128.7400000000002
ID_LDKsiF_S,-10.980319999999999
ID_LDKsiF_Fe,-482.97340000000014
ID_LDKsiF_Mn,-415.39340000000016
ID_LDKsiF_Zn,-21.046920000000014
ID_LDKsiF_Cu,-4.773099999999999
ID_LDKsiF_B,-1.0400200000000006
ID_PJRL41_N,-5751.830000000001
ID_PJRL41_P,-24.347874000000004
ID_PJRL41_K,-520.0862000000001
ID_PJRL41_Ca,-4615.7072
ID_PJRL41_Mg,-702.2018
ID_PJRL41_S,-24.335059999999984
ID_PJRL41_Fe,-483.4862800000001
ID_PJRL41_Mn,-446.4277200000001
ID_PJRL41_Zn,-19.031628
ID_PJRL41_Cu,-3.228708
ID_PJRL41_B,-0.7355540000000005
ID_iegRSZ_N,-5770.916000000001
ID_iegRSZ_P,-19.276280000000014
ID_iegRSZ_K,-894.7844000000001
ID_iegRSZ_Ca,-4252.620000000001
ID_iegRSZ_Mg,-712.8748
ID_iegRSZ_S,-23.594735999999976
ID_iegRSZ_Fe,-465.48279999999994
ID_iegRSZ_Mn,-434.36480000000006
ID_iegRSZ_Zn,-19.266824000000007
ID_iegRSZ_Cu,-3.3279760000000023
ID_iegRSZ_B,-0.6750040000000005
ID_cyBGHw_N,-6076.706000000001
ID_cyBGHw_P,-35.60942600000001
ID_cyBGHw_K,-933.6578
ID_cyBGHw_Ca,-4862.6094
ID_cyBGHw_Mg,-781.2766000000001
ID_cyBGHw_S,-26.77762799999998
ID_cyBGHw_Fe,-479.1262600000001
ID_cyBGHw_Mn,-426.93890000000005
ID_cyBGHw_Zn,-20.695328000000003
ID_cyBGHw_Cu,-3.514282
ID_cyBGHw_B,-0.8406340000000002
ID_eMNOVv_N,-5930.534000000001
ID_eMNOVv_P,-34.237938000000014
ID_eMNOVv_K,-1203.4838
ID_eMNOVv_Ca,-5960.851200000001
ID_eMNOVv_Mg,-891.0756
ID_eMNOVv_S,-15.461895999999992
ID_eMNOVv_Fe,-477.8931200000001
ID_eMNOVv_Mn,-450.2060000000001
ID_eMNOVv_Zn,-21.836218000000024
ID_eMNOVv_Cu,-3.5672580000000003
ID_eMNOVv_B,-1.3284979999999997
ID_PyViU5_N,-5918.84
ID_PyViU5_P,1.030575999999975
ID_PyViU5_K,-986.4848
ID_PyViU5_Ca,-5144.697600000001
ID_PyViU5_Mg,-856.3240000000001
ID_PyViU5_S,-12.896375999999997
ID_PyViU5_Fe,-451.0720000000001
ID_PyViU5_Mn,-430.5588800000001
ID_PyViU5_Zn,-19.964696000000007
ID_PyViU5_Cu,-3.382360000000001
ID_PyViU5_B,-0.7678000000000004
ID_2qpDH8_N,-5974.432000000001
ID_2qpDH8_P,-36.79011200000001
ID_2qpDH8_K,-515.9072000000001
ID_2qpDH8_Ca,-4766.099200000001
ID_2qpDH8_Mg,-755.9072000000001
ID_2qpDH8_S,-11.848831999999994
ID_2qpDH8_Fe,-510.92351999999994
ID_2qpDH8_Mn,-449.01344000000023
ID_2qpDH8_Zn,-19.194848000000004
ID_2qpDH8_Cu,-3.4534400000000027
ID_2qpDH8_B,-0.7358080000000002
ID_SG1vze_N,-6863.512
ID_SG1vze_P,9.010428000000001
ID_SG1vze_K,-1073.7286000000001
ID_SG1vze_Ca,-4536.046600000001
ID_SG1vze_Mg,-803.6338000000001
ID_SG1vze_S,-12.312176000000004
ID_SG1vze_Fe,-503.1009000000001
ID_SG1vze_Mn,-402.89022
ID_SG1vze_Zn,-20.75043599999999
ID_SG1vze_Cu,-4.153437999999998
ID_SG1vze_B,-0.8560920000000001
ID_C2omxU_N,-6202.580000000001
ID_C2omxU_P,10.188663999999982
ID_C2omxU_K,-989.9504000000002
ID_C2omxU_Ca,-5490.349200000001
ID_C2omxU_Mg,-943.5376000000001
ID_C2omxU_S,-17.704440000000005
ID_C2omxU_Fe,-444.30760000000004
ID_C2omxU_Mn,-400.91696000000013
ID_C2omxU_Zn,-20.382704000000007
ID_C2omxU_Cu,-4.137447999999998
ID_C2omxU_B,-0.8178040000000006
ID_MrwNwo_N,-6746.400000000001
ID_MrwNwo_P,5.658879999999989
ID_MrwNwo_K,-935.118
ID_MrwNwo_Ca,-4448.764
ID_MrwNwo_Mg,-871.4280000000001
ID_MrwNwo_S,-9.071600000000004
ID_MrwNwo_Fe,-475.4692000000001
ID_MrwNwo_Mn,-400.11000000000007
ID_MrwNwo_Zn,-20.87312000000001
ID_MrwNwo_Cu,-4.124099999999997
ID_MrwNwo_B,-0.8600600000000002
ID_F8BM00_N,-6975.523999999999
ID_F8BM00_P,13.283872000000006
ID_F8BM00_K,-587.4944
ID_F8BM00_Ca,-4595.8344
ID_F8BM00_Mg,-685.4391999999999
ID_F8BM00_S,-11.377068000000001
ID_F8BM00_Fe,-506.29479999999995
ID_F8BM00_Mn,-446.55068000000006
ID_F8BM00_Zn,-20.498023999999994
ID_F8BM00_Cu,-3.8328640000000007
ID_F8BM00_B,-0.8518360000000003
ID_9jYyyu_N,-6903.8
ID_9jYyyu_P,12.425224000000007
ID_9jYyyu_K,-461.9072
ID_9jYyyu_Ca,-3081.400800000001
ID_9jYyyu_Mg,-499.27600000000007
ID_9jYyyu_S,-18.37996800000001
ID_9jYyyu_Fe,-503.8494400000001
ID_9jYyyu_Mn,-441.5036000000001
ID_9jYyyu_Zn,-19.406768
ID_9jYyyu_Cu,-3.9189039999999995
ID_9jYyyu_B,-0.7222240000000006
ID_FNpuRc_N,-6656.064
ID_FNpuRc_P,14.996224000000002
ID_FNpuRc_K,-1065.2224000000003
ID_FNpuRc_Ca,-4534.371200000001
ID_FNpuRc_Mg,-805.2320000000001
ID_FNpuRc_S,-11.672543999999988
ID_FNpuRc_Fe,-485.84672
ID_FNpuRc_Mn,-431.5235200000001
ID_FNpuRc_Zn,-19.76604800000001
ID_FNpuRc_Cu,-3.5591680000000023
ID_FNpuRc_B,-0.803008000000001
ID_7T1LjV_N,-6692.352000000001
ID_7T1LjV_P,10.12332799999999
ID_7T1LjV_K,-557.7952000000001
ID_7T1LjV_Ca,-4807.6288
ID_7T1LjV_Mg,-693.1424000000002
ID_7T1LjV_S,-10.214080000000003
ID_7T1LjV_Fe,-513.1321600000002
ID_7T1LjV_Mn,-461.22144000000014
ID_7T1LjV_Zn,-20.142592
ID_7T1LjV_Cu,-3.7166400000000017
ID_7T1LjV_B,-0.8204800000000009
ID_ScLJoB_N,-5585.336
ID_ScLJoB_P,-25.590992000000014
ID_ScLJoB_K,-946.7624000000001
ID_ScLJoB_Ca,-6628.6608000000015
ID_ScLJoB_Mg,-981.3880000000001
ID_ScLJoB_S,-12.551424
ID_ScLJoB_Fe,-412.78384000000005
ID_ScLJoB_Mn,-410.9309600000001
ID_ScLJoB_Zn,-19.246496000000015
ID_ScLJoB_Cu,-4.556103999999997
ID_ScLJoB_B,-1.5412959999999991
ID_OILjiQ_N,-5766.350000000001
ID_OILjiQ_P,-39.48710000000003
ID_OILjiQ_K,-988.9580000000003
ID_OILjiQ_Ca,-7044.6918000000005
ID_OILjiQ_Mg,-948.6646000000001
ID_OILjiQ_S,-13.499141999999992
ID_OILjiQ_Fe,-438.44254
ID_OILjiQ_Mn,-416.39834000000013
ID_OILjiQ_Zn,-19.778690000000015
ID_OILjiQ_Cu,-5.232339999999997
ID_OILjiQ_B,-1.49953
ID_zXSUe6_N,-5644.860000000001
ID_zXSUe6_P,5.504439999999981
ID_zXSUe6_K,-634.576
ID_zXSUe6_Ca,-4587.54
ID_zXSUe6_Mg,-770.008
ID_zXSUe6_S,-9.904079999999993
ID_zXSUe6_Fe,-522.6064000000001
ID_zXSUe6_Mn,-410.516
ID_zXSUe6_Zn,-21.32808000000001
ID_zXSUe6_Cu,-3.8715399999999986
ID_zXSUe6_B,-0.7353200000000003
ID_55JGUZ_N,-6499.459999999999
ID_55JGUZ_P,9.327160000000003
ID_55JGUZ_K,-1142.4464
ID_55JGUZ_Ca,-4544.7624
ID_55JGUZ_Mg,-756.5068
ID_55JGUZ_S,-12.998375999999997
ID_55JGUZ_Fe,-489.06255999999996
ID_55JGUZ_Mn,-448.59356
ID_55JGUZ_Zn,-21.591739999999998
ID_55JGUZ_Cu,-3.6839799999999996
ID_55JGUZ_B,-0.8427160000000004
ID_Vs7pt2_N,-6990.67
ID_Vs7pt2_P,10.03743999999999
ID_Vs7pt2_K,-1019.0409999999999
ID_Vs7pt2_Ca,-4896.407
ID_Vs7pt2_Mg,-860.3420000000001
ID_Vs7pt2_S,-14.170089999999984
ID_Vs7pt2_Fe,-495.11679999999996
ID_Vs7pt2_Mn,-429.40790000000004
ID_Vs7pt2_Zn,-22.034890000000008
ID_Vs7pt2_Cu,-3.583959999999999
ID_Vs7pt2_B,-0.8533400000000005
ID_XWkT8U_N,-6905.756
ID_XWkT8U_P,11.613772000000012
ID_XWkT8U_K,-489.2948
ID_XWkT8U_Ca,-3676.47
ID_XWkT8U_Mg,-602.1051999999999
ID_XWkT8U_S,-13.489716000000005
ID_XWkT8U_Fe,-502.48948
ID_XWkT8U_Mn,-474.67676000000006
ID_XWkT8U_Zn,-20.384707999999996
ID_XWkT8U_Cu,-3.186940000000001
ID_XWkT8U_B,-0.7316800000000006
ID_FBcooe_N,-6360.968
ID_FBcooe_P,12.384808000000007
ID_FBcooe_K,-1090.0664
ID_FBcooe_Ca,-5120.930399999999
ID_FBcooe_Mg,-814.44
ID_FBcooe_S,-14.471431999999993
ID_FBcooe_Fe,-506.53760000000005
ID_FBcooe_Mn,-439.1588000000001
ID_FBcooe_Zn,-21.263
ID_FBcooe_Cu,-2.8647199999999993
ID_FBcooe_B,-0.8920800000000007
ID_dkyIUi_N,-6408.063999999999
ID_dkyIUi_P,11.438248000000002
ID_dkyIUi_K,-1150.3632
ID_dkyIUi_Ca,-4647.9983999999995
ID_dkyIUi_Mg,-758.644
ID_dkyIUi_S,-11.397664000000002
ID_dkyIUi_Fe,-527.3016
ID_dkyIUi_Mn,-468.76200000000006
ID_dkyIUi_Zn,-21.540471999999998
ID_dkyIUi_Cu,-3.514088000000002
ID_dkyIUi_B,-0.8289760000000005
ID_nce5CU_N,-5513.360000000001
ID_nce5CU_P,-144.92532799999998
ID_nce5CU_K,-1518.1447999999998
ID_nce5CU_Ca,-7310.288400000001
ID_nce5CU_Mg,-1026.0939999999998
ID_nce5CU_S,-12.965315999999998
ID_nce5CU_Fe,-447.47991999999994
ID_nce5CU_Mn,-461.0013200000001
ID_nce5CU_Zn,-22.720568000000004
ID_nce5CU_Cu,-4.713627999999997
ID_nce5CU_B,-1.4309559999999997
ID_X6t5uC_N,-6984.346000000001
ID_X6t5uC_P,10.787781999999996
ID_X6t5uC_K,-1066.122
ID_X6t5uC_Ca,-4647.597400000001
ID_X6t5uC_Mg,-669.8492000000001
ID_X6t5uC_S,-10.598316000000004
ID_X6t5uC_Fe,-530.9412400000002
ID_X6t5uC_Mn,-448.24618000000015
ID_X6t5uC_Zn,-20.384992000000004
ID_X6t5uC_Cu,-3.677566000000003
ID_X6t5uC_B,-0.8212120000000007
ID_2lhm9G_N,-6838.388000000001
ID_2lhm9G_P,5.809335999999973
ID_2lhm9G_K,-1182.6974
ID_2lhm9G_Ca,-5314.024200000002
ID_2lhm9G_Mg,-924.6442000000002
ID_2lhm9G_S,-18.161142
ID_2lhm9G_Fe,-514.7483800000001
ID_2lhm9G_Mn,-446.5659200000001
ID_2lhm9G_Zn,-21.008792000000007
ID_2lhm9G_Cu,-3.8404000000000016
ID_2lhm9G_B,-1.0160140000000009
ID_spMjsF_N,-6992.848000000002
ID_spMjsF_P,2.1340539999999777
ID_spMjsF_K,-486.1984000000001
ID_spMjsF_Ca,-3299.1366000000003
ID_spMjsF_Mg,-516.9440000000001
ID_spMjsF_S,-11.505196000000012
ID_spMjsF_Fe,-525.15116
ID_spMjsF_Mn,-452.2159600000001
ID_spMjsF_Zn,-19.028814000000004
ID_spMjsF_Cu,-3.6904280000000016
ID_spMjsF_B,-0.7004400000000007
ID_IHWaIm_N,-5430.446
ID_IHWaIm_P,9.558025999999998
ID_IHWaIm_K,-590.97
ID_IHWaIm_Ca,-4767.990400000001
ID_IHWaIm_Mg,-766.0951999999999
ID_IHWaIm_S,-12.521452000000014
ID_IHWaIm_Fe,-522.1662600000001
ID_IHWaIm_Mn,-496.16268
ID_IHWaIm_Zn,-21.576692
ID_IHWaIm_Cu,-3.619399999999999
ID_IHWaIm_B,-0.8124740000000003
ID_zumOGG_N,-5075.371999999999
ID_zumOGG_P,14.014156000000007
ID_zumOGG_K,-696.7291999999999
ID_zumOGG_Ca,-6699.522000000001
ID_zumOGG_Mg,-1179.6519999999998
ID_zumOGG_S,-9.548279999999998
ID_zumOGG_Fe,-411.3692799999999
ID_zumOGG_Mn,-407.84084000000007
ID_zumOGG_Zn,-16.299176
ID_zumOGG_Cu,-3.2457639999999977
ID_zumOGG_B,-0.8908240000000003
ID_vRtZWs_N,-5887.191999999999
ID_vRtZWs_P,-45.056456
ID_vRtZWs_K,-943.0101999999999
ID_vRtZWs_Ca,-7261.516199999998
ID_vRtZWs_Mg,-861.1282
ID_vRtZWs_S,-8.749511999999996
ID_vRtZWs_Fe,-510.74196
ID_vRtZWs_Mn,-418.1700800000001
ID_vRtZWs_Zn,-22.473234000000016
ID_vRtZWs_Cu,-3.5518259999999975
ID_vRtZWs_B,-1.259728
ID_5KDKPn_N,-6376.2880000000005
ID_5KDKPn_P,10.746047999999995
ID_5KDKPn_K,-551.9488
ID_5KDKPn_Ca,-4672.1088
ID_5KDKPn_Mg,-682.5024000000001
ID_5KDKPn_S,-10.617280000000004
ID_5KDKPn_Fe,-550.1033600000002
ID_5KDKPn_Mn,-453.06336000000016
ID_5KDKPn_Zn,-18.778656
ID_5KDKPn_Cu,-3.3468160000000013
ID_5KDKPn_B,-0.738496000000001
ID_wptb0z_N,-6049.2480000000005
ID_wptb0z_P,-115.67126400000004
ID_wptb0z_K,-1727.8816000000004
ID_wptb0z_Ca,-6849.344000000001
ID_wptb0z_Mg,-1060.0992000000003
ID_wptb0z_S,-13.129439999999999
ID_wptb0z_Fe,-439.94464
ID_wptb0z_Mn,-438.40032000000014
ID_wptb0z_Zn,-27.804288
ID_wptb0z_Cu,-4.524607999999999
ID_wptb0z_B,-1.4832959999999995
ID_zPjnpT_N,-6272.8279999999995
ID_zPjnpT_P,10.030767999999998
ID_zPjnpT_K,-1115.588
ID_zPjnpT_Ca,-5352.6348
ID_zPjnpT_Mg,-916.8364
ID_zPjnpT_S,-21.464927999999993
ID_zPjnpT_Fe,-483.6315999999999
ID_zPjnpT_Mn,-487.4516
ID_zPjnpT_Zn,-22.029956000000013
ID_zPjnpT_Cu,-4.075228
ID_zPjnpT_B,-1.0921480000000003
ID_WdpdYC_N,-6268.952
ID_WdpdYC_P,8.900344
ID_WdpdYC_K,-1057.6076
ID_WdpdYC_Ca,-6092.3352
ID_WdpdYC_Mg,-938.1544
ID_WdpdYC_S,-11.412635999999996
ID_WdpdYC_Fe,-500.76123999999993
ID_WdpdYC_Mn,-471.16328
ID_WdpdYC_Zn,-21.590372000000006
ID_WdpdYC_Cu,-3.5241519999999986
ID_WdpdYC_B,-1.0164519999999992
ID_d2HQAy_N,-5004.080000000001
ID_d2HQAy_P,-86.83736000000002
ID_d2HQAy_K,-1136.9936000000002
ID_d2HQAy_Ca,-7153.4976
ID_d2HQAy_Mg,-946.6120000000001
ID_d2HQAy_S,-11.575751999999998
ID_d2HQAy_Fe,-341.99848000000003
ID_d2HQAy_Mn,-414.47336000000007
ID_d2HQAy_Zn,-22.437248000000007
ID_d2HQAy_Cu,-5.211231999999998
ID_d2HQAy_B,-1.7894799999999997
ID_LIdpxM_N,-5864.024
ID_LIdpxM_P,-0.08080400000000765
ID_LIdpxM_K,-837.5192
ID_LIdpxM_Ca,-4789.0416
ID_LIdpxM_Mg,-1061.5251999999998
ID_LIdpxM_S,-11.022071999999994
ID_LIdpxM_Fe,-496.81911999999994
ID_LIdpxM_Mn,-442.28707999999995
ID_LIdpxM_Zn,-21.319052000000003
ID_LIdpxM_Cu,-5.209983999999999
ID_LIdpxM_B,-0.9694839999999997
ID_8ZeeE0_N,-6552.348000000002
ID_8ZeeE0_P,8.64307999999997
ID_8ZeeE0_K,-500.4932000000001
ID_8ZeeE0_Ca,-4318.63
ID_8ZeeE0_Mg,-604.1288000000001
ID_8ZeeE0_S,-9.167139999999996
ID_8ZeeE0_Fe,-522.2739600000001
ID_8ZeeE0_Mn,-442.7542000000001
ID_8ZeeE0_Zn,-19.292256
ID_8ZeeE0_Cu,-3.9038960000000005
ID_8ZeeE0_B,-0.7453160000000008
ID_4OXtDy_N,-7044.5
ID_4OXtDy_P,10.14071999999998
ID_4OXtDy_K,-477.254
ID_4OXtDy_Ca,-3449.9200000000005
ID_4OXtDy_Mg,-508.3180000000001
ID_4OXtDy_S,-13.866940000000017
ID_4OXtDy_Fe,-522.0102
ID_4OXtDy_Mn,-458.9578000000002
ID_4OXtDy_Zn,-20.522219999999997
ID_4OXtDy_Cu,-3.769680000000001
ID_4OXtDy_B,-0.7397200000000007
ID_Dm3Oqx_N,-6938.240000000002
ID_Dm3Oqx_P,10.14071999999998
ID_Dm3Oqx_K,-483.59000000000003
ID_Dm3Oqx_Ca,-4117.532
ID_Dm3Oqx_Mg,-556.7840000000001
ID_Dm3Oqx_S,-10.65296000000001
ID_Dm3Oqx_Fe,-520.4262000000001
ID_Dm3Oqx_Mn,-458.6278000000001
ID_Dm3Oqx_Zn,-20.57502
ID_Dm3Oqx_Cu,-3.769680000000001
ID_Dm3Oqx_B,-0.7586400000000006
ID_R8iJni_N,-6787.928
ID_R8iJni_P,10.600301999999985
ID_R8iJni_K,-773.2172
ID_R8iJni_Ca,-4337.470600000001
ID_R8iJni_Mg,-668.4976
ID_R8iJni_S,-8.550642000000003
ID_R8iJni_Fe,-539.5805800000002
ID_R8iJni_Mn,-453.80736000000013
ID_R8iJni_Zn,-21.48262200000001
ID_R8iJni_Cu,-3.619796000000001
ID_R8iJni_B,-0.8205580000000007
ID_BjHnKg_N,-6914.756000000001
ID_BjHnKg_P,13.902568000000002
ID_BjHnKg_K,-503.62160000000017
ID_BjHnKg_Ca,-3726.346800000001
ID_BjHnKg_Mg,-549.2422
ID_BjHnKg_S,-12.46395600000001
ID_BjHnKg_Fe,-512.6948800000001
ID_BjHnKg_Mn,-435.83444000000003
ID_BjHnKg_Zn,-19.478102
ID_BjHnKg_Cu,-3.4041700000000015
ID_BjHnKg_B,-0.716758000000001
ID_ybD6mH_N,-6824.826000000001
ID_ybD6mH_P,10.671300000000002
ID_ybD6mH_K,-471.8506000000001
ID_ybD6mH_Ca,-3253.3832000000007
ID_ybD6mH_Mg,-613.6914
ID_ybD6mH_S,-13.003118000000008
ID_ybD6mH_Fe,-519.3377000000002
ID_ybD6mH_Mn,-408.99912000000006
ID_ybD6mH_Zn,-19.089193999999996
ID_ybD6mH_Cu,-3.923138
ID_ybD6mH_B,-0.7105160000000007
ID_XmzaXw_N,-7020.5120000000015
ID_XmzaXw_P,12.632128000000005
ID_XmzaXw_K,-503.25120000000004
ID_XmzaXw_Ca,-3565.9968000000003
ID_XmzaXw_Mg,-540.0608000000001
ID_XmzaXw_S,-12.998624000000017
ID_XmzaXw_Fe,-510.81152000000003
ID_XmzaXw_Mn,-437.28480000000013
ID_XmzaXw_Zn,-19.28601600000001
ID_XmzaXw_Cu,-3.6068800000000016
ID_XmzaXw_B,-0.7931520000000007
ID_G6MnOs_N,-6637.9220000000005
ID_G6MnOs_P,16.088602000000016
ID_G6MnOs_K,-455.80280000000005
ID_G6MnOs_Ca,-4184.399400000001
ID_G6MnOs_Mg,-610.3588000000001
ID_G6MnOs_S,-10.988322000000007
ID_G6MnOs_Fe,-482.87806
ID_G6MnOs_Mn,-420.66074000000015
ID_G6MnOs_Zn,-18.933757999999997
ID_G6MnOs_Cu,-3.452788000000001
ID_G6MnOs_B,-0.745840000000001
ID_pcdiHV_N,-5691.416000000001
ID_pcdiHV_P,-101.22867599999995
ID_pcdiHV_K,-1205.16
ID_pcdiHV_Ca,-6135.4064
ID_pcdiHV_Mg,-963.1508
ID_pcdiHV_S,-13.073239999999984
ID_pcdiHV_Fe,-429.65116000000006
ID_pcdiHV_Mn,-406.53400000000005
ID_pcdiHV_Zn,-19.807416000000014
ID_pcdiHV_Cu,-3.8591640000000007
ID_pcdiHV_B,-1.3495159999999997
ID_eBT8At_N,-6221.450000000001
ID_eBT8At_P,-64.10135000000005
ID_eBT8At_K,-1255.2470000000003
ID_eBT8At_Ca,-6242.406000000001
ID_eBT8At_Mg,-1074.6496000000002
ID_eBT8At_S,-19.728018
ID_eBT8At_Fe,-446.8385800000001
ID_eBT8At_Mn,-400.35662
ID_eBT8At_Zn,-21.95118200000001
ID_eBT8At_Cu,-3.8890179999999974
ID_eBT8At_B,-1.357228
ID_YRbtb0_N,-6999.008000000001
ID_YRbtb0_P,13.52656
ID_YRbtb0_K,-536.4256
ID_YRbtb0_Ca,-3742.4864000000002
ID_YRbtb0_Mg,-636.8736
ID_YRbtb0_S,-11.059008000000016
ID_YRbtb0_Fe,-469.90464000000014
ID_YRbtb0_Mn,-388.85824000000014
ID_YRbtb0_Zn,-18.965248000000006
ID_YRbtb0_Cu,-3.6351039999999992
ID_YRbtb0_B,-0.7140800000000006
ID_ceiSR6_N,-5929.004
ID_ceiSR6_P,-26.32497199999999
ID_ceiSR6_K,-1245.1147999999998
ID_ceiSR6_Ca,-6775.286400000001
ID_ceiSR6_Mg,-1010.2935999999999
ID_ceiSR6_S,-13.690355999999994
ID_ceiSR6_Fe,-466.6000000000001
ID_ceiSR6_Mn,-457.5813200000001
ID_ceiSR6_Zn,-22.137344000000017
ID_ceiSR6_Cu,-4.295019999999999
ID_ceiSR6_B,-1.5034599999999996
ID_ATjy4m_N,-6489.200000000001
ID_ATjy4m_P,-45.78614000000003
ID_ATjy4m_K,-1121.6072
ID_ATjy4m_Ca,-6883.6548
ID_ATjy4m_Mg,-995.1544
ID_ATjy4m_S,-15.058127999999996
ID_ATjy4m_Fe,-477.82672
ID_ATjy4m_Mn,-429.64676000000003
ID_ATjy4m_Zn,-23.091524000000014
ID_ATjy4m_Cu,-4.26196
ID_ATjy4m_B,-1.4786079999999995
ID_PX9AOV_N,-6376.708
ID_PX9AOV_P,9.319596
ID_PX9AOV_K,-450.8047999999999
ID_PX9AOV_Ca,-4138.151
ID_PX9AOV_Mg,-763.0216
ID_PX9AOV_S,-13.089842
ID_PX9AOV_Fe,-497.78538
ID_PX9AOV_Mn,-433.08156
ID_PX9AOV_Zn,-19.905195999999997
ID_PX9AOV_Cu,-4.2366059999999965
ID_PX9AOV_B,-0.750324
ID_C29Pkd_N,-5571.018
ID_C29Pkd_P,-204.49629199999993
ID_C29Pkd_K,-2315.8246
ID_C29Pkd_Ca,-9162.9672
ID_C29Pkd_Mg,-1081.4556
ID_C29Pkd_S,-13.676764000000006
ID_C29Pkd_Fe,-411.3607200000001
ID_C29Pkd_Mn,-492.67324
ID_C29Pkd_Zn,-28.299965999999987
ID_C29Pkd_Cu,-4.837313999999995
ID_C29Pkd_B,-1.8466500000000003
ID_9rXQsn_N,-6307.388
ID_9rXQsn_P,9.59801800000001
ID_9rXQsn_K,-1146.0098000000003
ID_9rXQsn_Ca,-5643.1482
ID_9rXQsn_Mg,-995.1813999999999
ID_9rXQsn_S,-11.896080000000005
ID_9rXQsn_Fe,-511.54066000000006
ID_9rXQsn_Mn,-463.35992
ID_9rXQsn_Zn,-21.509420000000002
ID_9rXQsn_Cu,-4.209496
ID_9rXQsn_B,-0.9708940000000007
ID_nCkRbf_N,-6297.224
ID_nCkRbf_P,10.743268000000011
ID_nCkRbf_K,-732.6619999999999
ID_nCkRbf_Ca,-4691.3208
ID_nCkRbf_Mg,-856.2795999999998
ID_nCkRbf_S,-11.218151999999996
ID_nCkRbf_Fe,-468.94156000000004
ID_nCkRbf_Mn,-425.19392000000005
ID_nCkRbf_Zn,-20.929856000000008
ID_nCkRbf_Cu,-3.484251999999999
ID_nCkRbf_B,-0.8174080000000001
ID_Rz2uji_N,-6890.406
ID_Rz2uji_P,12.52992600000001
ID_Rz2uji_K,-474.37659999999994
ID_Rz2uji_Ca,-4186.1308
ID_Rz2uji_Mg,-678.3394
ID_Rz2uji_S,-12.349240000000002
ID_Rz2uji_Fe,-518.66326
ID_Rz2uji_Mn,-461.52366000000006
ID_Rz2uji_Zn,-19.333189999999995
ID_Rz2uji_Cu,-3.0096520000000004
ID_Rz2uji_B,-0.7342780000000008
ID_87x1Ya_N,-7159.976
ID_87x1Ya_P,10.222971999999999
ID_87x1Ya_K,-1132.346
ID_87x1Ya_Ca,-4377.911999999999
ID_87x1Ya_Mg,-759.7444
ID_87x1Ya_S,-12.421992000000003
ID_87x1Ya_Fe,-526.67344
ID_87x1Ya_Mn,-491.49404
ID_87x1Ya_Zn,-20.739019999999996
ID_87x1Ya_Cu,-3.5754520000000007
ID_87x1Ya_B,-0.8413480000000009
ID_OBLZrN_N,-6691.82
ID_OBLZrN_P,4.162385999999977
ID_OBLZrN_K,-739.658
ID_OBLZrN_Ca,-4141.372
ID_OBLZrN_Mg,-678.6392000000001
ID_OBLZrN_S,-9.666874000000007
ID_OBLZrN_Fe,-516.8759400000001
ID_OBLZrN_Mn,-392.95906
ID_OBLZrN_Zn,-18.883248
ID_OBLZrN_Cu,-3.390167999999999
ID_OBLZrN_B,-0.7786080000000009
ID_dj16k6_N,-6774.1
ID_dj16k6_P,12.805487999999997
ID_dj16k6_K,-452.56000000000006
ID_dj16k6_Ca,-2912.9428000000007
ID_dj16k6_Mg,-497.85320000000013
ID_dj16k6_S,-16.460152000000008
ID_dj16k6_Fe,-488.91576000000003
ID_dj16k6_Mn,-427.57712000000015
ID_dj16k6_Zn,-19.729188
ID_dj16k6_Cu,-3.9096199999999994
ID_dj16k6_B,-0.6783240000000005
ID_SdhkpL_N,-6796.0160000000005
ID_SdhkpL_P,1.9196319999999716
ID_SdhkpL_K,-516.1232
ID_SdhkpL_Ca,-4228.6848
ID_SdhkpL_Mg,-647.5168000000001
ID_SdhkpL_S,-9.817512000000004
ID_SdhkpL_Fe,-533.0116
ID_SdhkpL_Mn,-392.1605600000001
ID_SdhkpL_Zn,-19.849352000000003
ID_SdhkpL_Cu,-4.099048
ID_SdhkpL_B,-0.7524640000000008
ID_laIQTa_N,-7037.2880000000005
ID_laIQTa_P,9.571215999999986
ID_laIQTa_K,-1086.9248
ID_laIQTa_Ca,-4835.1264
ID_laIQTa_Mg,-859.6504000000001
ID_laIQTa_S,-17.363687999999996
ID_laIQTa_Fe,-521.3821600000001
ID_laIQTa_Mn,-451.86512000000005
ID_laIQTa_Zn,-21.48404000000001
ID_laIQTa_Cu,-4.031440000000002
ID_laIQTa_B,-0.9064720000000009
ID_9WQFZv_N,-6546.968000000001
ID_9WQFZv_P,5.840679999999978
ID_9WQFZv_K,-979.9184
ID_9WQFZv_Ca,-4192.5696
ID_9WQFZv_Mg,-673.6096000000001
ID_9WQFZv_S,-9.021335999999994
ID_9WQFZv_Fe,-513.0316
ID_9WQFZv_Mn,-440.74976000000004
ID_9WQFZv_Zn,-20.104232000000003
ID_9WQFZv_Cu,-3.102424
ID_9WQFZv_B,-0.7243840000000006
ID_Qxdehv_N,-6532.8640000000005
ID_Qxdehv_P,7.426591999999978
ID_Qxdehv_K,-518.6176
ID_Qxdehv_Ca,-4095.6896000000006
ID_Qxdehv_Mg,-709.7408000000001
ID_Qxdehv_S,-11.184448000000007
ID_Qxdehv_Fe,-560.4992000000002
ID_Qxdehv_Mn,-466.2569600000001
ID_Qxdehv_Zn,-19.213440000000002
ID_Qxdehv_Cu,-3.771968
ID_Qxdehv_B,-0.7272960000000008
ID_ybFk7g_N,-7009.268
ID_ybFk7g_P,-20.095100000000002
ID_ybFk7g_K,-1176.2588
ID_ybFk7g_Ca,-5880.5004
ID_ybFk7g_Mg,-1102.4055999999998
ID_ybFk7g_S,-15.914268
ID_ybFk7g_Fe,-481.74604
ID_ybFk7g_Mn,-450.6364400000001
ID_ybFk7g_Zn,-22.055264000000008
ID_ybFk7g_Cu,-3.862275999999997
ID_ybFk7g_B,-1.2517480000000005
ID_pXYynp_N,-7227.007999999999
ID_pXYynp_P,12.010492000000003
ID_pXYynp_K,-510.24799999999993
ID_pXYynp_Ca,-4192.6848
ID_pXYynp_Mg,-666.4012
ID_pXYynp_S,-11.472144
ID_pXYynp_Fe,-529.88824
ID_pXYynp_Mn,-476.87924
ID_pXYynp_Zn,-19.726699999999997
ID_pXYynp_Cu,-3.524152000000002
ID_pXYynp_B,-0.733048000000001
ID_FSGZdO_N,-6778.520000000001
ID_FSGZdO_P,7.87251999999998
ID_FSGZdO_K,-1094.2220000000002
ID_FSGZdO_Ca,-5271.52
ID_FSGZdO_Mg,-956.4360000000001
ID_FSGZdO_S,-13.070759999999993
ID_FSGZdO_Fe,-507.10520000000014
ID_FSGZdO_Mn,-447.6146000000001
ID_FSGZdO_Zn,-20.22258
ID_FSGZdO_Cu,-2.892320000000001
ID_FSGZdO_B,-0.8946000000000015
ID_Em3aah_N,-6896.056000000001
ID_Em3aah_P,4.096053999999967
ID_Em3aah_K,-463.57000000000005
ID_Em3aah_Ca,-4188.576599999999
ID_Em3aah_Mg,-535.9754000000001
ID_Em3aah_S,-11.39837600000001
ID_Em3aah_Fe,-543.5329200000001
ID_Em3aah_Mn,-459.9985600000001
ID_Em3aah_Zn,-20.265092000000003
ID_Em3aah_Cu,-4.14038
ID_Em3aah_B,-0.7475280000000006
ID_N1l42m_N,-5164.448
ID_N1l42m_P,5.417087999999993
ID_N1l42m_K,-835.8464000000002
ID_N1l42m_Ca,-5541.340800000002
ID_N1l42m_Mg,-871.2896000000001
ID_N1l42m_S,-9.800576000000007
ID_N1l42m_Fe,-384.37248
ID_N1l42m_Mn,-399.99328000000014
ID_N1l42m_Zn,-17.490208000000006
ID_N1l42m_Cu,-3.5058559999999988
ID_N1l42m_B,-1.140352
ID_uQ9Fvk_N,-5665.562000000001
ID_uQ9Fvk_P,-48.639938
ID_uQ9Fvk_K,-1013.4667999999999
ID_uQ9Fvk_Ca,-7121.8146000000015
ID_uQ9Fvk_Mg,-1180.3660000000002
ID_uQ9Fvk_S,-10.661538000000007
ID_uQ9Fvk_Fe,-373.18564
ID_uQ9Fvk_Mn,-406.9811000000001
ID_uQ9Fvk_Zn,-21.770696000000015
ID_uQ9Fvk_Cu,-4.837845999999999
ID_uQ9Fvk_B,-1.7346279999999994
ID_OYhp7c_N,-5198.040000000001
ID_OYhp7c_P,15.452400000000011
ID_OYhp7c_K,-605.2940000000001
ID_OYhp7c_Ca,-5688.530000000001
ID_OYhp7c_Mg,-1153.7980000000002
ID_OYhp7c_S,-8.94774
ID_OYhp7c_Fe,-385.9842
ID_OYhp7c_Mn,-402.21980000000013
ID_OYhp7c_Zn,-15.878240000000007
ID_OYhp7c_Cu,-3.818739999999999
ID_OYhp7c_B,-0.7725000000000003
ID_HCGJZi_N,-5239.728000000001
ID_HCGJZi_P,-3.3399220000000085
ID_HCGJZi_K,-1028.0794
ID_HCGJZi_Ca,-6237.613200000002
ID_HCGJZi_Mg,-939.3566
ID_HCGJZi_S,-7.372564000000001
ID_HCGJZi_Fe,-342.95676000000003
ID_HCGJZi_Mn,-404.52224000000007
ID_HCGJZi_Zn,-14.501462000000002
ID_HCGJZi_Cu,-4.7213579999999995
ID_HCGJZi_B,-1.424206
ID_OSMbmp_N,-5128.100000000001
ID_OSMbmp_P,1.519851999999986
ID_OSMbmp_K,-899.9138000000003
ID_OSMbmp_Ca,-5700.393000000001
ID_OSMbmp_Mg,-810.0034000000002
ID_OSMbmp_S,-9.357288000000004
ID_OSMbmp_Fe,-370.64374
ID_OSMbmp_Mn,-393.3680600000001
ID_OSMbmp_Zn,-18.568568000000006
ID_OSMbmp_Cu,-3.414825999999998
ID_OSMbmp_B,-1.352566
ID_NKZlSp_N,-5485.580000000001
ID_NKZlSp_P,16.121109999999998
ID_NKZlSp_K,-863.8100000000001
ID_NKZlSp_Ca,-6033.186000000001
ID_NKZlSp_Mg,-845.7550000000001
ID_NKZlSp_S,-10.867739999999998
ID_NKZlSp_Fe,-425.63230000000004
ID_NKZlSp_Mn,-415.39790000000005
ID_NKZlSp_Zn,-11.660719999999996
ID_NKZlSp_Cu,-3.5127999999999977
ID_NKZlSp_B,-0.7450900000000003
ID_ql5eHS_N,-5813.400000000001
ID_ql5eHS_P,-27.606399999999994
ID_ql5eHS_K,-1055.16
ID_ql5eHS_Ca,-5570.44
ID_ql5eHS_Mg,-975.5200000000001
ID_ql5eHS_S,-13.584400000000002
ID_ql5eHS_Fe,-408.478
ID_ql5eHS_Mn,-406.4420000000001
ID_ql5eHS_Zn,-18.160000000000004
ID_ql5eHS_Cu,-4.020799999999999
ID_ql5eHS_B,-1.1635999999999997
ID_Mj342g_N,-5423.210000000001
ID_Mj342g_P,14.045049999999996
ID_Mj342g_K,-858.0770000000001
ID_Mj342g_Ca,-4601.385
ID_Mj342g_Mg,-992.5450000000001
ID_Mj342g_S,-22.097279999999976
ID_Mj342g_Fe,-456.97690000000006
ID_Mj342g_Mn,-389.1479000000001
ID_Mj342g_Zn,-18.298190000000005
ID_Mj342g_Cu,-3.862239999999998
ID_Mj342g_B,-0.7398400000000002
ID_kLctId_N,-5957.93
ID_kLctId_P,15.328258000000016
ID_kLctId_K,-651.086
ID_kLctId_Ca,-3459.9475999999995
ID_kLctId_Mg,-578.8994
ID_kLctId_S,-33.845229999999965
ID_kLctId_Fe,-473.0361199999999
ID_kLctId_Mn,-424.79639999999995
ID_kLctId_Zn,-18.80209
ID_kLctId_Cu,-3.3156559999999997
ID_kLctId_B,-0.5993560000000003
ID_2emWkO_N,-5352.820000000001
ID_2emWkO_P,-69.990404
ID_2emWkO_K,-1227.0952
ID_2emWkO_Ca,-5357.781400000001
ID_2emWkO_Mg,-876.2756000000002
ID_2emWkO_S,-12.15638400000001
ID_2emWkO_Fe,-365.37942000000004
ID_2emWkO_Mn,-429.6435400000001
ID_2emWkO_Zn,-19.26743800000002
ID_2emWkO_Cu,-3.794133999999999
ID_2emWkO_B,-1.3634419999999996
ID_2u6V1I_N,-5244.5
ID_2u6V1I_P,16.74292
ID_2u6V1I_K,-703.727
ID_2u6V1I_Ca,-3576.7950000000005
ID_2u6V1I_Mg,-605.788
ID_2u6V1I_S,-8.684160000000006
ID_2u6V1I_Fe,-425.51680000000005
ID_2u6V1I_Mn,-431.15840000000003
ID_2u6V1I_Zn,-18.027920000000005
ID_2u6V1I_Cu,-3.9506499999999987
ID_2u6V1I_B,-0.6829300000000004
ID_aTJ1X6_N,-5847.060000000001
ID_aTJ1X6_P,15.526746000000006
ID_aTJ1X6_K,-731.0688000000001
ID_aTJ1X6_Ca,-4362.8234
ID_aTJ1X6_Mg,-754.2252000000001
ID_aTJ1X6_S,-8.575243999999998
ID_aTJ1X6_Fe,-453.8729600000001
ID_aTJ1X6_Mn,-449.20116000000013
ID_aTJ1X6_Zn,-18.375504000000006
ID_aTJ1X6_Cu,-3.4151019999999996
ID_aTJ1X6_B,-0.6863340000000003
ID_EHWYNa_N,-5969.774000000001
ID_EHWYNa_P,16.978982000000002
ID_EHWYNa_K,-683.2704
ID_EHWYNa_Ca,-3329.286
ID_EHWYNa_Mg,-566.8878000000001
ID_EHWYNa_S,-16.594624000000007
ID_EHWYNa_Fe,-469.3322600000001
ID_EHWYNa_Mn,-449.35580000000004
ID_EHWYNa_Zn,-18.394652000000008
ID_EHWYNa_Cu,-3.5042559999999994
ID_EHWYNa_B,-0.6093160000000003
ID_RFnjUT_N,-5956.476000000001
ID_RFnjUT_P,16.269174000000007
ID_RFnjUT_K,-623.8872000000001
ID_RFnjUT_Ca,-4456.9128
ID_RFnjUT_Mg,-805.7286
ID_RFnjUT_S,-11.479690000000005
ID_RFnjUT_Fe,-444.2273800000001
ID_RFnjUT_Mn,-453.5632000000001
ID_RFnjUT_Zn,-19.418162
ID_RFnjUT_Cu,-3.2738300000000002
ID_RFnjUT_B,-0.6518260000000002
ID_hWQ2n2_N,-5942.840000000001
ID_hWQ2n2_P,16.810546000000002
ID_hWQ2n2_K,-707.2400000000001
ID_hWQ2n2_Ca,-3575.964000000001
ID_hWQ2n2_Mg,-603.4102000000001
ID_hWQ2n2_S,-10.498146000000009
ID_hWQ2n2_Fe,-453.85822
ID_hWQ2n2_Mn,-409.21442
ID_hWQ2n2_Zn,-18.735956000000005
ID_hWQ2n2_Cu,-3.1728459999999985
ID_hWQ2n2_B,-0.672802
ID_LQ7IkI_N,-5769.800000000001
ID_LQ7IkI_P,16.88670400000001
ID_LQ7IkI_K,-719.4008000000001
ID_LQ7IkI_Ca,-4108.5024
ID_LQ7IkI_Mg,-676.3744
ID_LQ7IkI_S,-11.868432000000013
ID_LQ7IkI_Fe,-450.2231200000001
ID_LQ7IkI_Mn,-456.7208000000001
ID_LQ7IkI_Zn,-18.295016
ID_LQ7IkI_Cu,-3.7832560000000015
ID_LQ7IkI_B,-0.6807520000000002
ID_Z1tQlc_N,-5799.8240000000005
ID_Z1tQlc_P,17.49906400000001
ID_Z1tQlc_K,-693.6968000000002
ID_Z1tQlc_Ca,-3384.6216000000004
ID_Z1tQlc_Mg,-579.0880000000001
ID_Z1tQlc_S,-17.20341600000001
ID_Z1tQlc_Fe,-471.44296000000014
ID_Z1tQlc_Mn,-415.32656000000003
ID_Z1tQlc_Zn,-15.972584000000003
ID_Z1tQlc_Cu,-3.4041759999999988
ID_Z1tQlc_B,-0.6211360000000002
ID_HRnSJf_N,-5586.8
ID_HRnSJf_P,17.34877000000001
ID_HRnSJf_K,-609.8780000000002
ID_HRnSJf_Ca,-3131.469000000001
ID_HRnSJf_Mg,-497.36500000000007
ID_HRnSJf_S,-16.9695
ID_HRnSJf_Fe,-449.6584
ID_HRnSJf_Mn,-398.5559000000001
ID_HRnSJf_Zn,-17.44244000000001
ID_HRnSJf_Cu,-3.11317
ID_HRnSJf_B,-0.5437
ID_UUTGI1_N,-5854.234
ID_UUTGI1_P,15.208822000000005
ID_UUTGI1_K,-730.8162
ID_UUTGI1_Ca,-3383.3936000000003
ID_UUTGI1_Mg,-571.9018
ID_UUTGI1_S,-18.412526000000003
ID_UUTGI1_Fe,-468.79380000000003
ID_UUTGI1_Mn,-453.31250000000006
ID_UUTGI1_Zn,-19.40072200000001
ID_UUTGI1_Cu,-3.585351999999999
ID_UUTGI1_B,-0.6341680000000004
ID_GPpKgH_N,-5769.8060000000005
ID_GPpKgH_P,14.547910000000005
ID_GPpKgH_K,-616.643
ID_GPpKgH_Ca,-3322.8904
ID_GPpKgH_Mg,-556.3180000000001
ID_GPpKgH_S,-16.73399400000001
ID_GPpKgH_Fe,-437.20664000000005
ID_GPpKgH_Mn,-446.44056000000006
ID_GPpKgH_Zn,-17.954352
ID_GPpKgH_Cu,-3.909656
ID_GPpKgH_B,-0.6670740000000002
ID_cAS9ZY_N,-6013.880000000001
ID_cAS9ZY_P,16.141438000000008
ID_cAS9ZY_K,-686.0390000000001
ID_cAS9ZY_Ca,-3557.982
ID_cAS9ZY_Mg,-618.5728000000001
ID_cAS9ZY_S,-11.997534000000012
ID_cAS9ZY_Fe,-481.70146000000005
ID_cAS9ZY_Mn,-448.7504
ID_cAS9ZY_Zn,-17.207708
ID_cAS9ZY_Cu,-3.3693159999999986
ID_cAS9ZY_B,-0.6554859999999999
ID_nn4OX4_N,-5817.8099999999995
ID_nn4OX4_P,17.27683000000001
ID_nn4OX4_K,-714.0948
ID_nn4OX4_Ca,-4458.1896
ID_nn4OX4_Mg,-762.208
ID_nn4OX4_S,-9.644246000000006
ID_nn4OX4_Fe,-470.68572000000006
ID_nn4OX4_Mn,-433.77990000000005
ID_nn4OX4_Zn,-18.683440000000004
ID_nn4OX4_Cu,-3.0209519999999985
ID_nn4OX4_B,-0.5959660000000001
ID_ugetZ9_N,-5620.736000000001
ID_ugetZ9_P,14.987488000000006
ID_ugetZ9_K,-813.6256000000002
ID_ugetZ9_Ca,-4788.006400000001
ID_ugetZ9_Mg,-884.192
ID_ugetZ9_S,-10.509088000000002
ID_ugetZ9_Fe,-501.90528000000006
ID_ugetZ9_Mn,-436.2163200000001
ID_ugetZ9_Zn,-15.443968000000003
ID_ugetZ9_Cu,-3.5195199999999978
ID_ugetZ9_B,-0.8269760000000005
ID_Eg71gI_N,-5775.416000000001
ID_Eg71gI_P,17.532328000000017
ID_Eg71gI_K,-716.0096000000001
ID_Eg71gI_Ca,-3859.9080000000004
ID_Eg71gI_Mg,-725.2120000000001
ID_Eg71gI_S,-11.470776000000004
ID_Eg71gI_Fe,-470.7755200000001
ID_Eg71gI_Mn,-421.78496000000007
ID_Eg71gI_Zn,-16.020104000000003
ID_Eg71gI_Cu,-3.4041759999999988
ID_Eg71gI_B,-0.6356080000000005
ID_F58bWR_N,-5471.720000000001
ID_F58bWR_P,16.966624000000007
ID_F58bWR_K,-610.2776000000002
ID_F58bWR_Ca,-4557.804
ID_F58bWR_Mg,-736.6168000000001
ID_F58bWR_S,-11.214384000000003
ID_F58bWR_Fe,-424.10224
ID_F58bWR_Mn,-413.3156
ID_F58bWR_Zn,-18.218768
ID_F58bWR_Cu,-3.3246880000000005
ID_F58bWR_B,-0.595864
ID_cqOyb2_N,-5872.464
ID_cqOyb2_P,16.34143600000001
ID_cqOyb2_K,-751.4164000000001
ID_cqOyb2_Ca,-3400.1188
ID_cqOyb2_Mg,-568.3432000000001
ID_cqOyb2_S,-11.192376000000003
ID_cqOyb2_Fe,-426.72556000000003
ID_cqOyb2_Mn,-462.19248000000005
ID_cqOyb2_Zn,-17.20681200000001
ID_cqOyb2_Cu,-3.7041920000000013
ID_cqOyb2_B,-0.6789600000000002
ID_gcZKsa_N,-5754.184000000001
ID_gcZKsa_P,-69.93607999999998
ID_gcZKsa_K,-1470.6314000000002
ID_gcZKsa_Ca,-5697.669800000001
ID_gcZKsa_Mg,-754.7602000000002
ID_gcZKsa_S,-9.374534000000008
ID_gcZKsa_Fe,-395.6478400000001
ID_gcZKsa_Mn,-461.9127600000001
ID_gcZKsa_Zn,-22.661710000000014
ID_gcZKsa_Cu,-3.794952000000001
ID_gcZKsa_B,-1.5763600000000004
ID_WWd142_N,-5545.534000000001
ID_WWd142_P,-7.956758000000029
ID_WWd142_K,-860.0038000000001
ID_WWd142_Ca,-6027.700600000001
ID_WWd142_Mg,-917.2504000000001
ID_WWd142_S,-12.164666
ID_WWd142_Fe,-426.28194000000013
ID_WWd142_Mn,-423.27078000000006
ID_WWd142_Zn,-19.946050000000014
ID_WWd142_Cu,-4.013018
ID_WWd142_B,-1.064258
ID_Ec4UVz_N,-5708.39
ID_Ec4UVz_P,13.212610000000005
ID_Ec4UVz_K,-677.8130000000001
ID_Ec4UVz_Ca,-4478.745000000001
ID_Ec4UVz_Mg,-748.777
ID_Ec4UVz_S,-10.534050000000004
ID_Ec4UVz_Fe,-439.06180000000006
ID_Ec4UVz_Mn,-460.9364000000001
ID_Ec4UVz_Zn,-18.58106
ID_Ec4UVz_Cu,-3.79063
ID_Ec4UVz_B,-0.7083400000000001
ID_681EWa_N,-5509.968000000001
ID_681EWa_P,18.81499200000001
ID_681EWa_K,-622.0864
ID_681EWa_Ca,-3211.3136000000004
ID_681EWa_Mg,-507.4032000000001
ID_681EWa_S,-15.879695999999996
ID_681EWa_Fe,-410.94016000000005
ID_681EWa_Mn,-378.73616
ID_681EWa_Zn,-16.302816000000004
ID_681EWa_Cu,-3.294192
ID_681EWa_B,-0.7056160000000001
ID_mCbTsV_N,-5328.512000000001
ID_mCbTsV_P,-14.83268000000001
ID_mCbTsV_K,-938.1008000000002
ID_mCbTsV_Ca,-5157.571200000001
ID_mCbTsV_Mg,-926.7184
ID_mCbTsV_S,-12.946703999999986
ID_mCbTsV_Fe,-406.96696
ID_mCbTsV_Mn,-369.00536000000005
ID_mCbTsV_Zn,-21.317720000000016
ID_mCbTsV_Cu,-4.238151999999998
ID_mCbTsV_B,-1.1369439999999995
ID_paV8zs_N,-4769.6900000000005
ID_paV8zs_P,-1.885130000000025
ID_paV8zs_K,-903.5210000000002
ID_paV8zs_Ca,-5772.303
ID_paV8zs_Mg,-753.0820000000001
ID_paV8zs_S,-8.16021000000001
ID_paV8zs_Fe,-342.1258
ID_paV8zs_Mn,-385.8614000000001
ID_paV8zs_Zn,-15.616489999999997
ID_paV8zs_Cu,-4.2244899999999985
ID_paV8zs_B,-1.3377100000000004
ID_5ifsCi_N,-5097.392000000001
ID_5ifsCi_P,-39.920432000000005
ID_5ifsCi_K,-1491.7736000000004
ID_5ifsCi_Ca,-7706.3496000000005
ID_5ifsCi_Mg,-1123.6888
ID_5ifsCi_S,-9.243384000000002
ID_5ifsCi_Fe,-388.21384000000006
ID_5ifsCi_Mn,-407.4555200000001
ID_5ifsCi_Zn,-18.476888000000006
ID_5ifsCi_Cu,-4.019343999999998
ID_5ifsCi_B,-1.385992
ID_mZTENs_N,-4768.2080000000005
ID_mZTENs_P,-16.92118400000001
ID_mZTENs_K,-1293.8960000000002
ID_mZTENs_Ca,-6510.4872000000005
ID_mZTENs_Mg,-1038.4552
ID_mZTENs_S,-8.512224000000003
ID_mZTENs_Fe,-365.20336000000003
ID_mZTENs_Mn,-400.0920800000001
ID_mZTENs_Zn,-18.652928
ID_mZTENs_Cu,-3.821703999999995
ID_mZTENs_B,-1.2667599999999999
ID_oxY8vm_N,-5920.136
ID_oxY8vm_P,11.512192000000002
ID_oxY8vm_K,-789.6008000000002
ID_oxY8vm_Ca,-4546.1832
ID_oxY8vm_Mg,-722.2312000000001
ID_oxY8vm_S,-11.016960000000005
ID_oxY8vm_Fe,-457.93647999999996
ID_oxY8vm_Mn,-471.6334400000001
ID_oxY8vm_Zn,-18.93524
ID_oxY8vm_Cu,-3.956056000000002
ID_oxY8vm_B,-0.6870160000000002
ID_aUAOl1_N,-5741.504000000001
ID_aUAOl1_P,16.409128000000006
ID_aUAOl1_K,-650.9072000000001
ID_aUAOl1_Ca,-3486.7464
ID_aUAOl1_Mg,-612.676
ID_aUAOl1_S,-11.150016000000008
ID_aUAOl1_Fe,-454.62088000000006
ID_aUAOl1_Mn,-438.40831999999995
ID_aUAOl1_Zn,-18.392864000000003
ID_aUAOl1_Cu,-3.4938160000000003
ID_aUAOl1_B,-0.5999680000000001
ID_6qaAmn_N,-5364.918000000001
ID_6qaAmn_P,10.290379999999985
ID_6qaAmn_K,-546.2370000000001
ID_6qaAmn_Ca,-3359.9338000000007
ID_6qaAmn_Mg,-677.2494000000002
ID_6qaAmn_S,-17.691857999999993
ID_6qaAmn_Fe,-455.47153999999995
ID_6qaAmn_Mn,-365.93590000000006
ID_6qaAmn_Zn,-20.308780000000013
ID_6qaAmn_Cu,-3.135189999999999
ID_6qaAmn_B,-0.6743500000000003
ID_oMn2Yb_N,-4242.032
ID_oMn2Yb_P,4.5569440000000085
ID_oMn2Yb_K,-1066.0664
ID_oMn2Yb_Ca,-5279.4468
ID_oMn2Yb_Mg,-737.0583999999999
ID_oMn2Yb_S,-10.289052000000012
ID_oMn2Yb_Fe,-416.953
ID_oMn2Yb_Mn,-376.313
ID_oMn2Yb_Zn,-9.271304
ID_oMn2Yb_Cu,-4.3885
ID_oMn2Yb_B,-1.198852
